mode,signal_mode,code,ATR_n,TPk,SLk,J_th,dJ_th,vEMA_th,TMAX,train_wins,train_losses,train_flats,train_trades,train_winrate,train_pf,train_pf_eff,train_exp_bp,train_slices_pass,train_slices_total,forward_wins,forward_losses,forward_flats,forward_trades,forward_winrate,forward_pf,forward_pf_eff,forward_exp_bp,forward_slices_pass,forward_slices_total,source
refine,j-cross,9983.T,2,2.5,1.0,0.6,0.0,0.0,60,4,17,0,21,0.1904761904761904,0.5882352941176471,0.5875769972257487,-0.3341333333333333,0,1,3,2,0,5,0.6,3.75,3.745803357314149,1.0992,1,1,RUN_refine_jcross_20251017_094133_chunk1
refine,j-cross,9433.T,2,2.5,0.8,0.6,0.0,0.0,60,5,13,2,20,0.25,1.2019230769230769,1.0402930402930404,0.0242,1,1,4,4,0,8,0.5,3.125,3.120879120879121,0.8492,1,1,RUN_refine_jcross_20251017_094133_chunk3
refine,j-only,9983.T,2,2.5,1.0,0.8,0.0,0.0,60,5,30,2,37,0.1351351351351351,0.4166666666666667,0.3901878497202238,-0.5278270270270269,0,1,7,3,2,12,0.5833333333333334,5.833333333333333,3.4960831334932063,1.040866666666667,1,1,RUN_refine_jonly_20251017_093823_chunk1
refine,j-only,4568.T,8,2.5,1.0,0.4,0.0,0.0,60,9,42,3,54,0.1666666666666666,0.5357142857142857,0.4994404476418865,-0.4174666666666666,0,1,5,2,2,9,0.5555555555555556,6.25,3.121502797761792,0.9436444444444448,1,1,RUN_refine_jonly_20251017_093823_chunk2
refine,j-only,8002.T,8,2.5,0.8,0.6,0.0,0.0,60,2,33,0,35,0.0571428571428571,0.1893939393939394,0.1891441891441891,-0.6122285714285715,0,1,2,1,2,5,0.4,6.25,2.0805860805860807,0.5192000000000001,1,1,RUN_refine_jonly_20251017_093823_chunk3
refine,j-only,9433.T,8,2.5,0.8,0.4,0.0,0.0,60,14,42,4,60,0.2333333333333333,1.0416666666666663,0.9498327759197326,-0.0307999999999999,0,1,7,11,2,20,0.35,1.9886363636363635,1.6804733727810646,0.3541999999999998,1,1,RUN_refine_jonly_20251017_093823_chunk3
refine,j-only,1540.T,1,2.0,0.8,0.6,0.0,0.0,60,10,15,2,27,0.3703703703703703,1.6666666666666667,1.4685314685314683,0.236237037037037,1,1,2,1,2,5,0.4,5.0,1.6643356643356644,0.3192,1,1,RUN_refine_jonly_20251017_093823_chunk1
refine,j-only,9432.T,8,2.5,0.8,0.4,0.0,0.0,60,17,36,2,55,0.3090909090909091,1.4756944444444444,1.396182764603817,0.2191999999999999,1,1,6,8,4,18,0.3333333333333333,2.34375,1.56043956043956,0.2991999999999998,1,1,RUN_refine_jonly_20251017_093823_chunk2
