mode,signal_mode,code,ATR_n,TPk,SLk,J_th,dJ_th,vEMA_th,TMAX,train_wins,train_losses,train_flats,train_trades,train_winrate,train_pf,train_pf_eff,train_exp_bp,train_slices_pass,train_slices_total,forward_wins,forward_losses,forward_flats,forward_trades,forward_winrate,forward_pf,forward_pf_eff,forward_exp_bp,forward_slices_pass,forward_slices_total
refine,j-only,4568.T,3,1.0,2.0,0.3,0.0,0.0,0,61,16,0,77,0.7922077922077922,1.0880044682305514,1.0880044682305516,1.4842200873528346,1,1,13,0,0,13,1.0,999.0,999.0,24.48928118626672,1,1
refine,j-only,285A.T,1,1.0,2.0,0.6,0.0,0.0,0,36,11,0,47,0.7659574468085106,1.4243848249306748,1.4243848249306748,15.64552545913622,1,1,12,0,0,12,1.0,999.0,999.0,45.68344888054926,1,1
refine,j-only,8411.T,8,1.5,2.0,1.0,0.0,0.0,0,31,10,0,41,0.7560975609756098,1.7197869968643356,1.7197869968643353,10.750771004583164,1,1,8,0,0,8,1.0,999.0,999.0,29.90133502692083,1,1
refine,j-only,1360.T,1,2.5,0.8,0.6,0.0,0.0,0,21,34,0,55,0.38181818181818183,1.270055556306483,1.270055556306483,4.297732093345407,1,1,7,0,0,7,1.0,999.0,999.0,60.79812299518637,1,1
refine,j-only,6861.T,1,1.5,0.8,1.0,0.0,0.0,0,21,20,0,41,0.5121951219512195,1.1004515008527873,1.100451500852787,0.8918001797053516,1,1,4,2,0,6,0.6666666666666666,1.6759106436329243,1.6759106436329243,4.524318170109613,1,1
refine,j-only,6758.T,8,2.0,1.2,0.3,0.0,0.0,0,34,40,0,74,0.4594594594594595,1.070795504207366,1.070795504207366,1.8118576159610298,1,1,17,11,0,28,0.6071428571428571,1.5516202726803678,1.5516202726803676,8.184517649603093,1,1
