mode,signal_mode,code,ATR_n,TPk,SLk,J_th,dJ_th,vEMA_th,TMAX,train_wins,train_losses,train_flats,train_trades,train_winrate,train_pf,train_pf_eff,train_exp_bp,train_slices_pass,train_slices_total,forward_wins,forward_losses,forward_flats,forward_trades,forward_winrate,forward_pf,forward_pf_eff,forward_exp_bp,forward_slices_pass,forward_slices_total
coarse,full,8001.T,5,1.5,1.5,0.8,0.05,0.01,60,17,12,2,31,0.5483870967741935,1.4166666666666667,1.2129911666159001,0.1443612903225806,0,2,6,3,0,9,0.6666666666666666,2.0,1.997867803837953,0.4992,1,2
coarse,full,8802.T,3,1.5,1.0,0.4,0.05,0.01,60,15,17,2,34,0.4411764705882353,1.3235294117647058,1.1826328410955447,0.10214117647058829,0,2,4,2,1,7,0.5714285714285714,3.0,1.9973354649613644,0.4277714285714286,1,2
coarse,full,6902.T,5,1.2,1.0,0.4,0.05,0.03,60,21,16,1,38,0.5526315789473685,1.575,1.4801805614332069,0.21498947368421067,0,2,9,5,1,15,0.6,2.1599999999999997,1.7973621103117507,0.31920000000000004,1,2
coarse,full,6861.T,1,1.5,1.5,1.0,0.01,0.05,60,20,23,0,43,0.46511627906976744,0.8695652173913043,0.8686381755817187,-0.10545116279069766,0,2,7,4,0,11,0.6363636363636364,1.75,1.7481343283582091,0.40829090909090915,1,2
coarse,full,8053.T,3,1.5,1.0,0.8,0.05,0.01,60,14,18,1,33,0.42424242424242425,1.1666666666666667,1.1037906516891753,0.05980606060606075,0,2,6,4,3,13,0.46153846153846156,2.25,1.2840013703323059,0.15304615384615394,0,2
