run,code,ATR_n,TPk,SLk,J_th,train_trades,train_pf_eff,train_exp_bp,forward_trades,forward_pf_eff,forward_exp_bp
AM10_jonly,6594.T,5,1.0,2.0,0.3,35,0.7473863425022965,-7.602126736677509,8,999.0,31.273352845357763
AM10_jonly,5801.T,8,2.5,0.8,0.8,18,1.9751775729530017,22.83521784562752,6,2.3827442659402216,26.43243200956918
AM10_jonly,8002.T,1,1.2,1.5,0.3,27,0.9391269843423476,-0.7858197355100869,10,2.062623245875844,5.149895922877545
