run,code,ATR_n,TPk,SLk,J_th,train_trades,train_pf_eff,train_exp_bp,forward_trades,forward_pf_eff,forward_exp_bp
AM10_jcross,8306.T,1,1.5,0.8,0.4,14,0.6529895181412381,-6.366232286602058,7,999.0,26.074969260962035
AM10_jcross,5706.T,1,1.2,1.2,0.4,9,1.41801358951233,12.01358620227223,6,999.0,78.70864016552297
AM10_jcross,6920.T,5,1.2,0.8,0.3,17,0.8019205500622549,-6.563082825837459,6,999.0,50.01582815565767
AM10_jcross,7735.T,1,1.2,1.5,0.6,11,2.6265343078880106,27.868321715706887,6,999.0,53.24619341951632
AM10_jcross,8316.T,5,1.5,2.0,0.3,15,0.7765929353664979,-4.716327229687284,6,999.0,31.222129076447057
AM10_jcross,4568.T,2,1.2,2.0,0.3,12,0.2779025554432884,-34.50324632490489,5,999.0,36.01410382400592
AM10_jcross,6525.T,1,1.2,2.0,0.6,8,0.50013567710069,-47.32261712078044,5,999.0,45.38673458162904
AM10_jcross,1579.T,8,1.5,1.0,0.4,2,0.0,-30.011570277986657,5,1.9253747791737308,15.087441683915417
