code,mode,signal_mode,session,ATR_n,TPk,SLk,J_th,forward_pf_eff,forward_exp_bp,ts,date,side,pnl_bp,bars,gap_bp,gap_bucket,market_ret_5m,market_bias,vol_spike,repeat_index,j_abs,j_range,sector_code,batch_folder,batch_kind,run_path,ts_exit,win
6857.T,refine,j-cross,AM15,5,2.5,1.5,1.6,12.242597771214529,63.33212742748539,2025-10-01 00:18:00+00:00,2025-10-01,BUY,62.43030155416318,17,-33.97893306150187,<80bp,0.0,neutral,0.0,1,1.8523965003677465,17.894166778094945,68,NIGHTLY_20251104_partial,nightly,NIGHTLY_20251104_partial\RUN_refine_AM0930_j-cross,2025-10-01 00:35:00+00:00,True
6857.T,refine,j-cross,AM15,5,2.5,1.5,1.6,12.242597771214529,63.33212742748539,2025-10-01 00:23:00+00:00,2025-10-01,BUY,66.99711881612106,12,-33.97893306150187,<80bp,0.0,neutral,1.2351945854483926,2,1.7698834542798725,17.894166778094945,68,NIGHTLY_20251104_partial,nightly,NIGHTLY_20251104_partial\RUN_refine_AM0930_j-cross,2025-10-01 00:35:00+00:00,True
6857.T,refine,j-cross,AM15,5,2.5,1.5,1.6,12.242597771214529,63.33212742748539,2025-10-03 00:17:00+00:00,2025-10-03,SELL,-50.69906070167915,3,0.0,<80bp,0.0,neutral,0.0,1,1.609276075387174,11.210689135807703,68,NIGHTLY_20251104_partial,nightly,NIGHTLY_20251104_partial\RUN_refine_AM0930_j-cross,2025-10-03 00:20:00+00:00,False
6857.T,refine,j-cross,AM15,5,2.5,1.5,1.6,12.242597771214529,63.33212742748539,2025-10-10 00:25:00+00:00,2025-10-10,SELL,64.84404089756747,23,-19.46607341490545,<80bp,12.987214353157306,neutral,1.3219508573973722,1,1.6638163494665557,10.657675124740187,68,NIGHTLY_20251104_partial,nightly,NIGHTLY_20251104_partial\RUN_refine_AM0930_j-cross,2025-10-10 00:48:00+00:00,True
6857.T,refine,j-cross,AM15,5,2.5,1.5,1.6,12.242597771214529,63.33212742748539,2025-10-10 00:28:00+00:00,2025-10-10,SELL,64.62259724339037,20,-19.46607341490545,<80bp,3.407270318565025,neutral,1.3088865096359743,2,1.6160760369764973,10.657675124740187,68,NIGHTLY_20251104_partial,nightly,NIGHTLY_20251104_partial\RUN_refine_AM0930_j-cross,2025-10-10 00:48:00+00:00,True
6857.T,refine,j-cross,AM15,5,2.5,1.5,1.6,12.242597771214529,63.33212742748539,2025-10-15 00:17:00+00:00,2025-10-15,SELL,98.43992638094583,53,5.901445854234288,<80bp,13.249242858937029,neutral,0.0,1,1.606298926919472,1.606298926919472,68,NIGHTLY_20251104_partial,nightly,NIGHTLY_20251104_partial\RUN_refine_AM0930_j-cross,2025-10-15 01:10:00+00:00,True
6857.T,refine,j-cross,AM15,5,2.5,1.5,1.6,12.242597771214529,63.33212742748539,2025-10-15 00:19:00+00:00,2025-10-15,SELL,88.48012635397195,48,5.901445854234288,<80bp,-0.9163484095842112,neutral,0.7759237187127532,2,2.084486242381602,2.084486242381602,68,NIGHTLY_20251104_partial,nightly,NIGHTLY_20251104_partial\RUN_refine_AM0930_j-cross,2025-10-15 01:07:00+00:00,True
6857.T,refine,j-cross,AM15,5,2.5,1.5,1.6,12.242597771214529,63.33212742748539,2025-10-15 00:24:00+00:00,2025-10-15,SELL,100.71241638765564,43,5.901445854234288,<80bp,11.128107553035615,neutral,0.940504994106334,3,1.8217621077152253,2.09732364399012,68,NIGHTLY_20251104_partial,nightly,NIGHTLY_20251104_partial\RUN_refine_AM0930_j-cross,2025-10-15 01:07:00+00:00,True
6857.T,refine,j-cross,AM15,5,2.5,1.5,1.6,12.242597771214529,63.33212742748539,2025-10-15 00:28:00+00:00,2025-10-15,SELL,74.16167991523209,10,5.901445854234288,<80bp,12.741675673213493,neutral,0.6252972972972973,4,2.193591685171765,2.193591685171765,68,NIGHTLY_20251104_partial,nightly,NIGHTLY_20251104_partial\RUN_refine_AM0930_j-cross,2025-10-15 00:38:00+00:00,True
6857.T,refine,j-cross,AM15,20,2.0,5.0,1.3,8.727104795358919,44.05404555453031,2025-10-01 00:10:00+00:00,2025-10-01,BUY,26.942999399894795,26,-33.97893306150187,<80bp,0.0,neutral,0.0,1,1.7176285708477408,16.152334854308883,68,NIGHTLY_20251104_partial,nightly,NIGHTLY_20251104_partial\RUN_refine_AM0945_j-cross,2025-10-01 00:36:00+00:00,True
6857.T,refine,j-cross,AM15,20,2.0,5.0,1.3,8.727104795358919,44.05404555453031,2025-10-01 00:18:00+00:00,2025-10-01,BUY,35.92609112768949,12,-33.97893306150187,<80bp,0.0,neutral,0.0,2,2.5622112482664203,16.152334854308883,68,NIGHTLY_20251104_partial,nightly,NIGHTLY_20251104_partial\RUN_refine_AM0945_j-cross,2025-10-01 00:30:00+00:00,True
6857.T,refine,j-cross,AM15,20,2.0,5.0,1.3,8.727104795358919,44.05404555453031,2025-10-01 00:21:00+00:00,2025-10-01,BUY,38.08819117028045,14,-33.97893306150187,<80bp,0.0,neutral,0.8464519976147883,3,1.859005752066573,16.152334854308883,68,NIGHTLY_20251104_partial,nightly,NIGHTLY_20251104_partial\RUN_refine_AM0945_j-cross,2025-10-01 00:35:00+00:00,True
6857.T,refine,j-cross,AM15,20,2.0,5.0,1.3,8.727104795358919,44.05404555453031,2025-10-01 00:35:00+00:00,2025-10-01,SELL,38.56988239029868,116,-33.97893306150187,<80bp,0.0,neutral,1.584368026549179,1,1.6702985760258966,16.152334854308883,68,NIGHTLY_20251104_partial,nightly,NIGHTLY_20251104_partial\RUN_refine_AM0945_j-cross,2025-10-01 02:31:00+00:00,True
6857.T,refine,j-cross,AM15,20,2.0,5.0,1.3,8.727104795358919,44.05404555453031,2025-10-01 00:41:00+00:00,2025-10-01,SELL,38.92888783050601,110,-33.97893306150187,<80bp,0.0,neutral,0.6211612739821439,2,1.5765787887017289,16.152334854308883,68,NIGHTLY_20251104_partial,nightly,NIGHTLY_20251104_partial\RUN_refine_AM0945_j-cross,2025-10-01 02:31:00+00:00,True
6857.T,refine,j-cross,AM15,20,2.0,5.0,1.3,8.727104795358919,44.05404555453031,2025-10-03 00:09:00+00:00,2025-10-03,BUY,27.344312532891287,1,0.0,<80bp,0.0,neutral,0.0,1,2.9424904921113537,11.32964584588222,68,NIGHTLY_20251104_partial,nightly,NIGHTLY_20251104_partial\RUN_refine_AM0945_j-cross,2025-10-03 00:10:00+00:00,True
6857.T,refine,j-cross,AM15,20,2.0,5.0,1.3,8.727104795358919,44.05404555453031,2025-10-03 00:15:00+00:00,2025-10-03,SELL,-114.02471357963246,5,0.0,<80bp,0.0,neutral,0.0,1,1.8905259049904592,11.32964584588222,68,NIGHTLY_20251104_partial,nightly,NIGHTLY_20251104_partial\RUN_refine_AM0945_j-cross,2025-10-03 00:20:00+00:00,False
6857.T,refine,j-cross,AM15,20,2.0,5.0,1.3,8.727104795358919,44.05404555453031,2025-10-09 00:09:00+00:00,2025-10-09,BUY,34.50413364212234,1,-27.75464890369137,<80bp,-17.959227659888334,down,0.0,1,2.242533650817837,7.414014289505476,68,NIGHTLY_20251104_partial,nightly,NIGHTLY_20251104_partial\RUN_refine_AM0945_j-cross,2025-10-09 00:10:00+00:00,True
6857.T,refine,j-cross,AM15,20,2.0,5.0,1.3,8.727104795358919,44.05404555453031,2025-10-09 00:28:00+00:00,2025-10-09,SELL,60.834060299917866,14,-27.75464890369137,<80bp,-0.0097040530677716,neutral,0.6647588765235825,1,1.8310754253434811,7.414014289505476,68,NIGHTLY_20251104_partial,nightly,NIGHTLY_20251104_partial\RUN_refine_AM0945_j-cross,2025-10-09 00:42:00+00:00,True
6857.T,refine,j-cross,AM15,20,2.0,5.0,1.3,8.727104795358919,44.05404555453031,2025-10-09 00:30:00+00:00,2025-10-09,SELL,59.19081497339607,12,-27.75464890369137,<80bp,-3.7148541988485375,neutral,0.5889084507042254,2,1.7129175715790996,7.414014289505476,68,NIGHTLY_20251104_partial,nightly,NIGHTLY_20251104_partial\RUN_refine_AM0945_j-cross,2025-10-09 00:42:00+00:00,True
6857.T,refine,j-cross,AM15,20,2.0,5.0,1.3,8.727104795358919,44.05404555453031,2025-10-10 00:25:00+00:00,2025-10-10,SELL,45.07574911373433,21,-19.46607341490545,<80bp,12.987214353157306,neutral,1.3219508573973722,1,1.9020083889778148,7.414014289505476,68,NIGHTLY_20251104_partial,nightly,NIGHTLY_20251104_partial\RUN_refine_AM0945_j-cross,2025-10-10 00:46:00+00:00,True
6857.T,refine,j-cross,AM15,20,2.0,5.0,1.3,8.727104795358919,44.05404555453031,2025-10-10 00:28:00+00:00,2025-10-10,SELL,45.57025372932381,18,-19.46607341490545,<80bp,3.407270318565025,neutral,1.3088865096359743,2,1.8191574153917929,7.414014289505476,68,NIGHTLY_20251104_partial,nightly,NIGHTLY_20251104_partial\RUN_refine_AM0945_j-cross,2025-10-10 00:46:00+00:00,True
6857.T,refine,j-cross,AM15,20,2.0,5.0,1.3,8.727104795358919,44.05404555453031,2025-10-10 00:30:00+00:00,2025-10-10,SELL,47.488009505065584,15,-19.46607341490545,<80bp,-16.833574884487223,down,0.9983660130718954,3,1.7554752089020365,7.414014289505476,68,NIGHTLY_20251104_partial,nightly,NIGHTLY_20251104_partial\RUN_refine_AM0945_j-cross,2025-10-10 00:45:00+00:00,True
6857.T,refine,j-cross,AM15,20,2.0,5.0,1.3,8.727104795358919,44.05404555453031,2025-10-10 00:37:00+00:00,2025-10-10,SELL,49.44084790091862,8,-19.46607341490545,<80bp,7.863732768105258,neutral,0.9596541786743517,4,1.6380689103423844,7.414014289505476,68,NIGHTLY_20251104_partial,nightly,NIGHTLY_20251104_partial\RUN_refine_AM0945_j-cross,2025-10-10 00:45:00+00:00,True
6857.T,refine,j-cross,AM15,20,2.0,5.0,1.3,8.727104795358919,44.05404555453031,2025-10-10 00:40:00+00:00,2025-10-10,SELL,45.91413513045303,5,-19.46607341490545,<80bp,-13.64856149135618,neutral,1.0085448761928522,5,1.5655926920666097,7.414014289505476,68,NIGHTLY_20251104_partial,nightly,NIGHTLY_20251104_partial\RUN_refine_AM0945_j-cross,2025-10-10 00:45:00+00:00,True
6857.T,refine,j-cross,AM15,20,2.0,5.0,1.3,8.727104795358919,44.05404555453031,2025-10-15 00:17:00+00:00,2025-10-15,SELL,95.48482889799774,52,5.901445854234288,<80bp,13.249242858937029,neutral,0.0,1,1.3235708891607767,1.3235708891607767,68,NIGHTLY_20251104_partial,nightly,NIGHTLY_20251104_partial\RUN_refine_AM0945_j-cross,2025-10-15 01:09:00+00:00,True
6857.T,refine,j-cross,AM15,20,2.0,5.0,1.3,8.727104795358919,44.05404555453031,2025-10-15 00:19:00+00:00,2025-10-15,SELL,92.78341268242778,50,5.901445854234288,<80bp,-0.9163484095842112,neutral,0.7759237187127532,2,1.584377331832154,1.584377331832154,68,NIGHTLY_20251104_partial,nightly,NIGHTLY_20251104_partial\RUN_refine_AM0945_j-cross,2025-10-15 01:09:00+00:00,True
6857.T,refine,j-cross,AM15,20,2.0,5.0,1.3,8.727104795358919,44.05404555453031,2025-10-15 00:23:00+00:00,2025-10-15,SELL,89.26051522683517,46,5.901445854234288,<80bp,5.199583204724689,neutral,0.5937113469175185,3,1.3357280449305435,1.6547722154417357,68,NIGHTLY_20251104_partial,nightly,NIGHTLY_20251104_partial\RUN_refine_AM0945_j-cross,2025-10-15 01:09:00+00:00,True
6857.T,refine,j-cross,AM15,20,2.0,5.0,1.3,8.727104795358919,44.05404555453031,2025-10-15 00:28:00+00:00,2025-10-15,SELL,81.68172968913339,12,5.901445854234288,<80bp,12.741675673213493,neutral,0.6252972972972973,4,1.5856962416969884,1.6547722154417357,68,NIGHTLY_20251104_partial,nightly,NIGHTLY_20251104_partial\RUN_refine_AM0945_j-cross,2025-10-15 00:40:00+00:00,True
6857.T,refine,j-cross,AM15,20,2.0,5.0,1.3,8.727104795358919,44.05404555453031,2025-10-16 00:15:00+00:00,2025-10-16,SELL,42.076769427352126,9,-63.2183908045977,<80bp,8.243803028282759,neutral,0.0,1,1.9251445738876225,6.86336666745915,68,NIGHTLY_20251104_partial,nightly,NIGHTLY_20251104_partial\RUN_refine_AM0945_j-cross,2025-10-16 00:24:00+00:00,True
8035.T,refine,j-cross,AM15,1,1.0,4.0,1.1,999.0,13.159651424731944,2025-10-01 00:10:00+00:00,2025-10-01,BUY,25.06048841454706,31,-36.018957345971565,<80bp,0.0,neutral,0.0,1,1.1893413775766557,20.760333923602595,80,NIGHTLY_20251104_partial,nightly,NIGHTLY_20251104_partial\RUN_refine_AM0945_j-cross,2025-10-01 00:41:00+00:00,True
8035.T,refine,j-cross,AM15,1,1.0,4.0,1.1,999.0,13.159651424731944,2025-10-01 00:14:00+00:00,2025-10-01,BUY,9.460160109605244,2,-36.018957345971565,<80bp,0.0,neutral,0.0,2,1.1755418260272967,20.760333923602595,80,NIGHTLY_20251104_partial,nightly,NIGHTLY_20251104_partial\RUN_refine_AM0945_j-cross,2025-10-01 00:16:00+00:00,True
8035.T,refine,j-cross,AM15,1,1.0,4.0,1.1,999.0,13.159651424731944,2025-10-01 00:18:00+00:00,2025-10-01,BUY,28.73116921319624,15,-36.018957345971565,<80bp,0.0,neutral,0.0,3,1.492519890639879,20.760333923602595,80,NIGHTLY_20251104_partial,nightly,NIGHTLY_20251104_partial\RUN_refine_AM0945_j-cross,2025-10-01 00:33:00+00:00,True
8035.T,refine,j-cross,AM15,1,1.0,4.0,1.1,999.0,13.159651424731944,2025-10-01 00:28:00+00:00,2025-10-01,BUY,9.73354818538824,2,-36.018957345971565,<80bp,0.0,neutral,0.7427884615384616,4,1.2456430288461786,20.760333923602595,80,NIGHTLY_20251104_partial,nightly,NIGHTLY_20251104_partial\RUN_refine_AM0945_j-cross,2025-10-01 00:30:00+00:00,True
8035.T,refine,j-cross,AM15,1,1.0,4.0,1.1,999.0,13.159651424731944,2025-10-01 00:33:00+00:00,2025-10-01,SELL,18.912075051354964,46,-36.018957345971565,<80bp,0.0,neutral,0.899337251469301,1,1.1139355829864923,20.760333923602595,80,NIGHTLY_20251104_partial,nightly,NIGHTLY_20251104_partial\RUN_refine_AM0945_j-cross,2025-10-01 01:19:00+00:00,True
8035.T,refine,j-cross,AM15,1,1.0,4.0,1.1,999.0,13.159651424731944,2025-10-01 00:37:00+00:00,2025-10-01,SELL,8.975742140163593,36,-36.018957345971565,<80bp,0.0,neutral,0.3714042966379415,2,1.8078786480562483,20.760333923602595,80,NIGHTLY_20251104_partial,nightly,NIGHTLY_20251104_partial\RUN_refine_AM0945_j-cross,2025-10-01 01:13:00+00:00,True
8035.T,refine,j-cross,AM15,1,1.0,4.0,1.1,999.0,13.159651424731944,2025-10-01 00:40:00+00:00,2025-10-01,SELL,31.570183467632265,33,-36.018957345971565,<80bp,0.0,neutral,0.8496978851963746,3,1.3264592933947643,20.760333923602595,80,NIGHTLY_20251104_partial,nightly,NIGHTLY_20251104_partial\RUN_refine_AM0945_j-cross,2025-10-01 01:13:00+00:00,True
8035.T,refine,j-cross,AM15,1,1.0,4.0,1.1,999.0,13.159651424731944,2025-10-10 00:16:00+00:00,2025-10-10,SELL,42.15422821866956,7,-65.56825823806321,<80bp,-6.278688065627369,neutral,0.0,1,1.5337390711478291,56.576690211907405,80,NIGHTLY_20251104_partial,nightly,NIGHTLY_20251104_partial\RUN_refine_AM0945_j-cross,2025-10-10 00:23:00+00:00,True
8035.T,refine,j-cross,AM15,1,1.0,4.0,1.1,999.0,13.159651424731944,2025-10-10 00:35:00+00:00,2025-10-10,SELL,4.032542929393493,1,-65.56825823806321,<80bp,5.679358754346886,neutral,0.5725490196078431,2,1.221979458450057,56.576690211907405,80,NIGHTLY_20251104_partial,nightly,NIGHTLY_20251104_partial\RUN_refine_AM0945_j-cross,2025-10-10 00:36:00+00:00,True
8035.T,refine,j-cross,AM15,1,1.0,4.0,1.1,999.0,13.159651424731944,2025-10-15 00:31:00+00:00,2025-10-15,BUY,4.641237691449023,19,22.915564956812972,<80bp,2.92811179328778,neutral,0.4797200287150036,1,1.274048815506103,1.274048815506103,80,NIGHTLY_20251104_partial,nightly,NIGHTLY_20251104_partial\RUN_refine_AM0945_j-cross,2025-10-15 00:50:00+00:00,True
8035.T,refine,j-cross,AM15,1,1.0,4.0,1.1,999.0,13.159651424731944,2025-10-15 00:35:00+00:00,2025-10-15,BUY,3.655408524641112,2,22.915564956812972,<80bp,-15.479929929292924,down,0.4704344985298921,2,1.7878961123815922,1.9151808456444268,80,NIGHTLY_20251104_partial,nightly,NIGHTLY_20251104_partial\RUN_refine_AM0945_j-cross,2025-10-15 00:37:00+00:00,True
8035.T,refine,j-cross,AM15,1,1.0,4.0,1.1,999.0,13.159651424731944,2025-10-15 00:39:00+00:00,2025-10-15,BUY,4.3282632887800965,4,22.915564956812972,<80bp,-8.603338171382369,neutral,0.3633405639913232,3,3.75350037965065,3.75350037965065,80,NIGHTLY_20251104_partial,nightly,NIGHTLY_20251104_partial\RUN_refine_AM0945_j-cross,2025-10-15 00:43:00+00:00,True
8035.T,refine,j-cross,AM15,1,1.0,4.0,1.1,999.0,13.159651424731944,2025-10-15 00:44:00+00:00,2025-10-15,BUY,4.19955852138297,1,22.915564956812972,<80bp,5.303510368652731,neutral,0.5094108019639935,4,2.124477227813744,3.75350037965065,80,NIGHTLY_20251104_partial,nightly,NIGHTLY_20251104_partial\RUN_refine_AM0945_j-cross,2025-10-15 00:45:00+00:00,True
8035.T,refine,j-cross,AM15,1,1.0,4.0,1.1,999.0,13.159651424731944,2025-10-21 00:16:00+00:00,2025-10-21,SELL,8.393481123831307,12,9.572431397574984,<80bp,25.917344012313936,up,0.0,1,1.24646408839777,1.24646408839777,80,NIGHTLY_20251104_partial,nightly,NIGHTLY_20251104_partial\RUN_refine_AM0945_j-cross,2025-10-21 00:28:00+00:00,True
8035.T,refine,j-cross,AM15,1,1.0,4.0,1.1,999.0,13.159651424731944,2025-10-21 00:18:00+00:00,2025-10-21,SELL,19.594730538922597,3,9.572431397574984,<80bp,14.296021963480232,neutral,0.0,2,1.6194610778442893,1.6194610778442893,80,NIGHTLY_20251104_partial,nightly,NIGHTLY_20251104_partial\RUN_refine_AM0945_j-cross,2025-10-21 00:21:00+00:00,True
8035.T,refine,j-cross,AM15,1,1.0,4.0,1.1,999.0,13.159651424731944,2025-10-21 00:22:00+00:00,2025-10-21,SELL,5.470321559856432,2,9.572431397574984,<80bp,1.5207574332820606,neutral,0.5059225055209797,3,1.435655490865247,2.0194535519125565,80,NIGHTLY_20251104_partial,nightly,NIGHTLY_20251104_partial\RUN_refine_AM0945_j-cross,2025-10-21 00:24:00+00:00,True
8035.T,refine,j-cross,AM15,1,1.0,4.0,1.1,999.0,13.159651424731944,2025-10-21 00:33:00+00:00,2025-10-21,BUY,8.883023842133834,21,9.572431397574984,<80bp,-10.660979971750528,neutral,0.6455252325049551,1,1.4251562738222128,2.0194535519125565,80,NIGHTLY_20251104_partial,nightly,NIGHTLY_20251104_partial\RUN_refine_AM0945_j-cross,2025-10-21 00:54:00+00:00,True
8035.T,refine,j-cross,AM15,1,1.0,4.0,1.1,999.0,13.159651424731944,2025-10-21 00:36:00+00:00,2025-10-21,BUY,11.875559893579624,18,9.572431397574984,<80bp,-9.47031237632956,neutral,0.3596903930793747,2,1.2904014966182027,2.0194535519125565,80,NIGHTLY_20251104_partial,nightly,NIGHTLY_20251104_partial\RUN_refine_AM0945_j-cross,2025-10-21 00:54:00+00:00,True
8035.T,refine,j-cross,AM15,1,1.0,4.0,1.1,999.0,13.159651424731944,2025-10-21 00:42:00+00:00,2025-10-21,BUY,18.69718538300135,12,9.572431397574984,<80bp,9.148272107124544,neutral,0.9044117647058824,3,1.3323309893905844,2.0194535519125565,80,NIGHTLY_20251104_partial,nightly,NIGHTLY_20251104_partial\RUN_refine_AM0945_j-cross,2025-10-21 00:54:00+00:00,True
8035.T,refine,j-cross,AM15,1,1.0,4.0,1.1,999.0,13.159651424731944,2025-10-22 00:25:00+00:00,2025-10-22,SELL,4.616900647606471,2,-42.13938411669368,<80bp,2.4145087559857004,neutral,0.4754735308402136,1,3.024040796503201,15.836827328029903,80,NIGHTLY_20251104_partial,nightly,NIGHTLY_20251104_partial\RUN_refine_AM0945_j-cross,2025-10-22 00:27:00+00:00,True
8035.T,refine,j-cross,AM15,1,1.0,4.0,1.1,999.0,13.159651424731944,2025-10-22 00:28:00+00:00,2025-10-22,SELL,3.3668711742353423,2,-42.13938411669368,<80bp,19.21648865891301,up,0.329388119696293,2,2.167857674557065,15.836827328029903,80,NIGHTLY_20251104_partial,nightly,NIGHTLY_20251104_partial\RUN_refine_AM0945_j-cross,2025-10-22 00:30:00+00:00,True
8035.T,refine,j-only,AM15,1,1.0,5.0,2.25,1627.109778825572,9.905775024345594,2025-10-01 00:19:00+00:00,2025-10-01,BUY,12.025740198781024,13,-36.018957345971565,<80bp,0.0,neutral,0.9806201550387597,1,2.51090439276486,20.760333923602595,80,NIGHTLY_20251104_partial,nightly,NIGHTLY_20251104_partial\RUN_refine_AM0945_j-only,2025-10-01 00:32:00+00:00,True
8035.T,refine,j-only,AM15,1,1.0,5.0,2.25,1627.109778825572,9.905775024345594,2025-10-01 00:20:00+00:00,2025-10-01,BUY,11.777324852285258,12,-36.018957345971565,<80bp,0.0,neutral,1.1475173902614535,2,2.423650755576891,20.760333923602595,80,NIGHTLY_20251104_partial,nightly,NIGHTLY_20251104_partial\RUN_refine_AM0945_j-only,2025-10-01 00:32:00+00:00,True
8035.T,refine,j-only,AM15,1,1.0,5.0,2.25,1627.109778825572,9.905775024345594,2025-10-01 00:22:00+00:00,2025-10-01,BUY,11.946143183345765,6,-36.018957345971565,<80bp,0.0,neutral,0.9339622641509432,3,4.181783223954062,20.760333923602595,80,NIGHTLY_20251104_partial,nightly,NIGHTLY_20251104_partial\RUN_refine_AM0945_j-only,2025-10-01 00:28:00+00:00,True
8035.T,refine,j-only,AM15,1,1.0,5.0,2.25,1627.109778825572,9.905775024345594,2025-10-01 00:23:00+00:00,2025-10-01,BUY,9.735706041350578,4,-36.018957345971565,<80bp,0.0,neutral,0.9512955386713424,4,5.771511137086781,20.760333923602595,80,NIGHTLY_20251104_partial,nightly,NIGHTLY_20251104_partial\RUN_refine_AM0945_j-only,2025-10-01 00:27:00+00:00,True
8035.T,refine,j-only,AM15,1,1.0,5.0,2.25,1627.109778825572,9.905775024345594,2025-10-01 00:24:00+00:00,2025-10-01,BUY,26.77559674431009,2,-36.018957345971565,<80bp,0.0,neutral,1.3243587411315263,5,2.6161863690355163,20.760333923602595,80,NIGHTLY_20251104_partial,nightly,NIGHTLY_20251104_partial\RUN_refine_AM0945_j-only,2025-10-01 00:26:00+00:00,True
8035.T,refine,j-only,AM15,1,1.0,5.0,2.25,1627.109778825572,9.905775024345594,2025-10-01 00:26:00+00:00,2025-10-01,BUY,18.047074106787356,1,-36.018957345971565,<80bp,0.0,neutral,0.5619915392124959,6,2.483804350546919,20.760333923602595,80,NIGHTLY_20251104_partial,nightly,NIGHTLY_20251104_partial\RUN_refine_AM0945_j-only,2025-10-01 00:27:00+00:00,True
8035.T,refine,j-only,AM15,1,1.0,5.0,2.25,1627.109778825572,9.905775024345594,2025-10-01 00:41:00+00:00,2025-10-01,SELL,13.689953296698878,29,-36.018957345971565,<80bp,0.0,neutral,0.6794888017208656,1,2.454447629202795,20.760333923602595,80,NIGHTLY_20251104_partial,nightly,NIGHTLY_20251104_partial\RUN_refine_AM0945_j-only,2025-10-01 01:10:00+00:00,True
8035.T,refine,j-only,AM15,1,1.0,5.0,2.25,1627.109778825572,9.905775024345594,2025-10-01 00:42:00+00:00,2025-10-01,SELL,8.412537596909004,28,-36.018957345971565,<80bp,0.0,neutral,0.3283660820255835,2,2.7255226109215074,20.760333923602595,80,NIGHTLY_20251104_partial,nightly,NIGHTLY_20251104_partial\RUN_refine_AM0945_j-only,2025-10-01 01:10:00+00:00,True
8035.T,refine,j-only,AM15,1,1.0,5.0,2.25,1627.109778825572,9.905775024345594,2025-10-01 00:44:00+00:00,2025-10-01,SELL,7.099596619811621,4,-36.018957345971565,<80bp,0.0,neutral,0.350067842605156,3,4.352843503528493,20.760333923602595,80,NIGHTLY_20251104_partial,nightly,NIGHTLY_20251104_partial\RUN_refine_AM0945_j-only,2025-10-01 00:48:00+00:00,True
8035.T,refine,j-only,AM15,1,1.0,5.0,2.25,1627.109778825572,9.905775024345594,2025-10-01 00:45:00+00:00,2025-10-01,SELL,6.042037396300875,3,-36.018957345971565,<80bp,0.0,neutral,0.3878771027387738,4,5.371569534381706,20.760333923602595,80,NIGHTLY_20251104_partial,nightly,NIGHTLY_20251104_partial\RUN_refine_AM0945_j-only,2025-10-01 00:48:00+00:00,True
8035.T,refine,j-only,AM15,1,1.0,5.0,2.25,1627.109778825572,9.905775024345594,2025-10-10 00:17:00+00:00,2025-10-10,SELL,22.10577074632876,2,-65.56825823806321,<80bp,-0.5761706937146283,neutral,0.0,1,3.0558365139949277,56.576690211907405,80,NIGHTLY_20251104_partial,nightly,NIGHTLY_20251104_partial\RUN_refine_AM0945_j-only,2025-10-10 00:19:00+00:00,True
8035.T,refine,j-only,AM15,1,1.0,5.0,2.25,1627.109778825572,9.905775024345594,2025-10-10 00:18:00+00:00,2025-10-10,SELL,14.460602445012416,1,-65.56825823806321,<80bp,-7.777253144224394,neutral,0.0,2,4.503187250996052,56.576690211907405,80,NIGHTLY_20251104_partial,nightly,NIGHTLY_20251104_partial\RUN_refine_AM0945_j-only,2025-10-10 00:19:00+00:00,True
8035.T,refine,j-only,AM15,1,1.0,5.0,2.25,1627.109778825572,9.905775024345594,2025-10-15 00:39:00+00:00,2025-10-15,BUY,2.807099267616076,4,22.915564956812972,<80bp,-8.603338171382369,neutral,0.3633405639913232,1,3.75350037965065,3.75350037965065,80,NIGHTLY_20251104_partial,nightly,NIGHTLY_20251104_partial\RUN_refine_AM0945_j-only,2025-10-15 00:43:00+00:00,True
8035.T,refine,j-only,AM15,1,1.0,5.0,2.25,1627.109778825572,9.905775024345594,2025-10-15 00:42:00+00:00,2025-10-15,BUY,2.3448570480626554,1,22.915564956812972,<80bp,-23.98953592987252,down,0.4665002879631407,2,3.404045261669089,3.75350037965065,80,NIGHTLY_20251104_partial,nightly,NIGHTLY_20251104_partial\RUN_refine_AM0945_j-only,2025-10-15 00:43:00+00:00,True
8035.T,refine,j-only,AM15,1,1.0,5.0,2.25,1627.109778825572,9.905775024345594,2025-10-21 00:43:00+00:00,2025-10-21,BUY,5.158735638852296,10,9.572431397574984,<80bp,15.636364380411385,up,0.5378151260504201,1,2.3863996586198484,2.3863996586198484,80,NIGHTLY_20251104_partial,nightly,NIGHTLY_20251104_partial\RUN_refine_AM0945_j-only,2025-10-21 00:53:00+00:00,True
8035.T,refine,j-only,AM15,1,1.0,5.0,2.25,1627.109778825572,9.905775024345594,2025-10-21 00:44:00+00:00,2025-10-21,BUY,-0.1096506230760123,9,9.572431397574984,<80bp,15.610368967278188,up,0.3252032520325203,2,3.747214821990746,3.747214821990746,80,NIGHTLY_20251104_partial,nightly,NIGHTLY_20251104_partial\RUN_refine_AM0945_j-only,2025-10-21 00:53:00+00:00,False
8035.T,refine,j-only,AM15,1,1.0,5.0,2.25,1627.109778825572,9.905775024345594,2025-10-22 00:25:00+00:00,2025-10-22,SELL,2.9279319791982097,2,-42.13938411669368,<80bp,2.4145087559857004,neutral,0.4754735308402136,1,3.024040796503201,15.836827328029903,80,NIGHTLY_20251104_partial,nightly,NIGHTLY_20251104_partial\RUN_refine_AM0945_j-only,2025-10-22 00:27:00+00:00,True
8035.T,refine,j-only,AM15,1,1.0,5.0,2.25,1627.109778825572,9.905775024345594,2025-10-22 00:29:00+00:00,2025-10-22,SELL,3.05689389964588,1,-42.13938411669368,<80bp,4.058895734511125,neutral,0.4395170142700329,2,3.1143066227588863,15.836827328029903,80,NIGHTLY_20251104_partial,nightly,NIGHTLY_20251104_partial\RUN_refine_AM0945_j-only,2025-10-22 00:30:00+00:00,True
6857.T,refine,j-cross,AM15,10,3.0,1.5,1.5,10.699632385181214,68.89381784398377,2025-10-01 00:18:00+00:00,2025-10-01,BUY,67.98763273669245,18,-33.97893306150187,<80bp,0.0,neutral,0.0,1,2.089380581834601,16.04859678531659,68,NIGHTLY_20251105,nightly,NIGHTLY_20251105\RUN_refine_AM0930_j-cross,2025-10-01 00:36:00+00:00,True
6857.T,refine,j-cross,AM15,10,3.0,1.5,1.5,10.699632385181214,68.89381784398377,2025-10-01 00:21:00+00:00,2025-10-01,BUY,73.99753125221628,22,-33.97893306150187,<80bp,0.0,neutral,0.8464519976147883,2,1.5046114617764017,16.04859678531659,68,NIGHTLY_20251105,nightly,NIGHTLY_20251105\RUN_refine_AM0930_j-cross,2025-10-01 00:43:00+00:00,True
6857.T,refine,j-cross,AM15,10,3.0,1.5,1.5,10.699632385181214,68.89381784398377,2025-10-03 00:09:00+00:00,2025-10-03,BUY,57.32973247822689,1,0.0,<80bp,0.0,neutral,0.0,1,2.2004572945474545,11.18532194044512,68,NIGHTLY_20251105,nightly,NIGHTLY_20251105\RUN_refine_AM0930_j-cross,2025-10-03 00:10:00+00:00,True
6857.T,refine,j-cross,AM15,10,3.0,1.5,1.5,10.699632385181214,68.89381784398377,2025-10-03 00:17:00+00:00,2025-10-03,SELL,-47.86624839061175,3,0.0,<80bp,0.0,neutral,0.0,1,1.751437031665663,11.18532194044512,68,NIGHTLY_20251105,nightly,NIGHTLY_20251105\RUN_refine_AM0930_j-cross,2025-10-03 00:20:00+00:00,False
6857.T,refine,j-cross,AM15,10,3.0,1.5,1.5,10.699632385181214,68.89381784398377,2025-10-09 00:09:00+00:00,2025-10-09,BUY,75.5363085227738,3,-27.75464890369137,<80bp,0.0,neutral,0.0,1,1.607095580839505,8.992091943386715,68,NIGHTLY_20251105,nightly,NIGHTLY_20251105\RUN_refine_AM0930_j-cross,2025-10-09 00:12:00+00:00,True
6857.T,refine,j-cross,AM15,10,3.0,1.5,1.5,10.699632385181214,68.89381784398377,2025-10-09 00:17:00+00:00,2025-10-09,SELL,-58.67462105909678,3,-27.75464890369137,<80bp,0.0,neutral,0.0,1,1.805840373157464,8.992091943386715,68,NIGHTLY_20251105,nightly,NIGHTLY_20251105\RUN_refine_AM0930_j-cross,2025-10-09 00:20:00+00:00,False
6857.T,refine,j-cross,AM15,10,3.0,1.5,1.5,10.699632385181214,68.89381784398377,2025-10-09 00:28:00+00:00,2025-10-09,SELL,112.06934496727874,37,-27.75464890369137,<80bp,0.0,neutral,0.6647588765235825,2,1.5154495212914545,8.992091943386715,68,NIGHTLY_20251105,nightly,NIGHTLY_20251105\RUN_refine_AM0930_j-cross,2025-10-09 01:05:00+00:00,True
6857.T,refine,j-cross,AM15,10,3.0,1.5,1.5,10.699632385181214,68.89381784398377,2025-10-10 00:25:00+00:00,2025-10-10,SELL,78.7781920698903,24,-19.46607341490545,<80bp,0.0,neutral,1.3219508573973722,1,1.6850388971616856,8.992091943386715,68,NIGHTLY_20251105,nightly,NIGHTLY_20251105\RUN_refine_AM0930_j-cross,2025-10-10 00:49:00+00:00,True
6857.T,refine,j-cross,AM15,10,3.0,1.5,1.5,10.699632385181214,68.89381784398377,2025-10-10 00:28:00+00:00,2025-10-10,SELL,78.37924685481688,20,-19.46607341490545,<80bp,0.0,neutral,1.3088865096359743,2,1.6402973395049252,8.992091943386715,68,NIGHTLY_20251105,nightly,NIGHTLY_20251105\RUN_refine_AM0930_j-cross,2025-10-10 00:48:00+00:00,True
6857.T,refine,j-cross,AM15,10,3.0,1.5,1.5,10.699632385181214,68.89381784398377,2025-10-10 00:30:00+00:00,2025-10-10,SELL,82.76028074240762,19,-19.46607341490545,<80bp,0.0,neutral,0.9983660130718954,3,1.5614714912293566,8.992091943386715,68,NIGHTLY_20251105,nightly,NIGHTLY_20251105\RUN_refine_AM0930_j-cross,2025-10-10 00:49:00+00:00,True
6857.T,refine,j-cross,AM15,10,3.0,1.5,1.5,10.699632385181214,68.89381784398377,2025-10-15 00:19:00+00:00,2025-10-15,SELL,123.1632613179192,51,5.901445854234288,<80bp,-0.9163484095842112,neutral,0.7759237187127532,1,1.816246749430125,1.816246749430125,68,NIGHTLY_20251105,nightly,NIGHTLY_20251105\RUN_refine_AM0930_j-cross,2025-10-15 01:10:00+00:00,True
6857.T,refine,j-cross,AM15,10,3.0,1.5,1.5,10.699632385181214,68.89381784398377,2025-10-15 00:24:00+00:00,2025-10-15,SELL,126.00534700950234,45,5.901445854234288,<80bp,11.128107553035615,neutral,0.940504994106334,2,1.7742026452497677,1.8837607721410448,68,NIGHTLY_20251105,nightly,NIGHTLY_20251105\RUN_refine_AM0930_j-cross,2025-10-15 01:09:00+00:00,True
6857.T,refine,j-cross,AM15,10,3.0,1.5,1.5,10.699632385181214,68.89381784398377,2025-10-15 00:28:00+00:00,2025-10-15,SELL,105.496866768666,41,5.901445854234288,<80bp,12.741675673213493,neutral,0.6252972972972973,3,1.8744783826443987,1.8837607721410448,68,NIGHTLY_20251105,nightly,NIGHTLY_20251105\RUN_refine_AM0930_j-cross,2025-10-15 01:09:00+00:00,True
6857.T,refine,j-cross,AM15,10,3.0,1.5,1.5,10.699632385181214,68.89381784398377,2025-10-16 00:15:00+00:00,2025-10-16,SELL,76.95096146958443,22,-63.2183908045977,<80bp,8.243803028282759,neutral,0.0,1,1.637161587250067,6.973581566803869,68,NIGHTLY_20251105,nightly,NIGHTLY_20251105\RUN_refine_AM0930_j-cross,2025-10-16 00:37:00+00:00,True
6857.T,refine,j-cross,AM15,10,3.0,1.5,1.5,10.699632385181214,68.89381784398377,2025-10-16 00:17:00+00:00,2025-10-16,SELL,81.49343091949017,20,-63.2183908045977,<80bp,12.355894338391682,neutral,0.0,2,1.5255654174458593,6.973581566803869,68,NIGHTLY_20251105,nightly,NIGHTLY_20251105\RUN_refine_AM0930_j-cross,2025-10-16 00:37:00+00:00,True
8035.T,refine,j-only,AM15,3,1.9,3.0,1.65,999.0,44.29285676794182,2025-10-01 00:18:00+00:00,2025-10-01,BUY,45.44249994660175,15,-36.018957345971565,<80bp,0.0,neutral,0.0,1,1.8730876239837688,11.917195465602155,80,NIGHTLY_20251105,nightly,NIGHTLY_20251105\RUN_refine_AM0930_j-only,2025-10-01 00:33:00+00:00,True
8035.T,refine,j-only,AM15,3,1.9,3.0,1.65,999.0,44.29285676794182,2025-10-01 00:19:00+00:00,2025-10-01,BUY,40.32471818755781,14,-36.018957345971565,<80bp,0.0,neutral,0.9806201550387597,2,1.947160058298019,11.917195465602155,80,NIGHTLY_20251105,nightly,NIGHTLY_20251105\RUN_refine_AM0930_j-only,2025-10-01 00:33:00+00:00,True
8035.T,refine,j-only,AM15,3,1.9,3.0,1.65,999.0,44.29285676794182,2025-10-01 00:20:00+00:00,2025-10-01,BUY,37.0077793349061,13,-36.018957345971565,<80bp,0.0,neutral,1.1475173902614535,3,2.031535533712219,11.917195465602155,80,NIGHTLY_20251105,nightly,NIGHTLY_20251105\RUN_refine_AM0930_j-only,2025-10-01 00:33:00+00:00,True
8035.T,refine,j-only,AM15,3,1.9,3.0,1.65,999.0,44.29285676794182,2025-10-01 00:21:00+00:00,2025-10-01,BUY,50.30105238927346,11,-36.018957345971565,<80bp,0.0,neutral,1.6694786934890762,4,2.426540331087139,11.917195465602155,80,NIGHTLY_20251105,nightly,NIGHTLY_20251105\RUN_refine_AM0930_j-only,2025-10-01 00:32:00+00:00,True
8035.T,refine,j-only,AM15,3,1.9,3.0,1.65,999.0,44.29285676794182,2025-10-01 00:22:00+00:00,2025-10-01,BUY,42.06475888932784,10,-36.018957345971565,<80bp,0.0,neutral,0.9339622641509432,5,2.647615964139495,11.917195465602155,80,NIGHTLY_20251105,nightly,NIGHTLY_20251105\RUN_refine_AM0930_j-only,2025-10-01 00:32:00+00:00,True
8035.T,refine,j-only,AM15,3,1.9,3.0,1.65,999.0,44.29285676794182,2025-10-01 00:23:00+00:00,2025-10-01,BUY,35.364796827557555,7,-36.018957345971565,<80bp,0.0,neutral,0.9512955386713424,6,3.3221327038272097,11.917195465602155,80,NIGHTLY_20251105,nightly,NIGHTLY_20251105\RUN_refine_AM0930_j-only,2025-10-01 00:30:00+00:00,True
8035.T,refine,j-only,AM15,3,1.9,3.0,1.65,999.0,44.29285676794182,2025-10-01 00:24:00+00:00,2025-10-01,BUY,45.36229435463799,4,-36.018957345971565,<80bp,0.0,neutral,1.3243587411315263,7,3.525346044661217,11.917195465602155,80,NIGHTLY_20251105,nightly,NIGHTLY_20251105\RUN_refine_AM0930_j-only,2025-10-01 00:28:00+00:00,True
8035.T,refine,j-only,AM15,3,1.9,3.0,1.65,999.0,44.29285676794182,2025-10-01 00:25:00+00:00,2025-10-01,BUY,45.61265677290104,7,-36.018957345971565,<80bp,0.0,neutral,1.7251627984638505,8,1.8136649298151637,11.917195465602155,80,NIGHTLY_20251105,nightly,NIGHTLY_20251105\RUN_refine_AM0930_j-only,2025-10-01 00:32:00+00:00,True
8035.T,refine,j-only,AM15,3,1.9,3.0,1.65,999.0,44.29285676794182,2025-10-01 00:26:00+00:00,2025-10-01,BUY,45.96801870836778,4,-36.018957345971565,<80bp,0.0,neutral,0.5619915392124959,9,2.31625549256375,11.917195465602155,80,NIGHTLY_20251105,nightly,NIGHTLY_20251105\RUN_refine_AM0930_j-only,2025-10-01 00:30:00+00:00,True
8035.T,refine,j-only,AM15,3,1.9,3.0,1.65,999.0,44.29285676794182,2025-10-10 00:16:00+00:00,2025-10-10,SELL,64.25089945271657,8,-65.56825823806321,<80bp,-6.278688065627369,neutral,0.0,1,1.9432823264991403,16.77997009521673,80,NIGHTLY_20251105,nightly,NIGHTLY_20251105\RUN_refine_AM0930_j-only,2025-10-10 00:24:00+00:00,True
8035.T,refine,j-only,AM15,3,1.9,3.0,1.65,999.0,44.29285676794182,2025-10-10 00:17:00+00:00,2025-10-10,SELL,59.97570607816651,6,-65.56825823806321,<80bp,-0.5761706937146283,neutral,0.0,2,2.4366242610577875,16.77997009521673,80,NIGHTLY_20251105,nightly,NIGHTLY_20251105\RUN_refine_AM0930_j-only,2025-10-10 00:23:00+00:00,True
8035.T,refine,j-only,AM15,3,1.9,3.0,1.65,999.0,44.29285676794182,2025-10-10 00:18:00+00:00,2025-10-10,SELL,49.69547511825523,2,-65.56825823806321,<80bp,-7.777253144224394,neutral,0.0,3,2.694794474435634,16.77997009521673,80,NIGHTLY_20251105,nightly,NIGHTLY_20251105\RUN_refine_AM0930_j-only,2025-10-10 00:20:00+00:00,True
8035.T,refine,j-only,AM15,3,1.9,3.0,1.65,999.0,44.29285676794182,2025-10-21 00:18:00+00:00,2025-10-21,SELL,38.07353595037246,10,9.572431397574984,<80bp,14.296021963480232,neutral,0.0,1,1.71898170696981,1.71898170696981,80,NIGHTLY_20251105,nightly,NIGHTLY_20251105\RUN_refine_AM0930_j-only,2025-10-21 00:28:00+00:00,True
8035.T,refine,j-only,AM15,3,1.9,3.0,1.65,999.0,44.29285676794182,2025-10-22 00:29:00+00:00,2025-10-22,SELL,20.655802740543432,2,-42.13938411669368,<80bp,4.058895734511125,neutral,0.4395170142700329,1,2.0915854444949957,11.529749683339691,80,NIGHTLY_20251105,nightly,NIGHTLY_20251105\RUN_refine_AM0930_j-only,2025-10-22 00:31:00+00:00,True
6857.T,refine,j-cross,AM15,10,5.0,4.0,2.0,8.396962494315508,94.82134657321464,2025-10-01 00:18:00+00:00,2025-10-01,BUY,115.35062242183504,28,-33.97893306150187,<80bp,0.0,neutral,0.0,1,2.089380581834601,16.04859678531659,68,NIGHTLY_20251105,nightly,NIGHTLY_20251105\RUN_refine_AM0945_j-cross,2025-10-01 00:46:00+00:00,True
6857.T,refine,j-cross,AM15,10,5.0,4.0,2.0,8.396962494315508,94.82134657321464,2025-10-01 00:24:00+00:00,2025-10-01,BUY,132.37541808018446,21,-33.97893306150187,<80bp,0.0,neutral,0.8198821419420959,2,2.415699837261031,16.04859678531659,68,NIGHTLY_20251105,nightly,NIGHTLY_20251105\RUN_refine_AM0945_j-cross,2025-10-01 00:45:00+00:00,True
6857.T,refine,j-cross,AM15,10,5.0,4.0,2.0,8.396962494315508,94.82134657321464,2025-10-01 00:43:00+00:00,2025-10-01,SELL,-1.2065217391304346,282,-33.97893306150187,<80bp,0.0,neutral,1.4286622583926756,1,2.4816151633329717,16.04859678531659,68,NIGHTLY_20251105,nightly,NIGHTLY_20251105\RUN_refine_AM0945_j-cross,2025-10-01 05:25:00+00:00,False
6857.T,refine,j-cross,AM15,10,5.0,4.0,2.0,8.396962494315508,94.82134657321464,2025-10-03 00:09:00+00:00,2025-10-03,BUY,97.83116785914584,7,0.0,<80bp,0.0,neutral,0.0,1,2.2004572945474545,11.18532194044512,68,NIGHTLY_20251105,nightly,NIGHTLY_20251105\RUN_refine_AM0945_j-cross,2025-10-03 00:16:00+00:00,True
6857.T,refine,j-cross,AM15,10,5.0,4.0,2.0,8.396962494315508,94.82134657321464,2025-10-03 00:18:00+00:00,2025-10-03,SELL,-114.16409421502036,3,0.0,<80bp,0.0,neutral,2.0910534674430914,1,2.1316608501033047,11.18532194044512,68,NIGHTLY_20251105,nightly,NIGHTLY_20251105\RUN_refine_AM0945_j-cross,2025-10-03 00:21:00+00:00,False
6857.T,refine,j-cross,AM15,10,5.0,4.0,2.0,8.396962494315508,94.82134657321464,2025-10-09 00:18:00+00:00,2025-10-09,SELL,158.3722451778972,60,-27.75464890369137,<80bp,0.0,neutral,0.0,1,2.2145748414424387,8.992091943386715,68,NIGHTLY_20251105,nightly,NIGHTLY_20251105\RUN_refine_AM0945_j-cross,2025-10-09 01:18:00+00:00,True
6857.T,refine,j-cross,AM15,10,5.0,4.0,2.0,8.396962494315508,94.82134657321464,2025-10-09 00:20:00+00:00,2025-10-09,SELL,170.05904440999436,56,-27.75464890369137,<80bp,0.0,neutral,1.8632030770945984,2,3.0567216436556293,8.992091943386715,68,NIGHTLY_20251105,nightly,NIGHTLY_20251105\RUN_refine_AM0945_j-cross,2025-10-09 01:16:00+00:00,True
6857.T,refine,j-cross,AM15,10,5.0,4.0,2.0,8.396962494315508,94.82134657321464,2025-10-09 00:34:00+00:00,2025-10-09,SELL,152.5035869757006,33,-27.75464890369137,<80bp,0.0,neutral,0.507828627687617,3,2.4048514459260644,8.992091943386715,68,NIGHTLY_20251105,nightly,NIGHTLY_20251105\RUN_refine_AM0945_j-cross,2025-10-09 01:07:00+00:00,True
6857.T,refine,j-cross,AM15,10,5.0,4.0,2.0,8.396962494315508,94.82134657321464,2025-10-10 00:34:00+00:00,2025-10-10,SELL,142.27065018832502,87,-19.46607341490545,<80bp,0.0,neutral,1.0835176991150444,1,2.11099866524366,8.992091943386715,68,NIGHTLY_20251105,nightly,NIGHTLY_20251105\RUN_refine_AM0945_j-cross,2025-10-10 02:01:00+00:00,True
8035.T,refine,j-only,AM15,3,2.0,2.8,1.6,999.0,37.1372667549221,2025-10-01 00:18:00+00:00,2025-10-01,BUY,48.41388771951269,15,-36.018957345971565,<80bp,0.0,neutral,0.0,1,1.8730876239837688,11.917195465602155,80,NIGHTLY_20251105,nightly,NIGHTLY_20251105\RUN_refine_AM0945_j-only,2025-10-01 00:33:00+00:00,True
8035.T,refine,j-only,AM15,3,2.0,2.8,1.6,999.0,37.1372667549221,2025-10-01 00:19:00+00:00,2025-10-01,BUY,42.99620674073199,14,-36.018957345971565,<80bp,0.0,neutral,0.9806201550387597,2,1.947160058298019,11.917195465602155,80,NIGHTLY_20251105,nightly,NIGHTLY_20251105\RUN_refine_AM0945_j-only,2025-10-01 00:33:00+00:00,True
8035.T,refine,j-only,AM15,3,2.0,2.8,1.6,999.0,37.1372667549221,2025-10-01 00:20:00+00:00,2025-10-01,BUY,39.47981147348592,13,-36.018957345971565,<80bp,0.0,neutral,1.1475173902614535,3,2.031535533712219,11.917195465602155,80,NIGHTLY_20251105,nightly,NIGHTLY_20251105\RUN_refine_AM0945_j-only,2025-10-01 00:33:00+00:00,True
8035.T,refine,j-only,AM15,3,2.0,2.8,1.6,999.0,37.1372667549221,2025-10-01 00:21:00+00:00,2025-10-01,BUY,53.409121831778045,11,-36.018957345971565,<80bp,0.0,neutral,1.6694786934890762,4,2.426540331087139,11.917195465602155,80,NIGHTLY_20251105,nightly,NIGHTLY_20251105\RUN_refine_AM0945_j-only,2025-10-01 00:32:00+00:00,True
8035.T,refine,j-only,AM15,3,2.0,2.8,1.6,999.0,37.1372667549221,2025-10-01 00:22:00+00:00,2025-10-01,BUY,44.69056405159724,10,-36.018957345971565,<80bp,0.0,neutral,0.9339622641509432,5,2.647615964139495,11.917195465602155,80,NIGHTLY_20251105,nightly,NIGHTLY_20251105\RUN_refine_AM0945_j-only,2025-10-01 00:32:00+00:00,True
8035.T,refine,j-only,AM15,3,2.0,2.8,1.6,999.0,37.1372667549221,2025-10-01 00:23:00+00:00,2025-10-01,BUY,37.53221012277635,7,-36.018957345971565,<80bp,0.0,neutral,0.9512955386713424,6,3.3221327038272097,11.917195465602155,80,NIGHTLY_20251105,nightly,NIGHTLY_20251105\RUN_refine_AM0945_j-only,2025-10-01 00:30:00+00:00,True
8035.T,refine,j-only,AM15,3,2.0,2.8,1.6,999.0,37.1372667549221,2025-10-01 00:24:00+00:00,2025-10-01,BUY,47.99212135176577,4,-36.018957345971565,<80bp,0.0,neutral,1.3243587411315263,7,3.525346044661217,11.917195465602155,80,NIGHTLY_20251105,nightly,NIGHTLY_20251105\RUN_refine_AM0945_j-only,2025-10-01 00:28:00+00:00,True
8035.T,refine,j-only,AM15,3,2.0,2.8,1.6,999.0,37.1372667549221,2025-10-01 00:25:00+00:00,2025-10-01,BUY,48.607310787230674,7,-36.018957345971565,<80bp,0.0,neutral,1.7251627984638505,8,1.8136649298151637,11.917195465602155,80,NIGHTLY_20251105,nightly,NIGHTLY_20251105\RUN_refine_AM0945_j-only,2025-10-01 00:32:00+00:00,True
8035.T,refine,j-only,AM15,3,2.0,2.8,1.6,999.0,37.1372667549221,2025-10-01 00:26:00+00:00,2025-10-01,BUY,48.8688891711535,4,-36.018957345971565,<80bp,0.0,neutral,0.5619915392124959,9,2.31625549256375,11.917195465602155,80,NIGHTLY_20251105,nightly,NIGHTLY_20251105\RUN_refine_AM0945_j-only,2025-10-01 00:30:00+00:00,True
8035.T,refine,j-only,AM15,3,2.0,2.8,1.6,999.0,37.1372667549221,2025-10-01 00:40:00+00:00,2025-10-01,SELL,40.72887365663816,39,-36.018957345971565,<80bp,0.0,neutral,0.8496978851963746,1,2.1730730135666136,11.917195465602155,80,NIGHTLY_20251105,nightly,NIGHTLY_20251105\RUN_refine_AM0945_j-only,2025-10-01 01:19:00+00:00,True
8035.T,refine,j-only,AM15,3,2.0,2.8,1.6,999.0,37.1372667549221,2025-10-01 00:41:00+00:00,2025-10-01,SELL,39.4983602768347,38,-36.018957345971565,<80bp,0.0,neutral,0.6794888017208656,2,2.2869922681972623,11.917195465602155,80,NIGHTLY_20251105,nightly,NIGHTLY_20251105\RUN_refine_AM0945_j-only,2025-10-01 01:19:00+00:00,True
8035.T,refine,j-only,AM15,3,2.0,2.8,1.6,999.0,37.1372667549221,2025-10-01 00:42:00+00:00,2025-10-01,SELL,33.77645222542479,37,-36.018957345971565,<80bp,0.0,neutral,0.3283660820255835,3,2.069306196470787,11.917195465602155,80,NIGHTLY_20251105,nightly,NIGHTLY_20251105\RUN_refine_AM0945_j-only,2025-10-01 01:19:00+00:00,True
8035.T,refine,j-only,AM15,3,2.0,2.8,1.6,999.0,37.1372667549221,2025-10-01 00:43:00+00:00,2025-10-01,SELL,35.0038823138933,36,-36.018957345971565,<80bp,0.0,neutral,0.7000134102185865,4,2.2777630099972748,11.917195465602155,80,NIGHTLY_20251105,nightly,NIGHTLY_20251105\RUN_refine_AM0945_j-only,2025-10-01 01:19:00+00:00,True
8035.T,refine,j-only,AM15,3,2.0,2.8,1.6,999.0,37.1372667549221,2025-10-01 00:44:00+00:00,2025-10-01,SELL,30.228466988633212,28,-36.018957345971565,<80bp,0.0,neutral,0.350067842605156,5,2.8613489558336536,11.917195465602155,80,NIGHTLY_20251105,nightly,NIGHTLY_20251105\RUN_refine_AM0945_j-only,2025-10-01 01:12:00+00:00,True
8035.T,refine,j-only,AM15,3,2.0,2.8,1.6,999.0,37.1372667549221,2025-10-01 00:45:00+00:00,2025-10-01,SELL,25.80193352201202,25,-36.018957345971565,<80bp,0.0,neutral,0.3878771027387738,6,3.4647733669339047,11.917195465602155,80,NIGHTLY_20251105,nightly,NIGHTLY_20251105\RUN_refine_AM0945_j-only,2025-10-01 01:10:00+00:00,True
8035.T,refine,j-only,AM15,3,2.0,2.8,1.6,999.0,37.1372667549221,2025-10-10 00:16:00+00:00,2025-10-10,SELL,68.24627098556388,8,-65.56825823806321,<80bp,-6.278688065627369,neutral,0.0,1,1.9432823264991403,16.77997009521673,80,NIGHTLY_20251105,nightly,NIGHTLY_20251105\RUN_refine_AM0945_j-only,2025-10-10 00:24:00+00:00,True
8035.T,refine,j-only,AM15,3,2.0,2.8,1.6,999.0,37.1372667549221,2025-10-10 00:17:00+00:00,2025-10-10,SELL,63.59682175544434,6,-65.56825823806321,<80bp,-0.5761706937146283,neutral,0.0,2,2.4366242610577875,16.77997009521673,80,NIGHTLY_20251105,nightly,NIGHTLY_20251105\RUN_refine_AM0945_j-only,2025-10-10 00:23:00+00:00,True
8035.T,refine,j-only,AM15,3,2.0,2.8,1.6,999.0,37.1372667549221,2025-10-10 00:18:00+00:00,2025-10-10,SELL,52.71108544666931,4,-65.56825823806321,<80bp,-7.777253144224394,neutral,0.0,3,2.694794474435634,16.77997009521673,80,NIGHTLY_20251105,nightly,NIGHTLY_20251105\RUN_refine_AM0945_j-only,2025-10-10 00:22:00+00:00,True
8035.T,refine,j-only,AM15,3,2.0,2.8,1.6,999.0,37.1372667549221,2025-10-15 00:33:00+00:00,2025-10-15,BUY,25.042366408918767,17,22.915564956812972,<80bp,-17.894223583501123,down,0.6746476481575819,1,2.124551172265986,2.124551172265986,80,NIGHTLY_20251105,nightly,NIGHTLY_20251105\RUN_refine_AM0945_j-only,2025-10-15 00:50:00+00:00,True
8035.T,refine,j-only,AM15,3,2.0,2.8,1.6,999.0,37.1372667549221,2025-10-15 00:38:00+00:00,2025-10-15,BUY,32.76096440155514,20,22.915564956812972,<80bp,-0.7341547082728717,neutral,0.937009247949747,2,1.9515269439719083,2.124551172265986,80,NIGHTLY_20251105,nightly,NIGHTLY_20251105\RUN_refine_AM0945_j-only,2025-10-15 00:58:00+00:00,True
8035.T,refine,j-only,AM15,3,2.0,2.8,1.6,999.0,37.1372667549221,2025-10-15 00:39:00+00:00,2025-10-15,BUY,25.424884018318743,11,22.915564956812972,<80bp,-8.603338171382369,neutral,0.3633405639913232,3,2.046926043987644,2.124551172265986,80,NIGHTLY_20251105,nightly,NIGHTLY_20251105\RUN_refine_AM0945_j-only,2025-10-15 00:50:00+00:00,True
8035.T,refine,j-only,AM15,3,2.0,2.8,1.6,999.0,37.1372667549221,2025-10-15 00:40:00+00:00,2025-10-15,BUY,34.98935354966101,5,22.915564956812972,<80bp,-19.570004906789286,down,1.2146422628951747,4,2.853817730922552,2.853817730922552,80,NIGHTLY_20251105,nightly,NIGHTLY_20251105\RUN_refine_AM0945_j-only,2025-10-15 00:45:00+00:00,True
8035.T,refine,j-only,AM15,3,2.0,2.8,1.6,999.0,37.1372667549221,2025-10-15 00:42:00+00:00,2025-10-15,BUY,27.353464509633923,16,22.915564956812972,<80bp,-23.98953592987252,down,0.4665002879631407,5,1.7124941011513777,2.853817730922552,80,NIGHTLY_20251105,nightly,NIGHTLY_20251105\RUN_refine_AM0945_j-only,2025-10-15 00:58:00+00:00,True
8035.T,refine,j-only,AM15,3,2.0,2.8,1.6,999.0,37.1372667549221,2025-10-21 00:18:00+00:00,2025-10-21,SELL,40.666208617078375,14,9.572431397574984,<80bp,14.296021963480232,neutral,0.0,1,1.71898170696981,1.71898170696981,80,NIGHTLY_20251105,nightly,NIGHTLY_20251105\RUN_refine_AM0945_j-only,2025-10-21 00:32:00+00:00,True
8035.T,refine,j-only,AM15,3,2.0,2.8,1.6,999.0,37.1372667549221,2025-10-21 00:33:00+00:00,2025-10-21,BUY,20.615347219324143,24,9.572431397574984,<80bp,-10.660979971750528,neutral,0.6455252325049551,1,1.603949296402002,1.71898170696981,80,NIGHTLY_20251105,nightly,NIGHTLY_20251105\RUN_refine_AM0945_j-only,2025-10-21 00:57:00+00:00,True
8035.T,refine,j-only,AM15,3,2.0,2.8,1.6,999.0,37.1372667549221,2025-10-21 00:34:00+00:00,2025-10-21,BUY,19.67053549592576,23,9.572431397574984,<80bp,-14.432025474608867,neutral,0.9478812933707368,2,1.606630235979696,1.71898170696981,80,NIGHTLY_20251105,nightly,NIGHTLY_20251105\RUN_refine_AM0945_j-only,2025-10-21 00:57:00+00:00,True
8035.T,refine,j-only,AM15,3,2.0,2.8,1.6,999.0,37.1372667549221,2025-10-21 00:42:00+00:00,2025-10-21,BUY,32.74867258317398,15,9.572431397574984,<80bp,9.148272107124544,neutral,0.9044117647058824,3,1.6996102170911582,1.71898170696981,80,NIGHTLY_20251105,nightly,NIGHTLY_20251105\RUN_refine_AM0945_j-only,2025-10-21 00:57:00+00:00,True
8035.T,refine,j-only,AM15,3,2.0,2.8,1.6,999.0,37.1372667549221,2025-10-21 00:43:00+00:00,2025-10-21,BUY,27.90183940152874,14,9.572431397574984,<80bp,15.636364380411385,up,0.5378151260504201,4,1.731108504250472,1.731108504250472,80,NIGHTLY_20251105,nightly,NIGHTLY_20251105\RUN_refine_AM0945_j-only,2025-10-21 00:57:00+00:00,True
8035.T,refine,j-only,AM15,3,2.0,2.8,1.6,999.0,37.1372667549221,2025-10-21 00:44:00+00:00,2025-10-21,BUY,20.245613095099756,10,9.572431397574984,<80bp,15.610368967278188,up,0.3252032520325203,5,1.725725967465065,1.731108504250472,80,NIGHTLY_20251105,nightly,NIGHTLY_20251105\RUN_refine_AM0945_j-only,2025-10-21 00:54:00+00:00,True
8035.T,refine,j-only,AM15,3,2.0,2.8,1.6,999.0,37.1372667549221,2025-10-21 00:45:00+00:00,2025-10-21,BUY,20.03124998851572,9,9.572431397574984,<80bp,11.607220589333611,neutral,0.7266855066612838,6,1.9800725082610395,1.9800725082610395,80,NIGHTLY_20251105,nightly,NIGHTLY_20251105\RUN_refine_AM0945_j-only,2025-10-21 00:54:00+00:00,True
8035.T,refine,j-only,AM15,3,2.0,2.8,1.6,999.0,37.1372667549221,2025-10-22 00:29:00+00:00,2025-10-22,SELL,22.222499692705213,2,-42.13938411669368,<80bp,4.058895734511125,neutral,0.4395170142700329,1,2.0915854444949957,11.529749683339691,80,NIGHTLY_20251105,nightly,NIGHTLY_20251105\RUN_refine_AM0945_j-only,2025-10-22 00:31:00+00:00,True
6857.T,refine,j-cross,AM15,10,4.0,4.0,2.0,9.03929105152181,71.34599695759721,2025-10-01 00:18:00+00:00,2025-10-01,BUY,90.74647193604744,25,-33.97893306150187,<80bp,0.0,neutral,0.0,1,2.089380581834601,16.04859678531659,68,NIGHTLY_20251105,nightly,NIGHTLY_20251105\RUN_refine_AM1000_j-cross,2025-10-01 00:43:00+00:00,True
6857.T,refine,j-cross,AM15,10,4.0,4.0,2.0,9.03929105152181,71.34599695759721,2025-10-01 00:24:00+00:00,2025-10-01,BUY,104.64614607988486,12,-33.97893306150187,<80bp,0.0,neutral,0.8198821419420959,2,2.415699837261031,16.04859678531659,68,NIGHTLY_20251105,nightly,NIGHTLY_20251105\RUN_refine_AM1000_j-cross,2025-10-01 00:36:00+00:00,True
6857.T,refine,j-cross,AM15,10,4.0,4.0,2.0,9.03929105152181,71.34599695759721,2025-10-01 00:43:00+00:00,2025-10-01,SELL,-1.2065217391304346,282,-33.97893306150187,<80bp,0.0,neutral,1.4286622583926756,1,2.4816151633329717,16.04859678531659,68,NIGHTLY_20251105,nightly,NIGHTLY_20251105\RUN_refine_AM1000_j-cross,2025-10-01 05:25:00+00:00,False
6857.T,refine,j-cross,AM15,10,4.0,4.0,2.0,9.03929105152181,71.34599695759721,2025-10-01 00:52:00+00:00,2025-10-01,SELL,5.577732518669382,273,-33.97893306150187,<80bp,0.0,neutral,0.3787825350920505,2,2.4719548321772864,16.04859678531659,68,NIGHTLY_20251105,nightly,NIGHTLY_20251105\RUN_refine_AM1000_j-cross,2025-10-01 05:25:00+00:00,True
6857.T,refine,j-cross,AM15,10,4.0,4.0,2.0,9.03929105152181,71.34599695759721,2025-10-03 00:09:00+00:00,2025-10-03,BUY,76.79146116775975,2,0.0,<80bp,0.0,neutral,0.0,1,2.2004572945474545,11.18532194044512,68,NIGHTLY_20251105,nightly,NIGHTLY_20251105\RUN_refine_AM1000_j-cross,2025-10-03 00:11:00+00:00,True
6857.T,refine,j-cross,AM15,10,4.0,4.0,2.0,9.03929105152181,71.34599695759721,2025-10-03 00:18:00+00:00,2025-10-03,SELL,-114.16409421502036,3,0.0,<80bp,0.0,neutral,2.0910534674430914,1,2.1316608501033047,11.18532194044512,68,NIGHTLY_20251105,nightly,NIGHTLY_20251105\RUN_refine_AM1000_j-cross,2025-10-03 00:21:00+00:00,False
6857.T,refine,j-cross,AM15,10,4.0,4.0,2.0,9.03929105152181,71.34599695759721,2025-10-09 00:18:00+00:00,2025-10-09,SELL,125.31062191937257,59,-27.75464890369137,<80bp,0.0,neutral,0.0,1,2.2145748414424387,8.992091943386715,68,NIGHTLY_20251105,nightly,NIGHTLY_20251105\RUN_refine_AM1000_j-cross,2025-10-09 01:17:00+00:00,True
6857.T,refine,j-cross,AM15,10,4.0,4.0,2.0,9.03929105152181,71.34599695759721,2025-10-09 00:20:00+00:00,2025-10-09,SELL,135.54149865844334,47,-27.75464890369137,<80bp,0.0,neutral,1.8632030770945984,2,3.0567216436556293,8.992091943386715,68,NIGHTLY_20251105,nightly,NIGHTLY_20251105\RUN_refine_AM1000_j-cross,2025-10-09 01:07:00+00:00,True
6857.T,refine,j-cross,AM15,10,4.0,4.0,2.0,9.03929105152181,71.34599695759721,2025-10-09 00:34:00+00:00,2025-10-09,SELL,120.78807174652523,27,-27.75464890369137,<80bp,0.0,neutral,0.507828627687617,3,2.4048514459260644,8.992091943386715,68,NIGHTLY_20251105,nightly,NIGHTLY_20251105\RUN_refine_AM1000_j-cross,2025-10-09 01:01:00+00:00,True
6857.T,refine,j-cross,AM15,10,4.0,4.0,2.0,9.03929105152181,71.34599695759721,2025-10-10 00:34:00+00:00,2025-10-10,SELL,112.31626704706584,48,-19.46607341490545,<80bp,0.0,neutral,1.0835176991150444,1,2.11099866524366,8.992091943386715,68,NIGHTLY_20251105,nightly,NIGHTLY_20251105\RUN_refine_AM1000_j-cross,2025-10-10 01:22:00+00:00,True
6857.T,refine,j-cross,AM15,10,4.0,4.0,2.0,9.03929105152181,71.34599695759721,2025-10-10 00:48:00+00:00,2025-10-10,BUY,85.87711094221974,11,-19.46607341490545,<80bp,0.0,neutral,1.264209687929911,1,2.2139673091964105,8.992091943386715,68,NIGHTLY_20251105,nightly,NIGHTLY_20251105\RUN_refine_AM1000_j-cross,2025-10-10 00:59:00+00:00,True
6857.T,refine,j-cross,AM15,10,4.0,4.0,2.0,9.03929105152181,71.34599695759721,2025-10-10 00:59:00+00:00,2025-10-10,SELL,79.981324318736,16,-19.46607341490545,<80bp,0.0,neutral,0.7632964913582079,2,2.122922034291423,8.992091943386715,68,NIGHTLY_20251105,nightly,NIGHTLY_20251105\RUN_refine_AM1000_j-cross,2025-10-10 01:15:00+00:00,True
6857.T,refine,j-cross,AM15,10,4.0,4.0,2.0,9.03929105152181,71.34599695759721,2025-10-15 00:50:00+00:00,2025-10-15,SELL,105.29187006819038,19,5.901445854234288,<80bp,10.66257333312226,neutral,0.8150311032118827,1,2.0934861349134164,2.0934861349134164,68,NIGHTLY_20251105,nightly,NIGHTLY_20251105\RUN_refine_AM1000_j-cross,2025-10-15 01:09:00+00:00,True
6857.T,refine,j-cross,AM15,20,3.0,5.0,2.75,8.213841894142917,58.15384907811242,2025-10-01 00:24:00+00:00,2025-10-01,BUY,61.84062086164337,6,-33.97893306150187,<80bp,0.0,neutral,0.8198821419420959,1,2.898765219312242,16.152334854308883,68,NIGHTLY_20251105,nightly,NIGHTLY_20251105\RUN_refine_AM1015_j-cross,2025-10-01 00:30:00+00:00,True
6857.T,refine,j-cross,AM15,20,3.0,5.0,2.75,8.213841894142917,58.15384907811242,2025-10-01 00:45:00+00:00,2025-10-01,SELL,61.2201504891961,74,-33.97893306150187,<80bp,0.0,neutral,1.5061475409836065,1,3.133456002512024,16.152334854308883,68,NIGHTLY_20251105,nightly,NIGHTLY_20251105\RUN_refine_AM1015_j-cross,2025-10-01 01:59:00+00:00,True
6857.T,refine,j-cross,AM15,20,3.0,5.0,2.75,8.213841894142917,58.15384907811242,2025-10-01 00:53:00+00:00,2025-10-01,SELL,56.28608115824481,66,-33.97893306150187,<80bp,0.0,neutral,0.3745318352059925,2,2.780289737999688,16.152334854308883,68,NIGHTLY_20251105,nightly,NIGHTLY_20251105\RUN_refine_AM1015_j-cross,2025-10-01 01:59:00+00:00,True
6857.T,refine,j-cross,AM15,20,3.0,5.0,2.75,8.213841894142917,58.15384907811242,2025-10-01 01:01:00+00:00,2025-10-01,SELL,64.92723658519101,57,-33.97893306150187,<80bp,0.0,neutral,0.7313076135199728,3,2.816983612413476,16.152334854308883,68,NIGHTLY_20251105,nightly,NIGHTLY_20251105\RUN_refine_AM1015_j-cross,2025-10-01 01:58:00+00:00,True
6857.T,refine,j-cross,AM15,20,3.0,5.0,2.75,8.213841894142917,58.15384907811242,2025-10-01 01:04:00+00:00,2025-10-01,SELL,66.11534629430206,52,-33.97893306150187,<80bp,0.0,neutral,0.6415976205651158,4,3.6464174837508345,16.152334854308883,68,NIGHTLY_20251105,nightly,NIGHTLY_20251105\RUN_refine_AM1015_j-cross,2025-10-01 01:56:00+00:00,True
6857.T,refine,j-cross,AM15,20,3.0,5.0,2.75,8.213841894142917,58.15384907811242,2025-10-01 01:11:00+00:00,2025-10-01,SELL,61.013059455358615,46,-33.97893306150187,<80bp,0.0,neutral,0.790519652583542,5,3.03217124346095,16.152334854308883,68,NIGHTLY_20251105,nightly,NIGHTLY_20251105\RUN_refine_AM1015_j-cross,2025-10-01 01:57:00+00:00,True
6857.T,refine,j-cross,AM15,20,3.0,5.0,2.75,8.213841894142917,58.15384907811242,2025-10-03 00:09:00+00:00,2025-10-03,BUY,39.65612250045388,1,0.0,<80bp,0.0,neutral,0.0,1,2.9424904921113537,11.32964584588222,68,NIGHTLY_20251105,nightly,NIGHTLY_20251105\RUN_refine_AM1015_j-cross,2025-10-03 00:10:00+00:00,True
6857.T,refine,j-cross,AM15,20,3.0,5.0,2.75,8.213841894142917,58.15384907811242,2025-10-03 00:20:00+00:00,2025-10-03,SELL,-137.04423368782042,15,0.0,<80bp,0.0,neutral,3.809753239143173,1,4.728731984613488,11.32964584588222,68,NIGHTLY_20251105,nightly,NIGHTLY_20251105\RUN_refine_AM1015_j-cross,2025-10-03 00:35:00+00:00,False
6857.T,refine,j-cross,AM15,20,3.0,5.0,2.75,8.213841894142917,58.15384907811242,2025-10-03 00:45:00+00:00,2025-10-03,SELL,106.30211423396274,115,0.0,<80bp,0.0,neutral,0.7236760046897996,2,3.329567182609664,11.32964584588222,68,NIGHTLY_20251105,nightly,NIGHTLY_20251105\RUN_refine_AM1015_j-cross,2025-10-03 02:40:00+00:00,True
6857.T,refine,j-cross,AM15,20,3.0,5.0,2.75,8.213841894142917,58.15384907811242,2025-10-03 00:51:00+00:00,2025-10-03,SELL,98.26636211433014,106,0.0,<80bp,0.0,neutral,0.315158026680992,3,3.409279477019512,11.32964584588222,68,NIGHTLY_20251105,nightly,NIGHTLY_20251105\RUN_refine_AM1015_j-cross,2025-10-03 02:37:00+00:00,True
6857.T,refine,j-cross,AM15,20,3.0,5.0,2.75,8.213841894142917,58.15384907811242,2025-10-09 00:18:00+00:00,2025-10-09,SELL,71.00342100721937,49,-27.75464890369137,<80bp,0.0,neutral,0.0,1,2.785179082073343,7.414014289505476,68,NIGHTLY_20251105,nightly,NIGHTLY_20251105\RUN_refine_AM1015_j-cross,2025-10-09 01:07:00+00:00,True
6857.T,refine,j-cross,AM15,20,3.0,5.0,2.75,8.213841894142917,58.15384907811242,2025-10-09 00:20:00+00:00,2025-10-09,SELL,79.18230286403488,40,-27.75464890369137,<80bp,0.0,neutral,1.8632030770945984,2,3.82602096827649,7.414014289505476,68,NIGHTLY_20251105,nightly,NIGHTLY_20251105\RUN_refine_AM1015_j-cross,2025-10-09 01:00:00+00:00,True
6857.T,refine,j-cross,AM15,20,3.0,5.0,2.75,8.213841894142917,58.15384907811242,2025-10-09 01:06:00+00:00,2025-10-09,BUY,68.97405842340417,48,-27.75464890369137,<80bp,0.0,neutral,1.1270767849124383,1,2.8066015041984107,7.414014289505476,68,NIGHTLY_20251105,nightly,NIGHTLY_20251105\RUN_refine_AM1015_j-cross,2025-10-09 01:54:00+00:00,True
6857.T,refine,j-cross,AM15,20,3.0,5.0,2.75,8.213841894142917,58.15384907811242,2025-10-09 01:09:00+00:00,2025-10-09,BUY,72.60497574869488,45,-27.75464890369137,<80bp,0.0,neutral,0.8397772966285184,2,3.426400700196282,7.414014289505476,68,NIGHTLY_20251105,nightly,NIGHTLY_20251105\RUN_refine_AM1015_j-cross,2025-10-09 01:54:00+00:00,True
6857.T,refine,j-cross,AM15,20,3.0,5.0,2.75,8.213841894142917,58.15384907811242,2025-10-09 01:13:00+00:00,2025-10-09,BUY,75.25358984786615,23,-27.75464890369137,<80bp,0.0,neutral,1.3331760264275605,3,3.550797178253246,7.414014289505476,68,NIGHTLY_20251105,nightly,NIGHTLY_20251105\RUN_refine_AM1015_j-cross,2025-10-09 01:36:00+00:00,True
6857.T,refine,j-cross,AM15,20,3.0,5.0,2.75,8.213841894142917,58.15384907811242,2025-10-15 01:09:00+00:00,2025-10-15,BUY,72.31234246537137,62,5.901445854234288,<80bp,-17.583100105291738,down,1.6204744069912609,1,2.9464050644240523,2.9464050644240523,68,NIGHTLY_20251105,nightly,NIGHTLY_20251105\RUN_refine_AM1015_j-cross,2025-10-15 02:11:00+00:00,True
6857.T,refine,j-cross,AM15,20,3.0,5.0,2.75,8.213841894142917,58.15384907811242,2025-10-15 01:12:00+00:00,2025-10-15,BUY,70.70188396645811,30,5.901445854234288,<80bp,2.5168058280566896,neutral,0.654832682181077,2,3.0640427473504195,3.0640427473504195,68,NIGHTLY_20251105,nightly,NIGHTLY_20251105\RUN_refine_AM1015_j-cross,2025-10-15 01:42:00+00:00,True
6857.T,refine,j-cross,AM15,20,2.0,5.0,2.5,7.975239897343656,34.72440383656265,2025-10-01 00:18:00+00:00,2025-10-01,BUY,32.31462537808853,12,-33.97893306150187,<80bp,0.0,neutral,0.0,1,2.5622112482664203,16.152334854308883,68,NIGHTLY_20251105,nightly,NIGHTLY_20251105\RUN_refine_AM1030_j-cross,2025-10-01 00:30:00+00:00,True
6857.T,refine,j-cross,AM15,20,2.0,5.0,2.5,7.975239897343656,34.72440383656265,2025-10-01 00:24:00+00:00,2025-10-01,BUY,39.598861677677085,3,-33.97893306150187,<80bp,0.0,neutral,0.8198821419420959,2,2.898765219312242,16.152334854308883,68,NIGHTLY_20251105,nightly,NIGHTLY_20251105\RUN_refine_AM1030_j-cross,2025-10-01 00:27:00+00:00,True
6857.T,refine,j-cross,AM15,20,2.0,5.0,2.5,7.975239897343656,34.72440383656265,2025-10-01 00:43:00+00:00,2025-10-01,SELL,37.52896865600508,75,-33.97893306150187,<80bp,0.0,neutral,1.4286622583926756,1,2.5322530095194407,16.152334854308883,68,NIGHTLY_20251105,nightly,NIGHTLY_20251105\RUN_refine_AM1030_j-cross,2025-10-01 01:58:00+00:00,True
6857.T,refine,j-cross,AM15,20,2.0,5.0,2.5,7.975239897343656,34.72440383656265,2025-10-01 00:53:00+00:00,2025-10-01,SELL,35.69215268819493,64,-33.97893306150187,<80bp,0.0,neutral,0.3745318352059925,2,2.780289737999688,16.152334854308883,68,NIGHTLY_20251105,nightly,NIGHTLY_20251105\RUN_refine_AM1030_j-cross,2025-10-01 01:57:00+00:00,True
6857.T,refine,j-cross,AM15,20,2.0,5.0,2.5,7.975239897343656,34.72440383656265,2025-10-01 01:01:00+00:00,2025-10-01,SELL,41.6078490216889,55,-33.97893306150187,<80bp,0.0,neutral,0.7313076135199728,3,2.816983612413476,16.152334854308883,68,NIGHTLY_20251105,nightly,NIGHTLY_20251105\RUN_refine_AM1030_j-cross,2025-10-01 01:56:00+00:00,True
6857.T,refine,j-cross,AM15,20,2.0,5.0,2.5,7.975239897343656,34.72440383656265,2025-10-01 01:11:00+00:00,2025-10-01,SELL,39.17941093438736,14,-33.97893306150187,<80bp,0.0,neutral,0.790519652583542,4,3.03217124346095,16.152334854308883,68,NIGHTLY_20251105,nightly,NIGHTLY_20251105\RUN_refine_AM1030_j-cross,2025-10-01 01:25:00+00:00,True
6857.T,refine,j-cross,AM15,20,2.0,5.0,2.5,7.975239897343656,34.72440383656265,2025-10-01 01:18:00+00:00,2025-10-01,SELL,36.049936768944185,7,-33.97893306150187,<80bp,0.0,neutral,0.3770739064856712,5,2.7399146980944624,16.152334854308883,68,NIGHTLY_20251105,nightly,NIGHTLY_20251105\RUN_refine_AM1030_j-cross,2025-10-01 01:25:00+00:00,True
6857.T,refine,j-cross,AM15,20,2.0,5.0,2.5,7.975239897343656,34.72440383656265,2025-10-01 01:29:00+00:00,2025-10-01,SELL,34.132522604824985,8,-33.97893306150187,<80bp,0.0,neutral,0.9871067560598246,6,3.1319312033925444,16.152334854308883,68,NIGHTLY_20251105,nightly,NIGHTLY_20251105\RUN_refine_AM1030_j-cross,2025-10-01 01:37:00+00:00,True
6857.T,refine,j-cross,AM15,20,2.0,5.0,2.5,7.975239897343656,34.72440383656265,2025-10-03 00:09:00+00:00,2025-10-03,BUY,24.51220289178977,1,0.0,<80bp,0.0,neutral,0.0,1,2.9424904921113537,11.32964584588222,68,NIGHTLY_20251105,nightly,NIGHTLY_20251105\RUN_refine_AM1030_j-cross,2025-10-03 00:10:00+00:00,True
6857.T,refine,j-cross,AM15,20,2.0,5.0,2.5,7.975239897343656,34.72440383656265,2025-10-03 00:18:00+00:00,2025-10-03,SELL,-114.49947241887575,3,0.0,<80bp,0.0,neutral,2.0910534674430914,1,2.655715887132697,11.32964584588222,68,NIGHTLY_20251105,nightly,NIGHTLY_20251105\RUN_refine_AM1030_j-cross,2025-10-03 00:21:00+00:00,False
6857.T,refine,j-cross,AM15,20,2.0,5.0,2.5,7.975239897343656,34.72440383656265,2025-10-03 00:45:00+00:00,2025-10-03,SELL,70.6629504057566,112,0.0,<80bp,0.0,neutral,0.7236760046897996,2,3.329567182609664,11.32964584588222,68,NIGHTLY_20251105,nightly,NIGHTLY_20251105\RUN_refine_AM1030_j-cross,2025-10-03 02:37:00+00:00,True
6857.T,refine,j-cross,AM15,20,2.0,5.0,2.5,7.975239897343656,34.72440383656265,2025-10-03 01:30:00+00:00,2025-10-03,SELL,44.41249843969118,63,0.0,<80bp,0.0,neutral,0.7116536158452326,3,2.5814011909916426,11.32964584588222,68,NIGHTLY_20251105,nightly,NIGHTLY_20251105\RUN_refine_AM1030_j-cross,2025-10-03 02:33:00+00:00,True
6857.T,refine,j-cross,AM15,20,2.0,5.0,2.5,7.975239897343656,34.72440383656265,2025-10-09 00:18:00+00:00,2025-10-09,SELL,45.700995905203456,43,-27.75464890369137,<80bp,0.0,neutral,0.0,1,2.785179082073343,7.414014289505476,68,NIGHTLY_20251105,nightly,NIGHTLY_20251105\RUN_refine_AM1030_j-cross,2025-10-09 01:01:00+00:00,True
6857.T,refine,j-cross,AM15,20,2.0,5.0,2.5,7.975239897343656,34.72440383656265,2025-10-09 00:20:00+00:00,2025-10-09,SELL,52.63935258167688,22,-27.75464890369137,<80bp,0.0,neutral,1.8632030770945984,2,3.82602096827649,7.414014289505476,68,NIGHTLY_20251105,nightly,NIGHTLY_20251105\RUN_refine_AM1030_j-cross,2025-10-09 00:42:00+00:00,True
6857.T,refine,j-cross,AM15,20,2.0,5.0,2.5,7.975239897343656,34.72440383656265,2025-10-09 00:34:00+00:00,2025-10-09,SELL,52.661550909964674,4,-27.75464890369137,<80bp,0.0,neutral,0.507828627687617,3,2.5180477866296416,7.414014289505476,68,NIGHTLY_20251105,nightly,NIGHTLY_20251105\RUN_refine_AM1030_j-cross,2025-10-09 00:38:00+00:00,True
6857.T,refine,j-cross,AM15,20,2.0,5.0,2.5,7.975239897343656,34.72440383656265,2025-10-09 01:05:00+00:00,2025-10-09,BUY,45.02514468190362,31,-27.75464890369137,<80bp,0.0,neutral,2.076975631974493,1,2.664738237808701,7.414014289505476,68,NIGHTLY_20251105,nightly,NIGHTLY_20251105\RUN_refine_AM1030_j-cross,2025-10-09 01:36:00+00:00,True
6857.T,refine,j-cross,AM15,20,2.0,5.0,2.5,7.975239897343656,34.72440383656265,2025-10-09 01:13:00+00:00,2025-10-09,BUY,49.57137535006511,20,-27.75464890369137,<80bp,0.0,neutral,1.3331760264275605,2,3.550797178253246,7.414014289505476,68,NIGHTLY_20251105,nightly,NIGHTLY_20251105\RUN_refine_AM1030_j-cross,2025-10-09 01:33:00+00:00,True
6857.T,refine,j-cross,AM15,20,2.0,5.0,2.5,7.975239897343656,34.72440383656265,2025-10-10 01:22:00+00:00,2025-10-10,BUY,35.16594923694552,11,-19.46607341490545,<80bp,0.0,neutral,1.467569338283468,1,2.881242698859093,7.414014289505476,68,NIGHTLY_20251105,nightly,NIGHTLY_20251105\RUN_refine_AM1030_j-cross,2025-10-10 01:33:00+00:00,True
6857.T,refine,j-cross,AM15,20,2.0,5.0,2.5,7.975239897343656,34.72440383656265,2025-10-10 01:25:00+00:00,2025-10-10,BUY,35.38710484944142,5,-19.46607341490545,<80bp,0.0,neutral,3.124445430346052,2,2.8789016842408137,7.414014289505476,68,NIGHTLY_20251105,nightly,NIGHTLY_20251105\RUN_refine_AM1030_j-cross,2025-10-10 01:30:00+00:00,True
6857.T,refine,j-cross,AM15,20,2.0,5.0,2.5,7.975239897343656,34.72440383656265,2025-10-15 01:09:00+00:00,2025-10-15,BUY,46.79604245180004,6,5.901445854234288,<80bp,-17.583100105291738,down,1.6204744069912609,1,2.9464050644240523,2.9464050644240523,68,NIGHTLY_20251105,nightly,NIGHTLY_20251105\RUN_refine_AM1030_j-cross,2025-10-15 01:15:00+00:00,True
6857.T,refine,j-cross,AM15,20,2.0,5.0,2.5,7.975239897343656,34.72440383656265,2025-10-15 01:12:00+00:00,2025-10-15,BUY,45.8420487415224,3,5.901445854234288,<80bp,2.5168058280566896,neutral,0.654832682181077,2,3.0640427473504195,3.0640427473504195,68,NIGHTLY_20251105,nightly,NIGHTLY_20251105\RUN_refine_AM1030_j-cross,2025-10-15 01:15:00+00:00,True
6857.T,refine,j-cross,AM15,20,2.0,5.0,2.5,7.975239897343656,34.72440383656265,2025-10-16 01:05:00+00:00,2025-10-16,SELL,34.491937390961496,9,-63.2183908045977,<80bp,11.451874038004297,neutral,2.762948207171315,1,2.690694662021331,6.86336666745915,68,NIGHTLY_20251105,nightly,NIGHTLY_20251105\RUN_refine_AM1030_j-cross,2025-10-16 01:14:00+00:00,True
6857.T,refine,j-cross,AM15,20,2.0,5.0,2.5,7.975239897343656,34.72440383656265,2025-10-16 01:10:00+00:00,2025-10-16,SELL,34.1872790932835,4,-63.2183908045977,<80bp,-5.157803112093573,neutral,1.2282878411910672,2,2.5388764830871597,6.86336666745915,68,NIGHTLY_20251105,nightly,NIGHTLY_20251105\RUN_refine_AM1030_j-cross,2025-10-16 01:14:00+00:00,True
8053.T,refine,j-cross,AM15,3,1.5,2.0,1.2,999.0,12.106590685195355,2025-10-21 00:09:00+00:00,2025-10-21,BUY,15.60498271585816,7,79.94670219853431,<80bp,-34.76546770858624,down,0.0,1,1.4811229692478485,1.4811229692478485,80,NIGHTLY_20251105_FAST,nightly,NIGHTLY_20251105_FAST\RUN_refine_AM0930_j-cross,2025-10-21 00:16:00+00:00,True
8053.T,refine,j-cross,AM15,3,1.5,2.0,1.2,999.0,12.106590685195355,2025-10-22 00:21:00+00:00,2025-10-22,SELL,8.608198654532554,8,35.250055078211055,<80bp,20.620145274519164,up,1.292124542124542,1,1.4194126411184624,13.028287664591446,80,NIGHTLY_20251105_FAST,nightly,NIGHTLY_20251105_FAST\RUN_refine_AM0930_j-cross,2025-10-22 00:29:00+00:00,True
9107.T,refine,j-cross,AM15,3,1.5,3.0,1.2,999.0,6.980982354784244,2025-09-26 00:13:00+00:00,2025-09-26,SELL,9.624189067066713,3,-2.2237046920169,<80bp,0.0,neutral,0.0,1,1.5325916938503703,1.5325916938503703,91,NIGHTLY_20251105_FAST,nightly,NIGHTLY_20251105_FAST\RUN_refine_AM0930_j-cross,2025-09-26 00:16:00+00:00,True
9107.T,refine,j-cross,AM15,3,1.5,3.0,1.2,999.0,6.980982354784244,2025-09-26 00:24:00+00:00,2025-09-26,SELL,10.694421867570828,253,-2.2237046920169,<80bp,0.0,neutral,0.4287581699346405,2,1.2133762720205012,1.623686447975181,91,NIGHTLY_20251105_FAST,nightly,NIGHTLY_20251105_FAST\RUN_refine_AM0930_j-cross,2025-09-26 04:37:00+00:00,True
9107.T,refine,j-cross,AM15,3,1.5,3.0,1.2,999.0,6.980982354784244,2025-09-26 00:26:00+00:00,2025-09-26,SELL,7.839196926983455,188,-2.2237046920169,<80bp,0.0,neutral,0.8357393679282091,3,1.7936186795636428,1.7936186795636428,91,NIGHTLY_20251105_FAST,nightly,NIGHTLY_20251105_FAST\RUN_refine_AM0930_j-cross,2025-09-26 03:34:00+00:00,True
9107.T,refine,j-cross,AM15,3,1.5,3.0,1.2,999.0,6.980982354784244,2025-10-01 00:14:00+00:00,2025-10-01,BUY,16.401986589175756,7,0.0,<80bp,0.0,neutral,0.0,1,1.3678804093249048,21.3040319878248,91,NIGHTLY_20251105_FAST,nightly,NIGHTLY_20251105_FAST\RUN_refine_AM0930_j-cross,2025-10-01 00:21:00+00:00,True
9107.T,refine,j-cross,AM15,3,1.5,3.0,1.2,999.0,6.980982354784244,2025-10-01 00:22:00+00:00,2025-10-01,BUY,8.924883459633314,8,0.0,<80bp,0.0,neutral,0.6013936037162766,2,1.200643462986985,21.3040319878248,91,NIGHTLY_20251105_FAST,nightly,NIGHTLY_20251105_FAST\RUN_refine_AM0930_j-cross,2025-10-01 00:30:00+00:00,True
9107.T,refine,j-cross,AM15,3,1.5,3.0,1.2,999.0,6.980982354784244,2025-10-01 00:24:00+00:00,2025-10-01,BUY,6.87348716410302,6,0.0,<80bp,0.0,neutral,0.4347081978435735,3,1.3307053139453564,21.3040319878248,91,NIGHTLY_20251105_FAST,nightly,NIGHTLY_20251105_FAST\RUN_refine_AM0930_j-cross,2025-10-01 00:30:00+00:00,True
9107.T,refine,j-cross,AM15,3,1.5,3.0,1.2,999.0,6.980982354784244,2025-10-01 00:26:00+00:00,2025-10-01,BUY,5.951062983838375,4,0.0,<80bp,0.0,neutral,0.2604201400466822,4,1.394377652695969,21.3040319878248,91,NIGHTLY_20251105_FAST,nightly,NIGHTLY_20251105_FAST\RUN_refine_AM0930_j-cross,2025-10-01 00:30:00+00:00,True
9107.T,refine,j-cross,AM15,3,1.5,3.0,1.2,999.0,6.980982354784244,2025-10-01 00:29:00+00:00,2025-10-01,BUY,2.0541738160301133,1,0.0,<80bp,0.0,neutral,0.1958940604920858,5,1.5078405032423583,21.3040319878248,91,NIGHTLY_20251105_FAST,nightly,NIGHTLY_20251105_FAST\RUN_refine_AM0930_j-cross,2025-10-01 00:30:00+00:00,True
9107.T,refine,j-cross,AM15,3,1.5,3.0,1.2,999.0,6.980982354784244,2025-10-09 00:15:00+00:00,2025-10-09,SELL,5.590782328844018,4,-14.461315979754158,<80bp,8.205602407127532,neutral,0.0,1,1.2231515238830497,1.2231515238830497,91,NIGHTLY_20251105_FAST,nightly,NIGHTLY_20251105_FAST\RUN_refine_AM0930_j-cross,2025-10-09 00:19:00+00:00,True
9107.T,refine,j-cross,AM15,3,1.5,3.0,1.2,999.0,6.980982354784244,2025-10-09 00:26:00+00:00,2025-10-09,SELL,5.533124947601921,1,-14.461315979754158,<80bp,2.3507159811542166,neutral,0.7367554213560253,2,1.4712829892863757,1.9518638776470425,91,NIGHTLY_20251105_FAST,nightly,NIGHTLY_20251105_FAST\RUN_refine_AM0930_j-cross,2025-10-09 00:27:00+00:00,True
9107.T,refine,j-cross,AM15,3,1.5,3.0,1.2,999.0,6.980982354784244,2025-10-09 00:30:00+00:00,2025-10-09,BUY,5.16281083239039,9,-14.461315979754158,<80bp,-3.7148541988485375,neutral,0.2981056829511466,1,1.2547925123048438,1.9518638776470425,91,NIGHTLY_20251105_FAST,nightly,NIGHTLY_20251105_FAST\RUN_refine_AM0930_j-cross,2025-10-09 00:39:00+00:00,True
9107.T,refine,j-cross,AM15,3,1.5,3.0,1.2,999.0,6.980982354784244,2025-10-23 00:11:00+00:00,2025-10-23,SELL,9.873624469911348,3,4.710315591144607,<80bp,23.35302479963053,up,0.0,1,1.306640467894059,1.306640467894059,91,NIGHTLY_20251105_FAST,nightly,NIGHTLY_20251105_FAST\RUN_refine_AM0930_j-cross,2025-10-23 00:14:00+00:00,True
9107.T,refine,j-cross,AM15,3,1.5,3.0,1.2,999.0,6.980982354784244,2025-10-23 00:22:00+00:00,2025-10-23,BUY,0.9255283623518212,19,4.710315591144607,<80bp,-11.462853511606808,neutral,0.5444234404536863,1,1.6399739822832895,1.6399739822832895,91,NIGHTLY_20251105_FAST,nightly,NIGHTLY_20251105_FAST\RUN_refine_AM0930_j-cross,2025-10-23 00:41:00+00:00,True
9107.T,refine,j-cross,AM15,3,1.5,3.0,1.2,999.0,6.980982354784244,2025-10-23 00:27:00+00:00,2025-10-23,BUY,2.2844801514783324,14,4.710315591144607,<80bp,14.435872818296946,neutral,0.7251635930993456,2,1.5611357860375796,2.105030533456544,91,NIGHTLY_20251105_FAST,nightly,NIGHTLY_20251105_FAST\RUN_refine_AM0930_j-cross,2025-10-23 00:41:00+00:00,True
8308.T,refine,j-cross,AM15,5,1.5,3.0,1.2,999.0,24.748683231855487,2025-10-03 00:10:00+00:00,2025-10-03,BUY,29.83373820402175,32,61.09979633401222,<80bp,0.0,neutral,0.0,1,1.382025821711276,18.16990054683216,83,NIGHTLY_20251105_FAST,nightly,NIGHTLY_20251105_FAST\RUN_refine_AM0930_j-cross,2025-10-03 00:42:00+00:00,True
8308.T,refine,j-cross,AM15,5,1.5,3.0,1.2,999.0,24.748683231855487,2025-10-03 00:17:00+00:00,2025-10-03,BUY,22.4100795013944,4,61.09979633401222,<80bp,0.0,neutral,0.0,2,1.4876498820712978,18.16990054683216,83,NIGHTLY_20251105_FAST,nightly,NIGHTLY_20251105_FAST\RUN_refine_AM0930_j-cross,2025-10-03 00:21:00+00:00,True
8308.T,refine,j-cross,AM15,5,1.5,3.0,1.2,999.0,24.748683231855487,2025-10-03 00:29:00+00:00,2025-10-03,BUY,10.45058282039736,8,61.09979633401222,<80bp,0.0,neutral,1.231095536702324,3,1.2412528175267965,18.16990054683216,83,NIGHTLY_20251105_FAST,nightly,NIGHTLY_20251105_FAST\RUN_refine_AM0930_j-cross,2025-10-03 00:37:00+00:00,True
8308.T,refine,j-cross,AM15,5,1.5,3.0,1.2,999.0,24.748683231855487,2025-10-07 00:10:00+00:00,2025-10-07,BUY,29.458528059559114,4,17.19986240110079,<80bp,-1.334641324814978,neutral,0.0,1,2.0843597585732727,24.0259986934556,83,NIGHTLY_20251105_FAST,nightly,NIGHTLY_20251105_FAST\RUN_refine_AM0930_j-cross,2025-10-07 00:14:00+00:00,True
8308.T,refine,j-cross,AM15,5,1.5,3.0,1.2,999.0,24.748683231855487,2025-10-07 00:12:00+00:00,2025-10-07,BUY,34.61610914739433,40,17.19986240110079,<80bp,-17.981176177810365,down,0.0,2,1.7028056148124069,24.0259986934556,83,NIGHTLY_20251105_FAST,nightly,NIGHTLY_20251105_FAST\RUN_refine_AM0930_j-cross,2025-10-07 00:52:00+00:00,True
8308.T,refine,j-cross,AM15,5,1.5,3.0,1.2,999.0,24.748683231855487,2025-10-07 00:15:00+00:00,2025-10-07,BUY,28.668980338632345,37,17.19986240110079,<80bp,-8.874614990023177,neutral,0.0,3,1.4472049683691035,24.0259986934556,83,NIGHTLY_20251105_FAST,nightly,NIGHTLY_20251105_FAST\RUN_refine_AM0930_j-cross,2025-10-07 00:52:00+00:00,True
8308.T,refine,j-cross,AM15,5,1.5,3.0,1.2,999.0,24.748683231855487,2025-10-07 00:18:00+00:00,2025-10-07,BUY,22.53410815623472,34,17.19986240110079,<80bp,-14.128321514436104,neutral,0.2754700480979449,4,1.323744266568741,24.0259986934556,83,NIGHTLY_20251105_FAST,nightly,NIGHTLY_20251105_FAST\RUN_refine_AM0930_j-cross,2025-10-07 00:52:00+00:00,True
8308.T,refine,j-cross,AM15,5,1.5,3.0,1.2,999.0,24.748683231855487,2025-10-07 00:21:00+00:00,2025-10-07,BUY,20.01733962720987,31,17.19986240110079,<80bp,-27.593770040252878,down,0.1723458180794142,5,1.6344688267126566,24.0259986934556,83,NIGHTLY_20251105_FAST,nightly,NIGHTLY_20251105_FAST\RUN_refine_AM0930_j-cross,2025-10-07 00:52:00+00:00,True
6525.T,refine,j-cross,AM15,3,1.5,3.0,1.2,999.0,52.43629760291167,2025-09-29 00:28:00+00:00,2025-09-29,BUY,51.99683077670575,18,-9.308820107051432,<80bp,0.0,neutral,0.3185456403269755,1,1.2862470726430353,12.932692075948156,65,NIGHTLY_20251105_FAST,nightly,NIGHTLY_20251105_FAST\RUN_refine_AM0930_j-cross,2025-09-29 00:46:00+00:00,True
6525.T,refine,j-cross,AM15,3,1.5,3.0,1.2,999.0,52.43629760291167,2025-10-10 00:14:00+00:00,2025-10-10,SELL,31.202328256816187,8,28.78016382554793,<80bp,1.238397890945819,neutral,0.0,1,1.203658838357268,26.56437129327708,65,NIGHTLY_20251105_FAST,nightly,NIGHTLY_20251105_FAST\RUN_refine_AM0930_j-cross,2025-10-10 00:22:00+00:00,True
6525.T,refine,j-cross,AM15,3,1.5,3.0,1.2,999.0,52.43629760291167,2025-10-10 00:16:00+00:00,2025-10-10,SELL,34.844470210034984,6,28.78016382554793,<80bp,-6.278688065627369,neutral,0.0,2,1.2070138156203054,26.56437129327708,65,NIGHTLY_20251105_FAST,nightly,NIGHTLY_20251105_FAST\RUN_refine_AM0930_j-cross,2025-10-10 00:22:00+00:00,True
6525.T,refine,j-cross,AM15,3,1.5,3.0,1.2,999.0,52.43629760291167,2025-10-10 00:19:00+00:00,2025-10-10,SELL,26.42275011171094,2,28.78016382554793,<80bp,0.993662996975342,neutral,0.2240417704995846,3,1.2516531240176016,26.56437129327708,65,NIGHTLY_20251105_FAST,nightly,NIGHTLY_20251105_FAST\RUN_refine_AM0930_j-cross,2025-10-10 00:21:00+00:00,True
6525.T,refine,j-cross,AM15,3,1.5,3.0,1.2,999.0,52.43629760291167,2025-10-14 00:23:00+00:00,2025-10-14,SELL,45.09966047686682,15,-2.238638907544213,<80bp,17.047584701315177,up,0.8395802098950524,1,1.7138869682332558,26.56437129327708,65,NIGHTLY_20251105_FAST,nightly,NIGHTLY_20251105_FAST\RUN_refine_AM0930_j-cross,2025-10-14 00:38:00+00:00,True
6525.T,refine,j-cross,AM15,3,1.5,3.0,1.2,999.0,52.43629760291167,2025-10-15 00:19:00+00:00,2025-10-15,SELL,47.89893428443648,3,9.54653937947494,<80bp,-0.9163484095842112,neutral,0.535031847133758,1,1.5509212924622258,1.5509212924622258,65,NIGHTLY_20251105_FAST,nightly,NIGHTLY_20251105_FAST\RUN_refine_AM0930_j-cross,2025-10-15 00:22:00+00:00,True
6525.T,refine,j-cross,AM15,3,1.5,3.0,1.2,999.0,52.43629760291167,2025-10-24 00:11:00+00:00,2025-10-24,BUY,108.91200735822063,12,-6.359974560101759,<80bp,-15.920743142132654,down,0.0,1,1.6849983261469932,35.60363254836946,65,NIGHTLY_20251105_FAST,nightly,NIGHTLY_20251105_FAST\RUN_refine_AM0930_j-cross,2025-10-24 00:23:00+00:00,True
6525.T,refine,j-cross,AM15,3,1.5,3.0,1.2,999.0,52.43629760291167,2025-10-24 00:13:00+00:00,2025-10-24,BUY,79.61304106629633,9,-6.359974560101759,<80bp,-0.6301406552011724,neutral,0.0,2,1.732054073257823,35.60363254836946,65,NIGHTLY_20251105_FAST,nightly,NIGHTLY_20251105_FAST\RUN_refine_AM0930_j-cross,2025-10-24 00:22:00+00:00,True
6525.T,refine,j-cross,AM15,3,1.5,3.0,1.2,999.0,52.43629760291167,2025-10-24 00:27:00+00:00,2025-10-24,BUY,45.93665588511695,19,-6.359974560101759,<80bp,-11.542777790591874,neutral,0.4960055574852379,3,1.238399079614772,35.60363254836946,65,NIGHTLY_20251105_FAST,nightly,NIGHTLY_20251105_FAST\RUN_refine_AM0930_j-cross,2025-10-24 00:46:00+00:00,True
9432.T,refine,j-cross,AM15,3,1.5,2.0,1.8,1.4989070633253885,2.753153851030772,2025-10-01 00:14:00+00:00,2025-10-01,BUY,17.828086951028396,33,45.21944020945152,<80bp,0.0,neutral,0.0,1,1.9533500050773789,7.815374171181201,94,NIGHTLY_20251105_FAST,nightly,NIGHTLY_20251105_FAST\RUN_refine_AM0930_j-cross,2025-10-01 00:47:00+00:00,True
9432.T,refine,j-cross,AM15,3,1.5,2.0,1.8,1.4989070633253885,2.753153851030772,2025-10-01 00:20:00+00:00,2025-10-01,BUY,11.079257258545889,3,45.21944020945152,<80bp,0.0,neutral,1.596224788703586,2,2.025175512492331,7.815374171181201,94,NIGHTLY_20251105_FAST,nightly,NIGHTLY_20251105_FAST\RUN_refine_AM0930_j-cross,2025-10-01 00:23:00+00:00,True
9432.T,refine,j-cross,AM15,3,1.5,2.0,1.8,1.4989070633253885,2.753153851030772,2025-10-01 00:28:00+00:00,2025-10-01,BUY,5.604931177762616,4,45.21944020945152,<80bp,0.0,neutral,0.2512848707957832,3,2.6154501161707464,7.815374171181201,94,NIGHTLY_20251105_FAST,nightly,NIGHTLY_20251105_FAST\RUN_refine_AM0930_j-cross,2025-10-01 00:32:00+00:00,True
9432.T,refine,j-cross,AM15,3,1.5,2.0,1.8,1.4989070633253885,2.753153851030772,2025-10-02 00:16:00+00:00,2025-10-02,SELL,10.510107871903068,5,-51.780132799858414,<80bp,0.0,neutral,0.0,1,1.811365913450333,1.811365913450333,94,NIGHTLY_20251105_FAST,nightly,NIGHTLY_20251105_FAST\RUN_refine_AM0930_j-cross,2025-10-02 00:21:00+00:00,True
9432.T,refine,j-cross,AM15,3,1.5,2.0,1.8,1.4989070633253885,2.753153851030772,2025-10-03 00:28:00+00:00,2025-10-03,BUY,6.774676615007451,5,19.582445021795067,<80bp,0.0,neutral,0.1214717398125537,1,1.9756444751366768,4.2223246018466725,94,NIGHTLY_20251105_FAST,nightly,NIGHTLY_20251105_FAST\RUN_refine_AM0930_j-cross,2025-10-03 00:33:00+00:00,True
9432.T,refine,j-cross,AM15,3,1.5,2.0,1.8,1.4989070633253885,2.753153851030772,2025-10-17 00:19:00+00:00,2025-10-17,SELL,6.11634783264085,3,38.48660211712525,<80bp,4.106431040531433,neutral,0.0455726225434831,1,2.0577060054147256,6.553272436094348,94,NIGHTLY_20251105_FAST,nightly,NIGHTLY_20251105_FAST\RUN_refine_AM0930_j-cross,2025-10-17 00:22:00+00:00,True
9432.T,refine,j-cross,AM15,3,1.5,2.0,1.8,1.4989070633253885,2.753153851030772,2025-10-21 00:10:00+00:00,2025-10-21,SELL,15.496529794897228,22,18.90378434321296,<80bp,-19.810495971267493,down,0.0,1,2.298344846580592,2.333234347181484,94,NIGHTLY_20251105_FAST,nightly,NIGHTLY_20251105_FAST\RUN_refine_AM0930_j-cross,2025-10-21 00:32:00+00:00,True
9432.T,refine,j-cross,AM15,3,1.5,2.0,1.8,1.4989070633253885,2.753153851030772,2025-10-22 00:27:00+00:00,2025-10-22,BUY,-28.311077109441595,9,25.03090668620453,<80bp,-2.470755020291815,neutral,0.0890711155096847,1,1.9058496689328304,5.343579821188638,94,NIGHTLY_20251105_FAST,nightly,NIGHTLY_20251105_FAST\RUN_refine_AM0930_j-cross,2025-10-22 00:36:00+00:00,False
9432.T,refine,j-cross,AM15,3,1.5,2.0,1.8,1.4989070633253885,2.753153851030772,2025-10-22 00:29:00+00:00,2025-10-22,BUY,-26.872624493819917,7,25.03090668620453,<80bp,4.058895734511125,neutral,0.3182034170818228,2,2.0151913324576345,5.343579821188638,94,NIGHTLY_20251105_FAST,nightly,NIGHTLY_20251105_FAST\RUN_refine_AM0930_j-cross,2025-10-22 00:36:00+00:00,False
9432.T,refine,j-cross,AM15,3,1.5,2.0,1.8,1.4989070633253885,2.753153851030772,2025-10-23 00:16:00+00:00,2025-10-23,SELL,9.305302611783723,8,-56.17939535761335,<80bp,17.177949665492243,up,0.0,1,2.32809925562674,10.461922150941126,94,NIGHTLY_20251105_FAST,nightly,NIGHTLY_20251105_FAST\RUN_refine_AM0930_j-cross,2025-10-23 00:24:00+00:00,True
5016.T,refine,j-cross,AM15,1,2.5,5.0,0.7,999.0,72.83861530694944,2025-09-26 00:08:00+00:00,2025-09-26,SELL,67.99989735745434,12,-40.73872895165671,<80bp,0.0,neutral,0.0,1,0.8316136765232923,0.8316136765232923,50,NIGHTLY_20251106,nightly,NIGHTLY_20251106\RUN_refine_AM0930_j-cross,2025-09-26 00:20:00+00:00,True
5016.T,refine,j-cross,AM15,1,2.5,5.0,0.7,999.0,72.83861530694944,2025-09-26 00:11:00+00:00,2025-09-26,SELL,94.930836317011,15,-40.73872895165671,<80bp,0.0,neutral,0.0,2,0.7401517435433561,0.8316136765232923,50,NIGHTLY_20251106,nightly,NIGHTLY_20251106\RUN_refine_AM0930_j-cross,2025-09-26 00:26:00+00:00,True
5016.T,refine,j-cross,AM15,1,2.5,5.0,0.7,999.0,72.83861530694944,2025-09-26 00:15:00+00:00,2025-09-26,SELL,103.1433893948491,5,-40.73872895165671,<80bp,0.0,neutral,0.0,3,0.9965931397221652,0.9965931397221652,50,NIGHTLY_20251106,nightly,NIGHTLY_20251106\RUN_refine_AM0930_j-cross,2025-09-26 00:20:00+00:00,True
5016.T,refine,j-cross,AM15,1,2.5,5.0,0.7,999.0,72.83861530694944,2025-09-29 00:29:00+00:00,2025-09-29,BUY,61.28619194786958,75,72.7069351230425,<80bp,0.0,neutral,0.5729909341845345,1,0.9206878507607144,22.98324215452294,50,NIGHTLY_20251106,nightly,NIGHTLY_20251106\RUN_refine_AM0930_j-cross,2025-09-29 01:44:00+00:00,True
5016.T,refine,j-cross,AM15,1,2.5,5.0,0.7,999.0,72.83861530694944,2025-10-01 00:11:00+00:00,2025-10-01,BUY,117.59275741093896,145,-28.140189306728065,<80bp,0.0,neutral,0.0,1,1.0478468899521574,40.294637170292845,50,NIGHTLY_20251106,nightly,NIGHTLY_20251106\RUN_refine_AM0930_j-cross,2025-10-01 02:36:00+00:00,True
5016.T,refine,j-cross,AM15,1,2.5,5.0,0.7,999.0,72.83861530694944,2025-10-01 00:21:00+00:00,2025-10-01,BUY,103.69923611126298,11,-28.140189306728065,<80bp,0.0,neutral,0.6121554013711886,2,1.7330081221304852,40.294637170292845,50,NIGHTLY_20251106,nightly,NIGHTLY_20251106\RUN_refine_AM0930_j-cross,2025-10-01 00:32:00+00:00,True
5016.T,refine,j-cross,AM15,1,2.5,5.0,0.7,999.0,72.83861530694944,2025-10-14 00:13:00+00:00,2025-10-14,SELL,134.34208294015843,57,-66.2251655629139,<80bp,3.304844056017941,neutral,0.0,1,1.0629819784239771,41.86916121423974,50,NIGHTLY_20251106,nightly,NIGHTLY_20251106\RUN_refine_AM0930_j-cross,2025-10-14 01:10:00+00:00,True
5016.T,refine,j-cross,AM15,1,2.5,5.0,0.7,999.0,72.83861530694944,2025-10-17 00:12:00+00:00,2025-10-17,BUY,67.68039346339576,32,21.903139449987837,<80bp,-4.558214296292995,neutral,0.0,1,0.960514671312808,21.31480467485017,50,NIGHTLY_20251106,nightly,NIGHTLY_20251106\RUN_refine_AM0930_j-cross,2025-10-17 00:44:00+00:00,True
5016.T,refine,j-cross,AM15,1,2.5,5.0,0.7,999.0,72.83861530694944,2025-10-17 00:19:00+00:00,2025-10-17,BUY,17.7829710762484,13,21.903139449987837,<80bp,4.106431040531433,neutral,0.3243181688777544,2,1.3551927347264154,21.31480467485017,50,NIGHTLY_20251106,nightly,NIGHTLY_20251106\RUN_refine_AM0930_j-cross,2025-10-17 00:32:00+00:00,True
5016.T,refine,j-cross,AM15,1,2.5,5.0,0.7,999.0,72.83861530694944,2025-10-17 00:22:00+00:00,2025-10-17,BUY,66.7098610188655,22,21.903139449987837,<80bp,8.071777128628721,neutral,0.8210584565851695,3,0.747589462387244,21.31480467485017,50,NIGHTLY_20251106,nightly,NIGHTLY_20251106\RUN_refine_AM0930_j-cross,2025-10-17 00:44:00+00:00,True
5016.T,refine,j-cross,AM15,1,2.5,5.0,0.7,999.0,72.83861530694944,2025-10-17 00:25:00+00:00,2025-10-17,BUY,37.8025928553509,8,21.903139449987837,<80bp,-10.835159692748064,neutral,1.1402985074626866,4,1.5866317761840167,21.31480467485017,50,NIGHTLY_20251106,nightly,NIGHTLY_20251106\RUN_refine_AM0930_j-cross,2025-10-17 00:33:00+00:00,True
5016.T,refine,j-cross,AM15,1,2.5,5.0,0.7,999.0,72.83861530694944,2025-10-17 00:27:00+00:00,2025-10-17,BUY,37.63258001331261,6,21.903139449987837,<80bp,-2.4941343698337004,neutral,0.6826840569761455,5,1.5214763784353766,21.31480467485017,50,NIGHTLY_20251106,nightly,NIGHTLY_20251106\RUN_refine_AM0930_j-cross,2025-10-17 00:33:00+00:00,True
5016.T,refine,j-cross,AM15,1,2.5,5.0,0.7,999.0,72.83861530694944,2025-10-17 00:29:00+00:00,2025-10-17,BUY,36.29920908362519,4,21.903139449987837,<80bp,-1.3308825909763566,neutral,0.8503611971104231,6,1.0231347599768534,21.31480467485017,50,NIGHTLY_20251106,nightly,NIGHTLY_20251106\RUN_refine_AM0930_j-cross,2025-10-17 00:33:00+00:00,True
6857.T,refine,j-cross,AM15,10,3.0,1.5,1.5,10.699632385181214,68.89381784398377,2025-10-01 00:18:00+00:00,2025-10-01,BUY,67.98763273669245,18,-33.97893306150187,<80bp,0.0,neutral,0.0,1,2.089380581834601,16.04859678531659,68,NIGHTLY_20251106,nightly,NIGHTLY_20251106\RUN_refine_AM0930_j-cross,2025-10-01 00:36:00+00:00,True
6857.T,refine,j-cross,AM15,10,3.0,1.5,1.5,10.699632385181214,68.89381784398377,2025-10-01 00:21:00+00:00,2025-10-01,BUY,73.99753125221628,22,-33.97893306150187,<80bp,0.0,neutral,0.8464519976147883,2,1.5046114617764017,16.04859678531659,68,NIGHTLY_20251106,nightly,NIGHTLY_20251106\RUN_refine_AM0930_j-cross,2025-10-01 00:43:00+00:00,True
6857.T,refine,j-cross,AM15,10,3.0,1.5,1.5,10.699632385181214,68.89381784398377,2025-10-03 00:09:00+00:00,2025-10-03,BUY,57.32973247822689,1,0.0,<80bp,0.0,neutral,0.0,1,2.2004572945474545,11.18532194044512,68,NIGHTLY_20251106,nightly,NIGHTLY_20251106\RUN_refine_AM0930_j-cross,2025-10-03 00:10:00+00:00,True
6857.T,refine,j-cross,AM15,10,3.0,1.5,1.5,10.699632385181214,68.89381784398377,2025-10-03 00:17:00+00:00,2025-10-03,SELL,-47.86624839061175,3,0.0,<80bp,0.0,neutral,0.0,1,1.751437031665663,11.18532194044512,68,NIGHTLY_20251106,nightly,NIGHTLY_20251106\RUN_refine_AM0930_j-cross,2025-10-03 00:20:00+00:00,False
6857.T,refine,j-cross,AM15,10,3.0,1.5,1.5,10.699632385181214,68.89381784398377,2025-10-09 00:09:00+00:00,2025-10-09,BUY,75.5363085227738,3,-27.75464890369137,<80bp,0.0,neutral,0.0,1,1.607095580839505,8.992091943386715,68,NIGHTLY_20251106,nightly,NIGHTLY_20251106\RUN_refine_AM0930_j-cross,2025-10-09 00:12:00+00:00,True
6857.T,refine,j-cross,AM15,10,3.0,1.5,1.5,10.699632385181214,68.89381784398377,2025-10-09 00:17:00+00:00,2025-10-09,SELL,-58.67462105909678,3,-27.75464890369137,<80bp,0.0,neutral,0.0,1,1.805840373157464,8.992091943386715,68,NIGHTLY_20251106,nightly,NIGHTLY_20251106\RUN_refine_AM0930_j-cross,2025-10-09 00:20:00+00:00,False
6857.T,refine,j-cross,AM15,10,3.0,1.5,1.5,10.699632385181214,68.89381784398377,2025-10-09 00:28:00+00:00,2025-10-09,SELL,112.06934496727874,37,-27.75464890369137,<80bp,0.0,neutral,0.6647588765235825,2,1.5154495212914545,8.992091943386715,68,NIGHTLY_20251106,nightly,NIGHTLY_20251106\RUN_refine_AM0930_j-cross,2025-10-09 01:05:00+00:00,True
6857.T,refine,j-cross,AM15,10,3.0,1.5,1.5,10.699632385181214,68.89381784398377,2025-10-10 00:25:00+00:00,2025-10-10,SELL,78.7781920698903,24,-19.46607341490545,<80bp,0.0,neutral,1.3219508573973722,1,1.6850388971616856,8.992091943386715,68,NIGHTLY_20251106,nightly,NIGHTLY_20251106\RUN_refine_AM0930_j-cross,2025-10-10 00:49:00+00:00,True
6857.T,refine,j-cross,AM15,10,3.0,1.5,1.5,10.699632385181214,68.89381784398377,2025-10-10 00:28:00+00:00,2025-10-10,SELL,78.37924685481688,20,-19.46607341490545,<80bp,0.0,neutral,1.3088865096359743,2,1.6402973395049252,8.992091943386715,68,NIGHTLY_20251106,nightly,NIGHTLY_20251106\RUN_refine_AM0930_j-cross,2025-10-10 00:48:00+00:00,True
6857.T,refine,j-cross,AM15,10,3.0,1.5,1.5,10.699632385181214,68.89381784398377,2025-10-10 00:30:00+00:00,2025-10-10,SELL,82.76028074240762,19,-19.46607341490545,<80bp,0.0,neutral,0.9983660130718954,3,1.5614714912293566,8.992091943386715,68,NIGHTLY_20251106,nightly,NIGHTLY_20251106\RUN_refine_AM0930_j-cross,2025-10-10 00:49:00+00:00,True
6857.T,refine,j-cross,AM15,10,3.0,1.5,1.5,10.699632385181214,68.89381784398377,2025-10-15 00:19:00+00:00,2025-10-15,SELL,123.1632613179192,51,5.901445854234288,<80bp,-0.9163484095842112,neutral,0.7759237187127532,1,1.816246749430125,1.816246749430125,68,NIGHTLY_20251106,nightly,NIGHTLY_20251106\RUN_refine_AM0930_j-cross,2025-10-15 01:10:00+00:00,True
6857.T,refine,j-cross,AM15,10,3.0,1.5,1.5,10.699632385181214,68.89381784398377,2025-10-15 00:24:00+00:00,2025-10-15,SELL,126.00534700950234,45,5.901445854234288,<80bp,11.128107553035615,neutral,0.940504994106334,2,1.7742026452497677,1.8837607721410448,68,NIGHTLY_20251106,nightly,NIGHTLY_20251106\RUN_refine_AM0930_j-cross,2025-10-15 01:09:00+00:00,True
6857.T,refine,j-cross,AM15,10,3.0,1.5,1.5,10.699632385181214,68.89381784398377,2025-10-15 00:28:00+00:00,2025-10-15,SELL,105.496866768666,41,5.901445854234288,<80bp,12.741675673213493,neutral,0.6252972972972973,3,1.8744783826443987,1.8837607721410448,68,NIGHTLY_20251106,nightly,NIGHTLY_20251106\RUN_refine_AM0930_j-cross,2025-10-15 01:09:00+00:00,True
6857.T,refine,j-cross,AM15,10,3.0,1.5,1.5,10.699632385181214,68.89381784398377,2025-10-16 00:15:00+00:00,2025-10-16,SELL,76.95096146958443,22,-63.2183908045977,<80bp,8.243803028282759,neutral,0.0,1,1.637161587250067,6.973581566803869,68,NIGHTLY_20251106,nightly,NIGHTLY_20251106\RUN_refine_AM0930_j-cross,2025-10-16 00:37:00+00:00,True
6857.T,refine,j-cross,AM15,10,3.0,1.5,1.5,10.699632385181214,68.89381784398377,2025-10-16 00:17:00+00:00,2025-10-16,SELL,81.49343091949017,20,-63.2183908045977,<80bp,12.355894338391682,neutral,0.0,2,1.5255654174458593,6.973581566803869,68,NIGHTLY_20251106,nightly,NIGHTLY_20251106\RUN_refine_AM0930_j-cross,2025-10-16 00:37:00+00:00,True
8035.T,refine,j-cross,AM15,1,1.0,5.0,1.1,999.0,15.658189918585848,2025-10-01 00:10:00+00:00,2025-10-01,BUY,25.06048841454706,31,-36.018957345971565,<80bp,0.0,neutral,0.0,1,1.1893413775766557,20.760333923602595,80,NIGHTLY_20251106,nightly,NIGHTLY_20251106\RUN_refine_AM0930_j-cross,2025-10-01 00:41:00+00:00,True
8035.T,refine,j-cross,AM15,1,1.0,5.0,1.1,999.0,15.658189918585848,2025-10-01 00:14:00+00:00,2025-10-01,BUY,9.460160109605244,2,-36.018957345971565,<80bp,0.0,neutral,0.0,2,1.1755418260272967,20.760333923602595,80,NIGHTLY_20251106,nightly,NIGHTLY_20251106\RUN_refine_AM0930_j-cross,2025-10-01 00:16:00+00:00,True
8035.T,refine,j-cross,AM15,1,1.0,5.0,1.1,999.0,15.658189918585848,2025-10-01 00:18:00+00:00,2025-10-01,BUY,28.73116921319624,15,-36.018957345971565,<80bp,0.0,neutral,0.0,3,1.492519890639879,20.760333923602595,80,NIGHTLY_20251106,nightly,NIGHTLY_20251106\RUN_refine_AM0930_j-cross,2025-10-01 00:33:00+00:00,True
8035.T,refine,j-cross,AM15,1,1.0,5.0,1.1,999.0,15.658189918585848,2025-10-01 00:28:00+00:00,2025-10-01,BUY,9.73354818538824,2,-36.018957345971565,<80bp,0.0,neutral,0.7427884615384616,4,1.2456430288461786,20.760333923602595,80,NIGHTLY_20251106,nightly,NIGHTLY_20251106\RUN_refine_AM0930_j-cross,2025-10-01 00:30:00+00:00,True
8035.T,refine,j-cross,AM15,1,1.0,5.0,1.1,999.0,15.658189918585848,2025-10-10 00:16:00+00:00,2025-10-10,SELL,42.15422821866956,7,-65.56825823806321,<80bp,0.0,neutral,0.0,1,1.5337390711478291,56.576690211907405,80,NIGHTLY_20251106,nightly,NIGHTLY_20251106\RUN_refine_AM0930_j-cross,2025-10-10 00:23:00+00:00,True
8035.T,refine,j-cross,AM15,1,1.0,5.0,1.1,999.0,15.658189918585848,2025-10-21 00:16:00+00:00,2025-10-21,SELL,8.393481123831307,12,9.572431397574984,<80bp,25.917344012313936,up,0.0,1,1.24646408839777,1.24646408839777,80,NIGHTLY_20251106,nightly,NIGHTLY_20251106\RUN_refine_AM0930_j-cross,2025-10-21 00:28:00+00:00,True
8035.T,refine,j-cross,AM15,1,1.0,5.0,1.1,999.0,15.658189918585848,2025-10-21 00:18:00+00:00,2025-10-21,SELL,19.594730538922597,3,9.572431397574984,<80bp,14.296021963480232,neutral,0.0,2,1.6194610778442893,1.6194610778442893,80,NIGHTLY_20251106,nightly,NIGHTLY_20251106\RUN_refine_AM0930_j-cross,2025-10-21 00:21:00+00:00,True
8035.T,refine,j-cross,AM15,1,1.0,5.0,1.1,999.0,15.658189918585848,2025-10-21 00:22:00+00:00,2025-10-21,SELL,5.470321559856432,2,9.572431397574984,<80bp,1.5207574332820606,neutral,0.5059225055209797,3,1.435655490865247,2.0194535519125565,80,NIGHTLY_20251106,nightly,NIGHTLY_20251106\RUN_refine_AM0930_j-cross,2025-10-21 00:24:00+00:00,True
8035.T,refine,j-cross,AM15,1,1.0,5.0,1.1,999.0,15.658189918585848,2025-10-22 00:25:00+00:00,2025-10-22,SELL,4.616900647606471,2,-42.13938411669368,<80bp,2.4145087559857004,neutral,0.4754735308402136,1,3.024040796503201,15.836827328029903,80,NIGHTLY_20251106,nightly,NIGHTLY_20251106\RUN_refine_AM0930_j-cross,2025-10-22 00:27:00+00:00,True
8035.T,refine,j-cross,AM15,1,1.0,5.0,1.1,999.0,15.658189918585848,2025-10-22 00:28:00+00:00,2025-10-22,SELL,3.3668711742353423,2,-42.13938411669368,<80bp,19.21648865891301,up,0.329388119696293,2,2.167857674557065,15.836827328029903,80,NIGHTLY_20251106,nightly,NIGHTLY_20251106\RUN_refine_AM0930_j-cross,2025-10-22 00:30:00+00:00,True
6857.T,refine,j-cross,AM15,5,1.9,2.2,1.4,5.01342196880179,39.91944556069823,2025-10-01 00:18:00+00:00,2025-10-01,BUY,46.61174568829993,17,-33.97893306150187,<80bp,0.0,neutral,0.0,1,1.8523965003677465,17.894166778094945,68,NIGHTLY_20251105,weekly,WEEKLY_\NIGHTLY_20251105\RUN_refine_AM0930_j-cross,2025-10-01 00:35:00+00:00,True
6857.T,refine,j-cross,AM15,5,1.9,2.2,1.4,5.01342196880179,39.91944556069823,2025-10-01 00:22:00+00:00,2025-10-01,BUY,53.38736216847713,13,-33.97893306150187,<80bp,0.0,neutral,0.7492142108772264,2,1.5435229926587124,17.894166778094945,68,NIGHTLY_20251105,weekly,WEEKLY_\NIGHTLY_20251105\RUN_refine_AM0930_j-cross,2025-10-01 00:35:00+00:00,True
6857.T,refine,j-cross,AM15,5,1.9,2.2,1.4,5.01342196880179,39.91944556069823,2025-10-01 00:26:00+00:00,2025-10-01,BUY,43.43326604544123,4,-33.97893306150187,<80bp,0.0,neutral,0.815068493150685,3,1.446267489221543,17.894166778094945,68,NIGHTLY_20251105,weekly,WEEKLY_\NIGHTLY_20251105\RUN_refine_AM0930_j-cross,2025-10-01 00:30:00+00:00,True
6857.T,refine,j-cross,AM15,5,1.9,2.2,1.4,5.01342196880179,39.91944556069823,2025-10-03 00:09:00+00:00,2025-10-03,BUY,49.26613142101613,1,0.0,<80bp,0.0,neutral,0.0,1,1.5548375419970342,11.210689135807703,68,NIGHTLY_20251105,weekly,WEEKLY_\NIGHTLY_20251105\RUN_refine_AM0930_j-cross,2025-10-03 00:10:00+00:00,True
6857.T,refine,j-cross,AM15,5,1.9,2.2,1.4,5.01342196880179,39.91944556069823,2025-10-03 00:17:00+00:00,2025-10-03,SELL,-71.18194312105378,3,0.0,<80bp,0.0,neutral,0.0,1,1.609276075387174,11.210689135807703,68,NIGHTLY_20251105,weekly,WEEKLY_\NIGHTLY_20251105\RUN_refine_AM0930_j-cross,2025-10-03 00:20:00+00:00,False
6857.T,refine,j-cross,AM15,5,1.9,2.2,1.4,5.01342196880179,39.91944556069823,2025-10-09 00:17:00+00:00,2025-10-09,SELL,-87.96183342080316,4,-27.75464890369137,<80bp,0.0,neutral,0.0,1,1.6647447982837014,10.657675124740187,68,NIGHTLY_20251105,weekly,WEEKLY_\NIGHTLY_20251105\RUN_refine_AM0930_j-cross,2025-10-09 00:21:00+00:00,False
6857.T,refine,j-cross,AM15,5,1.9,2.2,1.4,5.01342196880179,39.91944556069823,2025-10-09 00:28:00+00:00,2025-10-09,SELL,74.21001781956193,32,-27.75464890369137,<80bp,0.0,neutral,0.6647588765235825,2,1.4007897106713112,10.657675124740187,68,NIGHTLY_20251105,weekly,WEEKLY_\NIGHTLY_20251105\RUN_refine_AM0930_j-cross,2025-10-09 01:00:00+00:00,True
6857.T,refine,j-cross,AM15,5,1.9,2.2,1.4,5.01342196880179,39.91944556069823,2025-10-09 00:30:00+00:00,2025-10-09,SELL,64.35714029399705,12,-27.75464890369137,<80bp,0.0,neutral,0.5889084507042254,3,1.4742893520227212,10.657675124740187,68,NIGHTLY_20251105,weekly,WEEKLY_\NIGHTLY_20251105\RUN_refine_AM0930_j-cross,2025-10-09 00:42:00+00:00,True
6857.T,refine,j-cross,AM15,5,1.9,2.2,1.4,5.01342196880179,39.91944556069823,2025-10-10 00:25:00+00:00,2025-10-10,SELL,48.29895040951369,21,-19.46607341490545,<80bp,0.0,neutral,1.3219508573973722,1,1.6638163494665557,10.657675124740187,68,NIGHTLY_20251105,weekly,WEEKLY_\NIGHTLY_20251105\RUN_refine_AM0930_j-cross,2025-10-10 00:46:00+00:00,True
6857.T,refine,j-cross,AM15,5,1.9,2.2,1.4,5.01342196880179,39.91944556069823,2025-10-10 00:28:00+00:00,2025-10-10,SELL,48.0806008566326,18,-19.46607341490545,<80bp,0.0,neutral,1.3088865096359743,2,1.6160760369764973,10.657675124740187,68,NIGHTLY_20251105,weekly,WEEKLY_\NIGHTLY_20251105\RUN_refine_AM0930_j-cross,2025-10-10 00:46:00+00:00,True
6857.T,refine,j-cross,AM15,5,1.9,2.2,1.4,5.01342196880179,39.91944556069823,2025-10-10 00:30:00+00:00,2025-10-10,SELL,53.27995518605223,16,-19.46607341490545,<80bp,0.0,neutral,0.9983660130718954,3,1.468038940856042,10.657675124740187,68,NIGHTLY_20251105,weekly,WEEKLY_\NIGHTLY_20251105\RUN_refine_AM0930_j-cross,2025-10-10 00:46:00+00:00,True
6857.T,refine,j-cross,AM15,5,1.9,2.2,1.4,5.01342196880179,39.91944556069823,2025-10-15 00:15:00+00:00,2025-10-15,SELL,69.24264814964775,55,5.901445854234288,<80bp,3.310243679186531,neutral,0.0,1,1.4552743764109972,1.4552743764109972,68,NIGHTLY_20251105,weekly,WEEKLY_\NIGHTLY_20251105\RUN_refine_AM0930_j-cross,2025-10-15 01:10:00+00:00,True
6857.T,refine,j-cross,AM15,5,1.9,2.2,1.4,5.01342196880179,39.91944556069823,2025-10-15 00:19:00+00:00,2025-10-15,SELL,67.10404265340185,21,5.901445854234288,<80bp,-0.9163484095842112,neutral,0.7759237187127532,2,2.084486242381602,2.084486242381602,68,NIGHTLY_20251105,weekly,WEEKLY_\NIGHTLY_20251105\RUN_refine_AM0930_j-cross,2025-10-15 00:40:00+00:00,True
6857.T,refine,j-cross,AM15,5,1.9,2.2,1.4,5.01342196880179,39.91944556069823,2025-10-15 00:23:00+00:00,2025-10-15,SELL,71.7060631766908,17,5.901445854234288,<80bp,5.199583204724689,neutral,0.5937113469175185,3,1.5643068321584457,2.09732364399012,68,NIGHTLY_20251105,weekly,WEEKLY_\NIGHTLY_20251105\RUN_refine_AM0930_j-cross,2025-10-15 00:40:00+00:00,True
6857.T,refine,j-cross,AM15,5,1.9,2.2,1.4,5.01342196880179,39.91944556069823,2025-10-15 00:27:00+00:00,2025-10-15,SELL,55.84467123943703,13,5.901445854234288,<80bp,9.654092482576091,neutral,0.4608169608169608,4,1.5446525760451917,2.09732364399012,68,NIGHTLY_20251105,weekly,WEEKLY_\NIGHTLY_20251105\RUN_refine_AM0930_j-cross,2025-10-15 00:40:00+00:00,True
6857.T,refine,j-cross,AM15,5,1.9,2.2,1.4,5.01342196880179,39.91944556069823,2025-10-16 00:15:00+00:00,2025-10-16,SELL,53.03231040485931,17,-63.2183908045977,<80bp,8.243803028282759,neutral,0.0,1,1.4376497044693577,7.742911780198053,68,NIGHTLY_20251105,weekly,WEEKLY_\NIGHTLY_20251105\RUN_refine_AM0930_j-cross,2025-10-16 00:32:00+00:00,True
6526.T,refine,j-cross,AM15,5,1.8,2.9,1.45,999.0,78.39798037101876,2025-09-24 00:13:00+00:00,2025-09-24,BUY,90.01744757119128,11,23.704707077548257,<80bp,0.0,neutral,0.0,1,1.4606160638769872,1.4606160638769872,65,NIGHTLY_20251105,weekly,WEEKLY_\NIGHTLY_20251105\RUN_refine_AM0930_j-cross,2025-09-24 00:24:00+00:00,True
6526.T,refine,j-cross,AM15,5,1.8,2.9,1.45,999.0,78.39798037101876,2025-09-24 00:15:00+00:00,2025-09-24,BUY,84.70020059679636,7,23.704707077548257,<80bp,0.0,neutral,0.0,2,1.7545664104874792,1.7545664104874792,65,NIGHTLY_20251105,weekly,WEEKLY_\NIGHTLY_20251105\RUN_refine_AM0930_j-cross,2025-09-24 00:22:00+00:00,True
6526.T,refine,j-cross,AM15,5,1.8,2.9,1.45,999.0,78.39798037101876,2025-09-24 00:19:00+00:00,2025-09-24,BUY,58.2431582097546,2,23.704707077548257,<80bp,0.0,neutral,0.7605518928838442,3,1.4641652785388437,1.7911151807136685,65,NIGHTLY_20251105,weekly,WEEKLY_\NIGHTLY_20251105\RUN_refine_AM0930_j-cross,2025-09-24 00:21:00+00:00,True
6526.T,refine,j-cross,AM15,5,1.8,2.9,1.45,999.0,78.39798037101876,2025-09-24 00:25:00+00:00,2025-09-24,SELL,66.1881846526024,35,23.704707077548257,<80bp,0.0,neutral,1.6668557651396965,1,1.633015562424406,1.7911151807136685,65,NIGHTLY_20251105,weekly,WEEKLY_\NIGHTLY_20251105\RUN_refine_AM0930_j-cross,2025-09-24 01:00:00+00:00,True
6526.T,refine,j-cross,AM15,5,1.8,2.9,1.45,999.0,78.39798037101876,2025-09-24 00:30:00+00:00,2025-09-24,SELL,92.8409108247492,17,23.704707077548257,<80bp,0.0,neutral,1.5318565882621604,2,1.777063634666139,3.2686162808900368,65,NIGHTLY_20251105,weekly,WEEKLY_\NIGHTLY_20251105\RUN_refine_AM0930_j-cross,2025-09-24 00:47:00+00:00,True
285A.T,refine,j-cross,AM15,3,1.5,3.0,1.8,999.0,100.90254337891456,2025-09-29 00:11:00+00:00,2025-09-29,SELL,147.80451414977088,21,,<80bp,0.0,neutral,0.0,1,1.840691883309168,1.840691883309168,28,NIGHTLY_20251105,weekly,WEEKLY_\NIGHTLY_20251105\RUN_refine_AM0930_j-cross,2025-09-29 00:32:00+00:00,True
285A.T,refine,j-cross,AM15,3,1.5,3.0,1.8,999.0,100.90254337891456,2025-10-08 00:17:00+00:00,2025-10-08,SELL,123.72137585916364,163,-68.02721088435374,<80bp,0.0,neutral,0.0,1,2.0590306743687896,2.0590306743687896,28,NIGHTLY_20251105,weekly,WEEKLY_\NIGHTLY_20251105\RUN_refine_AM0930_j-cross,2025-10-08 03:00:00+00:00,True
285A.T,refine,j-cross,AM15,3,1.5,3.0,1.8,999.0,100.90254337891456,2025-10-08 00:19:00+00:00,2025-10-08,SELL,112.70700104301098,161,-68.02721088435374,<80bp,0.0,neutral,0.5491478296689151,2,2.0580299028262186,2.0590306743687896,28,NIGHTLY_20251105,weekly,WEEKLY_\NIGHTLY_20251105\RUN_refine_AM0930_j-cross,2025-10-08 03:00:00+00:00,True
285A.T,refine,j-cross,AM15,3,1.5,3.0,1.8,999.0,100.90254337891456,2025-10-10 00:22:00+00:00,2025-10-10,SELL,54.36195888820658,1,-16.10305958132045,<80bp,0.0,neutral,0.6374263448013685,1,1.8618027859389503,35.21044244099087,28,NIGHTLY_20251105,weekly,WEEKLY_\NIGHTLY_20251105\RUN_refine_AM0930_j-cross,2025-10-10 00:23:00+00:00,True
285A.T,refine,j-cross,AM15,3,1.5,3.0,1.8,999.0,100.90254337891456,2025-10-10 00:26:00+00:00,2025-10-10,SELL,65.91786695442082,2,-16.10305958132045,<80bp,0.0,neutral,2.090909090909091,2,2.230718501521067,35.21044244099087,28,NIGHTLY_20251105,weekly,WEEKLY_\NIGHTLY_20251105\RUN_refine_AM0930_j-cross,2025-10-10 00:28:00+00:00,True
5801.T,refine,j-cross,AM15,3,1.9,3.0,1.4,0.7893741599271027,-11.647256597516812,2025-09-26 00:15:00+00:00,2025-09-26,BUY,-165.8949812637289,136,56.54632448890822,<80bp,0.0,neutral,0.0,1,1.4813158510632496,1.4813158510632496,58,NIGHTLY_20251105,weekly,WEEKLY_\NIGHTLY_20251105\RUN_refine_AM0930_j-cross,2025-09-26 02:31:00+00:00,False
5801.T,refine,j-cross,AM15,3,1.9,3.0,1.4,0.7893741599271027,-11.647256597516812,2025-09-26 00:24:00+00:00,2025-09-26,BUY,86.88806612196102,7,56.54632448890822,<80bp,0.0,neutral,1.0124826629681,2,1.8823442553492036,1.8823442553492036,58,NIGHTLY_20251105,weekly,WEEKLY_\NIGHTLY_20251105\RUN_refine_AM0930_j-cross,2025-09-26 00:31:00+00:00,True
5801.T,refine,j-cross,AM15,3,1.9,3.0,1.4,0.7893741599271027,-11.647256597516812,2025-09-26 00:29:00+00:00,2025-09-26,BUY,44.06514534921745,2,56.54632448890822,<80bp,0.0,neutral,0.7059671028935046,3,1.6445473939275397,2.4007246892926184,58,NIGHTLY_20251105,weekly,WEEKLY_\NIGHTLY_20251105\RUN_refine_AM0930_j-cross,2025-09-26 00:31:00+00:00,True
5016.T,refine,j-cross,AM15,3,2.0,2.9,1.7,999.0,100.49593360080348,2025-09-26 00:16:00+00:00,2025-09-26,SELL,100.0968708120924,1,-40.73872895165671,<80bp,0.0,neutral,0.0,1,2.001692472459134,24.556084267886177,50,NIGHTLY_20251105,weekly,WEEKLY_\NIGHTLY_20251105\RUN_refine_AM0930_j-cross,2025-09-26 00:17:00+00:00,True
5016.T,refine,j-cross,AM15,3,2.0,2.9,1.7,999.0,100.49593360080348,2025-10-01 00:13:00+00:00,2025-10-01,BUY,91.10695801898692,22,-28.140189306728065,<80bp,0.0,neutral,0.0,1,1.7616104231107548,27.39831339066562,50,NIGHTLY_20251105,weekly,WEEKLY_\NIGHTLY_20251105\RUN_refine_AM0930_j-cross,2025-10-01 00:35:00+00:00,True
5016.T,refine,j-cross,AM15,3,2.0,2.9,1.7,999.0,100.49593360080348,2025-10-01 00:18:00+00:00,2025-10-01,BUY,95.40962510141732,12,-28.140189306728065,<80bp,0.0,neutral,0.0,2,1.889671405754224,27.39831339066562,50,NIGHTLY_20251105,weekly,WEEKLY_\NIGHTLY_20251105\RUN_refine_AM0930_j-cross,2025-10-01 00:30:00+00:00,True
5016.T,refine,j-cross,AM15,3,2.0,2.9,1.7,999.0,100.49593360080348,2025-10-01 00:22:00+00:00,2025-10-01,BUY,71.58758047349934,8,-28.140189306728065,<80bp,0.0,neutral,0.4649912753966185,3,1.798014978501146,27.39831339066562,50,NIGHTLY_20251105,weekly,WEEKLY_\NIGHTLY_20251105\RUN_refine_AM0930_j-cross,2025-10-01 00:30:00+00:00,True
5016.T,refine,j-cross,AM15,3,2.0,2.9,1.7,999.0,100.49593360080348,2025-10-14 00:15:00+00:00,2025-10-14,SELL,142.92456541031945,32,-66.2251655629139,<80bp,33.20901565934342,up,2.055789225747838,1,1.87526057421567,19.10160905744156,50,NIGHTLY_20251105,weekly,WEEKLY_\NIGHTLY_20251105\RUN_refine_AM0930_j-cross,2025-10-14 00:47:00+00:00,True
5016.T,refine,j-cross,AM15,3,2.0,2.9,1.7,999.0,100.49593360080348,2025-10-14 00:19:00+00:00,2025-10-14,SELL,116.96768501808629,13,-66.2251655629139,<80bp,61.26054453340801,up,0.8846368244338143,2,2.04979664151237,19.10160905744156,50,NIGHTLY_20251105,weekly,WEEKLY_\NIGHTLY_20251105\RUN_refine_AM0930_j-cross,2025-10-14 00:32:00+00:00,True
5016.T,refine,j-cross,AM15,3,2.0,2.9,1.7,999.0,100.49593360080348,2025-10-14 00:24:00+00:00,2025-10-14,SELL,85.37825037122268,6,-66.2251655629139,<80bp,15.252837738684022,up,0.5695651202787518,3,1.8325798651795957,19.10160905744156,50,NIGHTLY_20251105,weekly,WEEKLY_\NIGHTLY_20251105\RUN_refine_AM0930_j-cross,2025-10-14 00:30:00+00:00,True
8136.T,refine,j-cross,AM15,5,2.0,2.0,1.2,2.8469765666242046,27.53551146043325,2025-09-25 00:10:00+00:00,2025-09-25,SELL,-70.11240894746041,10,-11.85360794191732,<80bp,0.0,neutral,0.0,1,1.4650405069365449,20.797556673633864,81,NIGHTLY_20251105,weekly,WEEKLY_\NIGHTLY_20251105\RUN_refine_AM0930_j-cross,2025-09-25 00:20:00+00:00,False
8136.T,refine,j-cross,AM15,5,2.0,2.0,1.2,2.8469765666242046,27.53551146043325,2025-09-25 00:14:00+00:00,2025-09-25,SELL,-64.06341527366084,6,-11.85360794191732,<80bp,0.0,neutral,0.0,2,1.67738105642684,20.797556673633864,81,NIGHTLY_20251105,weekly,WEEKLY_\NIGHTLY_20251105\RUN_refine_AM0930_j-cross,2025-09-25 00:20:00+00:00,False
8136.T,refine,j-cross,AM15,5,2.0,2.0,1.2,2.8469765666242046,27.53551146043325,2025-09-26 00:16:00+00:00,2025-09-26,SELL,48.99745660305514,3,-2.818886539816772,<80bp,0.0,neutral,0.0,1,1.4576278792010622,23.56555262140637,81,NIGHTLY_20251105,weekly,WEEKLY_\NIGHTLY_20251105\RUN_refine_AM0930_j-cross,2025-09-26 00:19:00+00:00,True
8136.T,refine,j-cross,AM15,5,2.0,2.0,1.2,2.8469765666242046,27.53551146043325,2025-09-26 00:26:00+00:00,2025-09-26,BUY,41.77930456387972,23,-2.818886539816772,<80bp,0.0,neutral,0.7016358997448596,1,1.2066161125822925,23.56555262140637,81,NIGHTLY_20251105,weekly,WEEKLY_\NIGHTLY_20251105\RUN_refine_AM0930_j-cross,2025-09-26 00:49:00+00:00,True
8136.T,refine,j-cross,AM15,5,2.0,2.0,1.2,2.8469765666242046,27.53551146043325,2025-10-10 00:12:00+00:00,2025-10-10,SELL,75.3267252914714,117,-5.142049106568968,<80bp,0.0,neutral,0.0,1,1.418994247824653,1.418994247824653,81,NIGHTLY_20251105,weekly,WEEKLY_\NIGHTLY_20251105\RUN_refine_AM0930_j-cross,2025-10-10 02:09:00+00:00,True
8136.T,refine,j-cross,AM15,5,2.0,2.0,1.2,2.8469765666242046,27.53551146043325,2025-10-10 00:15:00+00:00,2025-10-10,SELL,70.15120734069842,44,-5.142049106568968,<80bp,0.0,neutral,0.0,2,1.4992854270809588,1.676011366587698,81,NIGHTLY_20251105,weekly,WEEKLY_\NIGHTLY_20251105\RUN_refine_AM0930_j-cross,2025-10-10 00:59:00+00:00,True
8136.T,refine,j-cross,AM15,5,2.0,2.0,1.2,2.8469765666242046,27.53551146043325,2025-10-10 00:19:00+00:00,2025-10-10,SELL,57.837024257132754,36,-5.142049106568968,<80bp,0.0,neutral,1.1912547883770903,3,1.335462592577287,1.676011366587698,81,NIGHTLY_20251105,weekly,WEEKLY_\NIGHTLY_20251105\RUN_refine_AM0930_j-cross,2025-10-10 00:55:00+00:00,True
8136.T,refine,j-cross,AM15,5,2.0,2.0,1.2,2.8469765666242046,27.53551146043325,2025-10-10 00:24:00+00:00,2025-10-10,SELL,49.07182764277127,31,-5.142049106568968,<80bp,0.0,neutral,0.5278770822240816,4,1.2720338226523982,1.676011366587698,81,NIGHTLY_20251105,weekly,WEEKLY_\NIGHTLY_20251105\RUN_refine_AM0930_j-cross,2025-10-10 00:55:00+00:00,True
8136.T,refine,j-cross,AM15,5,2.0,2.0,1.2,2.8469765666242046,27.53551146043325,2025-10-10 00:29:00+00:00,2025-10-10,SELL,38.83188166601181,24,-5.142049106568968,<80bp,0.0,neutral,0.3821927695033134,5,1.3421460633629445,1.676011366587698,81,NIGHTLY_20251105,weekly,WEEKLY_\NIGHTLY_20251105\RUN_refine_AM0930_j-cross,2025-10-10 00:53:00+00:00,True
8035.T,refine,j-cross,AM15,5,2.0,3.0,1.5,3.325994763813219,30.885038683808187,2025-09-24 00:15:00+00:00,2025-09-24,BUY,56.35689841661693,5,-24.376523532720796,<80bp,0.0,neutral,0.0,1,1.5566430513363558,1.5566430513363558,80,NIGHTLY_20251105,weekly,WEEKLY_\NIGHTLY_20251105\RUN_refine_AM0930_j-cross,2025-09-24 00:20:00+00:00,True
8035.T,refine,j-cross,AM15,5,2.0,3.0,1.5,3.325994763813219,30.885038683808187,2025-09-24 00:22:00+00:00,2025-09-24,SELL,45.3518755153561,38,-24.376523532720796,<80bp,0.0,neutral,0.4254235280180073,1,1.672746518992536,1.672746518992536,80,NIGHTLY_20251105,weekly,WEEKLY_\NIGHTLY_20251105\RUN_refine_AM0930_j-cross,2025-09-24 01:00:00+00:00,True
8035.T,refine,j-cross,AM15,5,2.0,3.0,1.5,3.325994763813219,30.885038683808187,2025-09-24 00:25:00+00:00,2025-09-24,SELL,53.15202339265733,13,-24.376523532720796,<80bp,0.0,neutral,1.6288923191568638,2,2.550562045410261,2.550562045410261,80,NIGHTLY_20251105,weekly,WEEKLY_\NIGHTLY_20251105\RUN_refine_AM0930_j-cross,2025-09-24 00:38:00+00:00,True
8035.T,refine,j-cross,AM15,5,2.0,3.0,1.5,3.325994763813219,30.885038683808187,2025-10-01 00:10:00+00:00,2025-10-01,BUY,-79.66923872135162,11,-36.018957345971565,<80bp,0.0,neutral,0.0,1,1.631242889324264,9.910593095127304,80,NIGHTLY_20251105,weekly,WEEKLY_\NIGHTLY_20251105\RUN_refine_AM0930_j-cross,2025-10-01 00:21:00+00:00,False
8035.T,refine,j-cross,AM15,5,2.0,3.0,1.5,3.325994763813219,30.885038683808187,2025-10-01 00:18:00+00:00,2025-10-01,BUY,45.71853186537769,15,-36.018957345971565,<80bp,0.0,neutral,0.0,2,1.99985428844564,9.910593095127304,80,NIGHTLY_20251105,weekly,WEEKLY_\NIGHTLY_20251105\RUN_refine_AM0930_j-cross,2025-10-01 00:33:00+00:00,True
8035.T,refine,j-cross,AM15,5,2.0,3.0,1.5,3.325994763813219,30.885038683808187,2025-10-10 00:16:00+00:00,2025-10-10,SELL,64.40014163419269,8,-65.56825823806321,<80bp,0.0,neutral,0.0,1,2.082278171821196,15.491387906719904,80,NIGHTLY_20251105,weekly,WEEKLY_\NIGHTLY_20251105\RUN_refine_AM0930_j-cross,2025-10-10 00:24:00+00:00,True
5706.T,refine,j-only,AM15,5,1.5,2.0,1.2,999.0,47.80469793788707,2025-10-03 00:12:00+00:00,2025-10-03,SELL,74.11515115157769,2,-28.305701577031943,<80bp,0.0,neutral,0.0,1,1.415340846310843,1.415340846310843,57,NIGHTLY_20251105,weekly,WEEKLY_\NIGHTLY_20251105\RUN_refine_AM0930_j-only,2025-10-03 00:14:00+00:00,True
5706.T,refine,j-only,AM15,5,1.5,2.0,1.2,999.0,47.80469793788707,2025-10-03 00:23:00+00:00,2025-10-03,SELL,50.69658249149973,11,-28.305701577031943,<80bp,0.0,neutral,1.177318784099766,2,1.8498301006126625,1.8498301006126625,57,NIGHTLY_20251105,weekly,WEEKLY_\NIGHTLY_20251105\RUN_refine_AM0930_j-only,2025-10-03 00:34:00+00:00,True
5706.T,refine,j-only,AM15,5,1.5,2.0,1.2,999.0,47.80469793788707,2025-10-03 00:24:00+00:00,2025-10-03,SELL,46.13622816084652,7,-28.305701577031943,<80bp,0.0,neutral,0.3220858895705521,3,2.2930069431844275,2.2930069431844275,57,NIGHTLY_20251105,weekly,WEEKLY_\NIGHTLY_20251105\RUN_refine_AM0930_j-only,2025-10-03 00:31:00+00:00,True
5706.T,refine,j-only,AM15,5,1.5,2.0,1.2,999.0,47.80469793788707,2025-10-03 00:25:00+00:00,2025-10-03,SELL,41.84760190420241,8,-28.305701577031943,<80bp,0.0,neutral,0.5412775494957042,4,1.9862658366563253,2.2930069431844275,57,NIGHTLY_20251105,weekly,WEEKLY_\NIGHTLY_20251105\RUN_refine_AM0930_j-only,2025-10-03 00:33:00+00:00,True
5706.T,refine,j-only,AM15,5,1.5,2.0,1.2,999.0,47.80469793788707,2025-10-03 00:26:00+00:00,2025-10-03,SELL,36.14970922619387,7,-28.305701577031943,<80bp,0.0,neutral,0.3159057437407953,5,2.0876772149571163,2.2930069431844275,57,NIGHTLY_20251105,weekly,WEEKLY_\NIGHTLY_20251105\RUN_refine_AM0930_j-only,2025-10-03 00:33:00+00:00,True
5706.T,refine,j-only,AM15,5,1.5,2.0,1.2,999.0,47.80469793788707,2025-10-03 00:27:00+00:00,2025-10-03,SELL,47.37332268407204,4,-28.305701577031943,<80bp,0.0,neutral,1.4444444444444444,6,2.243133753149128,2.2930069431844275,57,NIGHTLY_20251105,weekly,WEEKLY_\NIGHTLY_20251105\RUN_refine_AM0930_j-only,2025-10-03 00:31:00+00:00,True
5706.T,refine,j-only,AM15,5,1.5,2.0,1.2,999.0,47.80469793788707,2025-10-03 00:28:00+00:00,2025-10-03,SELL,44.41608426446324,5,-28.305701577031943,<80bp,0.0,neutral,0.5106382978723404,7,1.7517750488712858,2.2930069431844275,57,NIGHTLY_20251105,weekly,WEEKLY_\NIGHTLY_20251105\RUN_refine_AM0930_j-only,2025-10-03 00:33:00+00:00,True
5706.T,refine,j-only,AM15,5,1.5,2.0,1.2,999.0,47.80469793788707,2025-10-03 00:29:00+00:00,2025-10-03,SELL,41.70290362024103,2,-28.305701577031943,<80bp,0.0,neutral,0.8640365177698076,8,2.090235860061557,2.2930069431844275,57,NIGHTLY_20251105,weekly,WEEKLY_\NIGHTLY_20251105\RUN_refine_AM0930_j-only,2025-10-03 00:31:00+00:00,True
8035.T,refine,j-only,AM15,5,1.8,2.9,1.65,999.0,41.92040298849144,2025-09-24 00:22:00+00:00,2025-09-24,SELL,39.49239473239949,38,-24.376523532720796,<80bp,0.0,neutral,0.4254235280180073,1,1.672746518992536,1.672746518992536,80,NIGHTLY_20251105,weekly,WEEKLY_\NIGHTLY_20251105\RUN_refine_AM0930_j-only,2025-09-24 01:00:00+00:00,True
8035.T,refine,j-only,AM15,5,1.8,2.9,1.65,999.0,41.92040298849144,2025-09-24 00:25:00+00:00,2025-09-24,SELL,46.84574596845127,12,-24.376523532720796,<80bp,0.0,neutral,1.6288923191568638,2,2.550562045410261,2.550562045410261,80,NIGHTLY_20251105,weekly,WEEKLY_\NIGHTLY_20251105\RUN_refine_AM0930_j-only,2025-09-24 00:37:00+00:00,True
8035.T,refine,j-only,AM15,5,1.8,2.9,1.65,999.0,41.92040298849144,2025-09-24 00:26:00+00:00,2025-09-24,SELL,42.15046126997675,11,-24.376523532720796,<80bp,0.0,neutral,0.4665727993324989,3,2.692823345750131,2.692823345750131,80,NIGHTLY_20251105,weekly,WEEKLY_\NIGHTLY_20251105\RUN_refine_AM0930_j-only,2025-09-24 00:37:00+00:00,True
8035.T,refine,j-only,AM15,5,1.8,2.9,1.65,999.0,41.92040298849144,2025-09-24 00:27:00+00:00,2025-09-24,SELL,38.53183758337722,9,-24.376523532720796,<80bp,0.0,neutral,0.4639459957042037,4,3.0882020189226727,3.0882020189226727,80,NIGHTLY_20251105,weekly,WEEKLY_\NIGHTLY_20251105\RUN_refine_AM0930_j-only,2025-09-24 00:36:00+00:00,True
8035.T,refine,j-only,AM15,5,1.8,2.9,1.65,999.0,41.92040298849144,2025-09-24 00:28:00+00:00,2025-09-24,SELL,37.591898030428446,7,-24.376523532720796,<80bp,0.0,neutral,0.5684941776200709,5,3.6111300895735865,3.6111300895735865,80,NIGHTLY_20251105,weekly,WEEKLY_\NIGHTLY_20251105\RUN_refine_AM0930_j-only,2025-09-24 00:35:00+00:00,True
8035.T,refine,j-only,AM15,5,1.8,2.9,1.65,999.0,41.92040298849144,2025-09-24 00:29:00+00:00,2025-09-24,SELL,33.516560418619505,6,-24.376523532720796,<80bp,0.0,neutral,0.3954129343439315,6,4.019537508306096,4.019537508306096,80,NIGHTLY_20251105,weekly,WEEKLY_\NIGHTLY_20251105\RUN_refine_AM0930_j-only,2025-09-24 00:35:00+00:00,True
8035.T,refine,j-only,AM15,5,1.8,2.9,1.65,999.0,41.92040298849144,2025-09-24 00:30:00+00:00,2025-09-24,SELL,37.711688027057946,4,-24.376523532720796,<80bp,0.0,neutral,0.7944969905417025,7,3.713610563850114,4.019537508306096,80,NIGHTLY_20251105,weekly,WEEKLY_\NIGHTLY_20251105\RUN_refine_AM0930_j-only,2025-09-24 00:34:00+00:00,True
8035.T,refine,j-only,AM15,5,1.8,2.9,1.65,999.0,41.92040298849144,2025-10-01 00:18:00+00:00,2025-10-01,BUY,39.95829126774584,15,-36.018957345971565,<80bp,0.0,neutral,0.0,1,1.99985428844564,9.910593095127304,80,NIGHTLY_20251105,weekly,WEEKLY_\NIGHTLY_20251105\RUN_refine_AM0930_j-only,2025-10-01 00:33:00+00:00,True
8035.T,refine,j-only,AM15,5,1.8,2.9,1.65,999.0,41.92040298849144,2025-10-01 00:19:00+00:00,2025-10-01,BUY,37.39595200699895,14,-36.018957345971565,<80bp,0.0,neutral,0.9806201550387597,2,1.9698116672834156,9.910593095127304,80,NIGHTLY_20251105,weekly,WEEKLY_\NIGHTLY_20251105\RUN_refine_AM0930_j-only,2025-10-01 00:33:00+00:00,True
8035.T,refine,j-only,AM15,5,1.8,2.9,1.65,999.0,41.92040298849144,2025-10-01 00:20:00+00:00,2025-10-01,BUY,35.508401039307486,13,-36.018957345971565,<80bp,0.0,neutral,1.1475173902614535,3,1.9869994824284556,9.910593095127304,80,NIGHTLY_20251105,weekly,WEEKLY_\NIGHTLY_20251105\RUN_refine_AM0930_j-only,2025-10-01 00:33:00+00:00,True
8035.T,refine,j-only,AM15,5,1.8,2.9,1.65,999.0,41.92040298849144,2025-10-01 00:21:00+00:00,2025-10-01,BUY,44.42190699794687,11,-36.018957345971565,<80bp,0.0,neutral,1.6694786934890762,4,2.599585262512701,9.910593095127304,80,NIGHTLY_20251105,weekly,WEEKLY_\NIGHTLY_20251105\RUN_refine_AM0930_j-only,2025-10-01 00:32:00+00:00,True
8035.T,refine,j-only,AM15,5,1.8,2.9,1.65,999.0,41.92040298849144,2025-10-01 00:22:00+00:00,2025-10-01,BUY,40.0147236753806,10,-36.018957345971565,<80bp,0.0,neutral,0.9339622641509432,5,2.6204879302587973,9.910593095127304,80,NIGHTLY_20251105,weekly,WEEKLY_\NIGHTLY_20251105\RUN_refine_AM0930_j-only,2025-10-01 00:32:00+00:00,True
8035.T,refine,j-only,AM15,5,1.8,2.9,1.65,999.0,41.92040298849144,2025-10-01 00:23:00+00:00,2025-10-01,BUY,36.31965449555479,7,-36.018957345971565,<80bp,0.0,neutral,0.9512955386713424,6,3.0341399377712697,9.910593095127304,80,NIGHTLY_20251105,weekly,WEEKLY_\NIGHTLY_20251105\RUN_refine_AM0930_j-only,2025-10-01 00:30:00+00:00,True
8035.T,refine,j-only,AM15,5,1.8,2.9,1.65,999.0,41.92040298849144,2025-10-01 00:24:00+00:00,2025-10-01,BUY,42.65909699767236,4,-36.018957345971565,<80bp,0.0,neutral,1.3243587411315263,7,3.549349422325187,9.910593095127304,80,NIGHTLY_20251105,weekly,WEEKLY_\NIGHTLY_20251105\RUN_refine_AM0930_j-only,2025-10-01 00:28:00+00:00,True
8035.T,refine,j-only,AM15,5,1.8,2.9,1.65,999.0,41.92040298849144,2025-10-01 00:25:00+00:00,2025-10-01,BUY,40.46758987315769,7,-36.018957345971565,<80bp,0.0,neutral,1.7251627984638505,8,1.9183153931940589,9.910593095127304,80,NIGHTLY_20251105,weekly,WEEKLY_\NIGHTLY_20251105\RUN_refine_AM0930_j-only,2025-10-01 00:32:00+00:00,True
8035.T,refine,j-only,AM15,5,1.8,2.9,1.65,999.0,41.92040298849144,2025-10-01 00:26:00+00:00,2025-10-01,BUY,41.94470765619118,3,-36.018957345971565,<80bp,0.0,neutral,0.5619915392124959,9,2.391895193567482,9.910593095127304,80,NIGHTLY_20251105,weekly,WEEKLY_\NIGHTLY_20251105\RUN_refine_AM0930_j-only,2025-10-01 00:29:00+00:00,True
8035.T,refine,j-only,AM15,5,1.8,2.9,1.65,999.0,41.92040298849144,2025-10-10 00:16:00+00:00,2025-10-10,SELL,56.682655170571294,8,-65.56825823806321,<80bp,0.0,neutral,0.0,1,2.082278171821196,15.491387906719904,80,NIGHTLY_20251105,weekly,WEEKLY_\NIGHTLY_20251105\RUN_refine_AM0930_j-only,2025-10-10 00:24:00+00:00,True
8035.T,refine,j-only,AM15,5,1.8,2.9,1.65,999.0,41.92040298849144,2025-10-10 00:17:00+00:00,2025-10-10,SELL,55.65098164523786,5,-65.56825823806321,<80bp,0.0,neutral,0.0,2,2.482008683119408,15.491387906719904,80,NIGHTLY_20251105,weekly,WEEKLY_\NIGHTLY_20251105\RUN_refine_AM0930_j-only,2025-10-10 00:22:00+00:00,True
8035.T,refine,j-only,AM15,5,1.8,2.9,1.65,999.0,41.92040298849144,2025-10-10 00:18:00+00:00,2025-10-10,SELL,49.62310992526181,2,-65.56825823806321,<80bp,0.0,neutral,0.0,3,2.5356790431778204,15.491387906719904,80,NIGHTLY_20251105,weekly,WEEKLY_\NIGHTLY_20251105\RUN_refine_AM0930_j-only,2025-10-10 00:20:00+00:00,True
6525.T,refine,j-only,AM15,5,1.5,2.0,1.2,0.2219965516469415,-43.10180089525176,2025-10-15 00:06:00+00:00,2025-10-15,SELL,-68.18034778238983,3,9.54653937947494,<80bp,-4.402077221876688,neutral,0.0,1,1.291856617221664,1.291856617221664,65,NIGHTLY_20251105,weekly,WEEKLY_\NIGHTLY_20251105\RUN_refine_AM0930_j-only,2025-10-15 00:09:00+00:00,False
6525.T,refine,j-only,AM15,5,1.5,2.0,1.2,0.2219965516469415,-43.10180089525176,2025-10-15 00:07:00+00:00,2025-10-15,SELL,-78.81186371892142,12,9.54653937947494,<80bp,24.92625991836084,up,0.0,2,1.3057826573172882,1.3057826573172882,65,NIGHTLY_20251105,weekly,WEEKLY_\NIGHTLY_20251105\RUN_refine_AM0930_j-only,2025-10-15 00:19:00+00:00,False
6525.T,refine,j-only,AM15,5,1.5,2.0,1.2,0.2219965516469415,-43.10180089525176,2025-10-15 00:08:00+00:00,2025-10-15,SELL,-74.60989572067184,12,9.54653937947494,<80bp,19.00055707613424,up,0.0,3,1.48002008323076,1.48002008323076,65,NIGHTLY_20251105,weekly,WEEKLY_\NIGHTLY_20251105\RUN_refine_AM0930_j-only,2025-10-15 00:20:00+00:00,False
6525.T,refine,j-only,AM15,5,1.5,2.0,1.2,0.2219965516469415,-43.10180089525176,2025-10-15 00:19:00+00:00,2025-10-15,SELL,49.19490364097605,3,9.54653937947494,<80bp,-0.9163484095842112,neutral,0.535031847133758,4,1.5097501775333737,1.5097501775333737,65,NIGHTLY_20251105,weekly,WEEKLY_\NIGHTLY_20251105\RUN_refine_AM0930_j-only,2025-10-15 00:22:00+00:00,True
8411.T,refine,j-only,AM15,3,1.7,2.5,1.2,999.0,21.018697612506344,2025-09-25 00:09:00+00:00,2025-09-25,SELL,66.30060341698241,39,-1.9956096587507484,<80bp,0.0,neutral,0.0,1,1.239862706394186,9.979942715703304,84,NIGHTLY_20251105,weekly,WEEKLY_\NIGHTLY_20251105\RUN_refine_AM0930_j-only,2025-09-25 00:48:00+00:00,True
8411.T,refine,j-only,AM15,3,1.7,2.5,1.2,999.0,21.018697612506344,2025-09-25 00:12:00+00:00,2025-09-25,SELL,41.6855780686926,7,-1.9956096587507484,<80bp,0.0,neutral,0.0,2,1.3260376852807312,9.979942715703304,84,NIGHTLY_20251105,weekly,WEEKLY_\NIGHTLY_20251105\RUN_refine_AM0930_j-only,2025-09-25 00:19:00+00:00,True
8411.T,refine,j-only,AM15,3,1.7,2.5,1.2,999.0,21.018697612506344,2025-09-25 00:13:00+00:00,2025-09-25,SELL,34.565378652524224,5,-1.9956096587507484,<80bp,0.0,neutral,0.0,3,1.4463162366842233,9.979942715703304,84,NIGHTLY_20251105,weekly,WEEKLY_\NIGHTLY_20251105\RUN_refine_AM0930_j-only,2025-09-25 00:18:00+00:00,True
8411.T,refine,j-only,AM15,3,1.7,2.5,1.2,999.0,21.018697612506344,2025-09-25 00:25:00+00:00,2025-09-25,SELL,16.381195546175327,7,-1.9956096587507484,<80bp,0.0,neutral,0.2159119610319321,4,1.4660271651343586,9.979942715703304,84,NIGHTLY_20251105,weekly,WEEKLY_\NIGHTLY_20251105\RUN_refine_AM0930_j-only,2025-09-25 00:32:00+00:00,True
8411.T,refine,j-only,AM15,3,1.7,2.5,1.2,999.0,21.018697612506344,2025-09-25 00:27:00+00:00,2025-09-25,SELL,11.936278200396472,5,-1.9956096587507484,<80bp,0.0,neutral,0.2137079608343976,5,1.233952877329627,9.979942715703304,84,NIGHTLY_20251105,weekly,WEEKLY_\NIGHTLY_20251105\RUN_refine_AM0930_j-only,2025-09-25 00:32:00+00:00,True
8411.T,refine,j-only,AM15,3,1.7,2.5,1.2,999.0,21.018697612506344,2025-09-25 00:28:00+00:00,2025-09-25,SELL,10.273987566930495,3,-1.9956096587507484,<80bp,0.0,neutral,0.1375952582557155,6,1.565227583246776,9.979942715703304,84,NIGHTLY_20251105,weekly,WEEKLY_\NIGHTLY_20251105\RUN_refine_AM0930_j-only,2025-09-25 00:31:00+00:00,True
8411.T,refine,j-only,AM15,3,1.7,2.5,1.2,999.0,21.018697612506344,2025-09-26 00:15:00+00:00,2025-09-26,BUY,29.420145364760607,17,-1.973164956590371,<80bp,0.0,neutral,0.0,1,1.8219452981677724,20.88879039009948,84,NIGHTLY_20251105,weekly,WEEKLY_\NIGHTLY_20251105\RUN_refine_AM0930_j-only,2025-09-26 00:32:00+00:00,True
8411.T,refine,j-only,AM15,3,1.7,2.5,1.2,999.0,21.018697612506344,2025-09-26 00:25:00+00:00,2025-09-26,BUY,14.308436057151964,11,-1.973164956590371,<80bp,0.0,neutral,0.3263250660959335,2,1.615450540082589,20.88879039009948,84,NIGHTLY_20251105,weekly,WEEKLY_\NIGHTLY_20251105\RUN_refine_AM0930_j-only,2025-09-26 00:36:00+00:00,True
8411.T,refine,j-only,AM15,3,1.7,2.5,1.2,999.0,21.018697612506344,2025-09-26 00:26:00+00:00,2025-09-26,BUY,9.97458927133901,11,-1.973164956590371,<80bp,0.0,neutral,0.1883715139442231,3,1.3786935177927635,20.88879039009948,84,NIGHTLY_20251105,weekly,WEEKLY_\NIGHTLY_20251105\RUN_refine_AM0930_j-only,2025-09-26 00:37:00+00:00,True
8411.T,refine,j-only,AM15,3,1.7,2.5,1.2,999.0,21.018697612506344,2025-09-26 00:27:00+00:00,2025-09-26,BUY,8.357809633659077,10,-1.973164956590371,<80bp,0.0,neutral,0.4479786329974505,4,1.260630646101355,20.88879039009948,84,NIGHTLY_20251105,weekly,WEEKLY_\NIGHTLY_20251105\RUN_refine_AM0930_j-only,2025-09-26 00:37:00+00:00,True
8411.T,refine,j-only,AM15,3,1.7,2.5,1.2,999.0,21.018697612506344,2025-09-26 00:28:00+00:00,2025-09-26,BUY,7.781165191097834,7,-1.973164956590371,<80bp,0.0,neutral,0.2593701353131362,5,1.5364022947966636,20.88879039009948,84,NIGHTLY_20251105,weekly,WEEKLY_\NIGHTLY_20251105\RUN_refine_AM0930_j-only,2025-09-26 00:35:00+00:00,True
8411.T,refine,j-only,AM15,3,1.7,2.5,1.2,999.0,21.018697612506344,2025-09-26 00:29:00+00:00,2025-09-26,BUY,6.866666169655721,7,-1.973164956590371,<80bp,0.0,neutral,0.5655108215033744,6,1.3351130120241057,20.88879039009948,84,NIGHTLY_20251105,weekly,WEEKLY_\NIGHTLY_20251105\RUN_refine_AM0930_j-only,2025-09-26 00:36:00+00:00,True
8411.T,refine,j-only,AM15,3,1.7,2.5,1.2,999.0,21.018697612506344,2025-09-26 00:30:00+00:00,2025-09-26,BUY,15.391235823216704,5,-1.973164956590371,<80bp,0.0,neutral,1.1502419709634846,7,1.843718193281411,20.88879039009948,84,NIGHTLY_20251105,weekly,WEEKLY_\NIGHTLY_20251105\RUN_refine_AM0930_j-only,2025-09-26 00:35:00+00:00,True
5801.T,refine,j-only,AM15,3,1.6,2.0,1.75,5.200052031868699,35.7034484364563,2025-09-26 00:15:00+00:00,2025-09-26,BUY,49.31175336537569,1,56.54632448890822,<80bp,0.0,neutral,0.0,1,2.2781592204956667,32.290445168531456,58,NIGHTLY_20251105,weekly,WEEKLY_\NIGHTLY_20251105\RUN_refine_AM0930_j-only,2025-09-26 00:16:00+00:00,True
5801.T,refine,j-only,AM15,3,1.6,2.0,1.75,5.200052031868699,35.7034484364563,2025-09-26 00:24:00+00:00,2025-09-26,BUY,65.04544224951542,6,56.54632448890822,<80bp,0.0,neutral,1.0124826629681,2,2.0369592710867326,32.290445168531456,58,NIGHTLY_20251105,weekly,WEEKLY_\NIGHTLY_20251105\RUN_refine_AM0930_j-only,2025-09-26 00:30:00+00:00,True
5801.T,refine,j-only,AM15,3,1.6,2.0,1.75,5.200052031868699,35.7034484364563,2025-09-26 00:25:00+00:00,2025-09-26,BUY,54.457346350383325,5,56.54632448890822,<80bp,0.0,neutral,1.0483870967741935,3,2.561985521747943,32.290445168531456,58,NIGHTLY_20251105,weekly,WEEKLY_\NIGHTLY_20251105\RUN_refine_AM0930_j-only,2025-09-26 00:30:00+00:00,True
5801.T,refine,j-only,AM15,3,1.6,2.0,1.75,5.200052031868699,35.7034484364563,2025-09-26 00:26:00+00:00,2025-09-26,BUY,51.95870369241815,4,56.54632448890822,<80bp,0.0,neutral,1.1695051629341555,4,1.7926080654122796,32.290445168531456,58,NIGHTLY_20251105,weekly,WEEKLY_\NIGHTLY_20251105\RUN_refine_AM0930_j-only,2025-09-26 00:30:00+00:00,True
5801.T,refine,j-only,AM15,3,1.6,2.0,1.75,5.200052031868699,35.7034484364563,2025-10-15 00:25:00+00:00,2025-10-15,SELL,-85.00715744840672,71,32.71660649819495,<80bp,12.816856100690275,neutral,1.595196859485048,1,2.10255573359321,2.10255573359321,58,NIGHTLY_20251105,weekly,WEEKLY_\NIGHTLY_20251105\RUN_refine_AM0930_j-only,2025-10-15 01:36:00+00:00,False
5801.T,refine,j-only,AM15,3,1.6,2.0,1.75,5.200052031868699,35.7034484364563,2025-10-15 00:26:00+00:00,2025-10-15,SELL,50.32594855790293,12,32.71660649819495,<80bp,20.61699722972543,up,1.2671830678594806,2,2.755843056108976,2.755843056108976,58,NIGHTLY_20251105,weekly,WEEKLY_\NIGHTLY_20251105\RUN_refine_AM0930_j-only,2025-10-15 00:38:00+00:00,True
5801.T,refine,j-only,AM15,3,1.6,2.0,1.75,5.200052031868699,35.7034484364563,2025-10-15 00:27:00+00:00,2025-10-15,SELL,45.201598976793946,13,32.71660649819495,<80bp,9.654092482576091,neutral,0.8120586065141774,3,2.3432902813389367,2.755843056108976,58,NIGHTLY_20251105,weekly,WEEKLY_\NIGHTLY_20251105\RUN_refine_AM0930_j-only,2025-10-15 00:40:00+00:00,True
5801.T,refine,j-only,AM15,3,1.6,2.0,1.75,5.200052031868699,35.7034484364563,2025-10-15 00:28:00+00:00,2025-10-15,SELL,45.13131957809892,10,32.71660649819495,<80bp,12.741675673213493,neutral,1.2254410585404971,4,2.808790207369772,2.808790207369772,58,NIGHTLY_20251105,weekly,WEEKLY_\NIGHTLY_20251105\RUN_refine_AM0930_j-only,2025-10-15 00:38:00+00:00,True
5801.T,refine,j-only,AM15,3,1.6,2.0,1.75,5.200052031868699,35.7034484364563,2025-10-15 00:29:00+00:00,2025-10-15,SELL,37.83137142664186,11,32.71660649819495,<80bp,9.009293104460523,neutral,0.4406779661016948,5,2.308199075998708,2.808790207369772,58,NIGHTLY_20251105,weekly,WEEKLY_\NIGHTLY_20251105\RUN_refine_AM0930_j-only,2025-10-15 00:40:00+00:00,True
5801.T,refine,j-only,AM15,3,1.6,2.0,1.75,5.200052031868699,35.7034484364563,2025-10-15 00:30:00+00:00,2025-10-15,SELL,42.77815761583949,10,32.71660649819495,<80bp,7.131407331968376,neutral,1.0091064314171885,6,2.237940312334177,2.808790207369772,58,NIGHTLY_20251105,weekly,WEEKLY_\NIGHTLY_20251105\RUN_refine_AM0930_j-only,2025-10-15 00:40:00+00:00,True
6857.T,refine,j-cross,AM15,5,1.9,2.2,1.4,3.4061898204816807,31.828391515386254,2025-10-01 00:18:00+00:00,2025-10-01,BUY,46.61174568829993,17,-33.97893306150187,<80bp,0.0,neutral,0.0,1,1.8523965003677465,17.894166778094945,68,NIGHTLY_20251105,weekly,WEEKLY_\NIGHTLY_20251105\RUN_refine_AM0945_j-cross,2025-10-01 00:35:00+00:00,True
6857.T,refine,j-cross,AM15,5,1.9,2.2,1.4,3.4061898204816807,31.828391515386254,2025-10-01 00:22:00+00:00,2025-10-01,BUY,53.38736216847713,13,-33.97893306150187,<80bp,0.0,neutral,0.7492142108772264,2,1.5435229926587124,17.894166778094945,68,NIGHTLY_20251105,weekly,WEEKLY_\NIGHTLY_20251105\RUN_refine_AM0945_j-cross,2025-10-01 00:35:00+00:00,True
6857.T,refine,j-cross,AM15,5,1.9,2.2,1.4,3.4061898204816807,31.828391515386254,2025-10-01 00:26:00+00:00,2025-10-01,BUY,43.43326604544123,4,-33.97893306150187,<80bp,0.0,neutral,0.815068493150685,3,1.446267489221543,17.894166778094945,68,NIGHTLY_20251105,weekly,WEEKLY_\NIGHTLY_20251105\RUN_refine_AM0945_j-cross,2025-10-01 00:30:00+00:00,True
6857.T,refine,j-cross,AM15,5,1.9,2.2,1.4,3.4061898204816807,31.828391515386254,2025-10-01 00:35:00+00:00,2025-10-01,SELL,-60.10606362307531,11,-33.97893306150187,<80bp,0.0,neutral,1.584368026549179,1,1.6132278637229656,17.894166778094945,68,NIGHTLY_20251105,weekly,WEEKLY_\NIGHTLY_20251105\RUN_refine_AM0945_j-cross,2025-10-01 00:46:00+00:00,False
6857.T,refine,j-cross,AM15,5,1.9,2.2,1.4,3.4061898204816807,31.828391515386254,2025-10-01 00:41:00+00:00,2025-10-01,SELL,-58.53216029640681,4,-33.97893306150187,<80bp,0.0,neutral,0.6211612739821439,2,1.5915849240004367,17.894166778094945,68,NIGHTLY_20251105,weekly,WEEKLY_\NIGHTLY_20251105\RUN_refine_AM0945_j-cross,2025-10-01 00:45:00+00:00,False
6857.T,refine,j-cross,AM15,5,1.9,2.2,1.4,3.4061898204816807,31.828391515386254,2025-10-03 00:09:00+00:00,2025-10-03,BUY,49.26613142101613,1,0.0,<80bp,0.0,neutral,0.0,1,1.5548375419970342,11.210689135807703,68,NIGHTLY_20251105,weekly,WEEKLY_\NIGHTLY_20251105\RUN_refine_AM0945_j-cross,2025-10-03 00:10:00+00:00,True
6857.T,refine,j-cross,AM15,5,1.9,2.2,1.4,3.4061898204816807,31.828391515386254,2025-10-03 00:17:00+00:00,2025-10-03,SELL,-71.18194312105378,3,0.0,<80bp,0.0,neutral,0.0,1,1.609276075387174,11.210689135807703,68,NIGHTLY_20251105,weekly,WEEKLY_\NIGHTLY_20251105\RUN_refine_AM0945_j-cross,2025-10-03 00:20:00+00:00,False
6857.T,refine,j-cross,AM15,5,1.9,2.2,1.4,3.4061898204816807,31.828391515386254,2025-10-09 00:17:00+00:00,2025-10-09,SELL,-87.96183342080316,4,-27.75464890369137,<80bp,0.0,neutral,0.0,1,1.6647447982837014,10.657675124740187,68,NIGHTLY_20251105,weekly,WEEKLY_\NIGHTLY_20251105\RUN_refine_AM0945_j-cross,2025-10-09 00:21:00+00:00,False
6857.T,refine,j-cross,AM15,5,1.9,2.2,1.4,3.4061898204816807,31.828391515386254,2025-10-09 00:28:00+00:00,2025-10-09,SELL,74.21001781956193,32,-27.75464890369137,<80bp,0.0,neutral,0.6647588765235825,2,1.4007897106713112,10.657675124740187,68,NIGHTLY_20251105,weekly,WEEKLY_\NIGHTLY_20251105\RUN_refine_AM0945_j-cross,2025-10-09 01:00:00+00:00,True
6857.T,refine,j-cross,AM15,5,1.9,2.2,1.4,3.4061898204816807,31.828391515386254,2025-10-09 00:30:00+00:00,2025-10-09,SELL,64.35714029399705,12,-27.75464890369137,<80bp,0.0,neutral,0.5889084507042254,3,1.4742893520227212,10.657675124740187,68,NIGHTLY_20251105,weekly,WEEKLY_\NIGHTLY_20251105\RUN_refine_AM0945_j-cross,2025-10-09 00:42:00+00:00,True
6857.T,refine,j-cross,AM15,5,1.9,2.2,1.4,3.4061898204816807,31.828391515386254,2025-10-10 00:25:00+00:00,2025-10-10,SELL,48.29895040951369,21,-19.46607341490545,<80bp,0.0,neutral,1.3219508573973722,1,1.6638163494665557,10.657675124740187,68,NIGHTLY_20251105,weekly,WEEKLY_\NIGHTLY_20251105\RUN_refine_AM0945_j-cross,2025-10-10 00:46:00+00:00,True
6857.T,refine,j-cross,AM15,5,1.9,2.2,1.4,3.4061898204816807,31.828391515386254,2025-10-10 00:28:00+00:00,2025-10-10,SELL,48.0806008566326,18,-19.46607341490545,<80bp,0.0,neutral,1.3088865096359743,2,1.6160760369764973,10.657675124740187,68,NIGHTLY_20251105,weekly,WEEKLY_\NIGHTLY_20251105\RUN_refine_AM0945_j-cross,2025-10-10 00:46:00+00:00,True
6857.T,refine,j-cross,AM15,5,1.9,2.2,1.4,3.4061898204816807,31.828391515386254,2025-10-10 00:30:00+00:00,2025-10-10,SELL,53.27995518605223,16,-19.46607341490545,<80bp,0.0,neutral,0.9983660130718954,3,1.468038940856042,10.657675124740187,68,NIGHTLY_20251105,weekly,WEEKLY_\NIGHTLY_20251105\RUN_refine_AM0945_j-cross,2025-10-10 00:46:00+00:00,True
6857.T,refine,j-cross,AM15,5,1.9,2.2,1.4,3.4061898204816807,31.828391515386254,2025-10-10 00:34:00+00:00,2025-10-10,SELL,54.516114536926096,9,-19.46607341490545,<80bp,0.0,neutral,1.0835176991150444,4,2.015137541645439,10.657675124740187,68,NIGHTLY_20251105,weekly,WEEKLY_\NIGHTLY_20251105\RUN_refine_AM0945_j-cross,2025-10-10 00:43:00+00:00,True
6857.T,refine,j-cross,AM15,5,1.9,2.2,1.4,3.4061898204816807,31.828391515386254,2025-10-10 00:37:00+00:00,2025-10-10,SELL,53.33845086357674,8,-19.46607341490545,<80bp,0.0,neutral,0.9596541786743517,5,1.4239320179821364,10.657675124740187,68,NIGHTLY_20251105,weekly,WEEKLY_\NIGHTLY_20251105\RUN_refine_AM0945_j-cross,2025-10-10 00:45:00+00:00,True
6857.T,refine,j-cross,AM15,5,1.9,2.2,1.4,3.4061898204816807,31.828391515386254,2025-10-10 00:40:00+00:00,2025-10-10,SELL,40.468751370918994,3,-19.46607341490545,<80bp,0.0,neutral,1.0085448761928522,6,1.6547182162543763,10.657675124740187,68,NIGHTLY_20251105,weekly,WEEKLY_\NIGHTLY_20251105\RUN_refine_AM0945_j-cross,2025-10-10 00:43:00+00:00,True
6857.T,refine,j-cross,AM15,5,1.9,2.2,1.4,3.4061898204816807,31.828391515386254,2025-10-15 00:15:00+00:00,2025-10-15,SELL,69.24264814964775,55,5.901445854234288,<80bp,3.310243679186531,neutral,0.0,1,1.4552743764109972,1.4552743764109972,68,NIGHTLY_20251105,weekly,WEEKLY_\NIGHTLY_20251105\RUN_refine_AM0945_j-cross,2025-10-15 01:10:00+00:00,True
6857.T,refine,j-cross,AM15,5,1.9,2.2,1.4,3.4061898204816807,31.828391515386254,2025-10-15 00:19:00+00:00,2025-10-15,SELL,67.10404265340185,21,5.901445854234288,<80bp,-0.9163484095842112,neutral,0.7759237187127532,2,2.084486242381602,2.084486242381602,68,NIGHTLY_20251105,weekly,WEEKLY_\NIGHTLY_20251105\RUN_refine_AM0945_j-cross,2025-10-15 00:40:00+00:00,True
6857.T,refine,j-cross,AM15,5,1.9,2.2,1.4,3.4061898204816807,31.828391515386254,2025-10-15 00:23:00+00:00,2025-10-15,SELL,71.7060631766908,17,5.901445854234288,<80bp,5.199583204724689,neutral,0.5937113469175185,3,1.5643068321584457,2.09732364399012,68,NIGHTLY_20251105,weekly,WEEKLY_\NIGHTLY_20251105\RUN_refine_AM0945_j-cross,2025-10-15 00:40:00+00:00,True
6857.T,refine,j-cross,AM15,5,1.9,2.2,1.4,3.4061898204816807,31.828391515386254,2025-10-15 00:27:00+00:00,2025-10-15,SELL,55.84467123943703,13,5.901445854234288,<80bp,9.654092482576091,neutral,0.4608169608169608,4,1.5446525760451917,2.09732364399012,68,NIGHTLY_20251105,weekly,WEEKLY_\NIGHTLY_20251105\RUN_refine_AM0945_j-cross,2025-10-15 00:40:00+00:00,True
6857.T,refine,j-cross,AM15,5,1.9,2.2,1.4,3.4061898204816807,31.828391515386254,2025-10-16 00:15:00+00:00,2025-10-16,SELL,53.03231040485931,17,-63.2183908045977,<80bp,8.243803028282759,neutral,0.0,1,1.4376497044693577,7.742911780198053,68,NIGHTLY_20251105,weekly,WEEKLY_\NIGHTLY_20251105\RUN_refine_AM0945_j-cross,2025-10-16 00:32:00+00:00,True
8411.T,refine,j-cross,AM15,3,1.5,2.0,1.2,999.0,25.238711912037083,2025-09-25 00:09:00+00:00,2025-09-25,SELL,56.698076476743765,10,-1.9956096587507484,<80bp,0.0,neutral,0.0,1,1.2594014339220678,1.2594014339220678,84,NIGHTLY_20251105,weekly,WEEKLY_\NIGHTLY_20251105\RUN_refine_AM0945_j-cross,2025-09-25 00:19:00+00:00,True
8411.T,refine,j-cross,AM15,3,1.5,2.0,1.2,999.0,25.238711912037083,2025-09-25 00:12:00+00:00,2025-09-25,SELL,35.63987241622678,6,-1.9956096587507484,<80bp,0.0,neutral,0.0,2,1.335299007768134,1.335299007768134,84,NIGHTLY_20251105,weekly,WEEKLY_\NIGHTLY_20251105\RUN_refine_AM0945_j-cross,2025-09-25 00:18:00+00:00,True
8411.T,refine,j-cross,AM15,3,1.5,2.0,1.2,999.0,25.238711912037083,2025-09-25 00:25:00+00:00,2025-09-25,SELL,13.577242880075731,6,-1.9956096587507484,<80bp,0.0,neutral,0.2159119610319321,3,1.4661351126797328,1.4661351126797328,84,NIGHTLY_20251105,weekly,WEEKLY_\NIGHTLY_20251105\RUN_refine_AM0945_j-cross,2025-09-25 00:31:00+00:00,True
8411.T,refine,j-cross,AM15,3,1.5,2.0,1.2,999.0,25.238711912037083,2025-09-25 00:27:00+00:00,2025-09-25,SELL,9.597233658060862,4,-1.9956096587507484,<80bp,0.0,neutral,0.2137079608343976,4,1.2340013014323246,1.4661351126797328,84,NIGHTLY_20251105,weekly,WEEKLY_\NIGHTLY_20251105\RUN_refine_AM0945_j-cross,2025-09-25 00:31:00+00:00,True
8411.T,refine,j-cross,AM15,3,1.5,2.0,1.2,999.0,25.238711912037083,2025-09-25 00:37:00+00:00,2025-09-25,SELL,10.68113412907827,8,-1.9956096587507484,<80bp,0.0,neutral,1.2360227077240666,5,1.6227946294750792,1.6227946294750792,84,NIGHTLY_20251105,weekly,WEEKLY_\NIGHTLY_20251105\RUN_refine_AM0945_j-cross,2025-09-25 00:45:00+00:00,True
6526.T,refine,j-cross,AM15,3,2.0,2.0,1.8,2.69809175109295,35.20086507915814,2025-09-24 00:15:00+00:00,2025-09-24,BUY,89.41464703424248,7,23.704707077548257,<80bp,0.0,neutral,0.0,1,1.810702535299089,1.810702535299089,65,NIGHTLY_20251105,weekly,WEEKLY_\NIGHTLY_20251105\RUN_refine_AM0945_j-cross,2025-09-24 00:22:00+00:00,True
6526.T,refine,j-cross,AM15,3,2.0,2.0,1.8,2.69809175109295,35.20086507915814,2025-09-24 00:26:00+00:00,2025-09-24,SELL,80.2441989468061,30,23.704707077548257,<80bp,0.0,neutral,1.3903454384410985,1,2.261831438665349,2.261831438665349,65,NIGHTLY_20251105,weekly,WEEKLY_\NIGHTLY_20251105\RUN_refine_AM0945_j-cross,2025-09-24 00:56:00+00:00,True
6526.T,refine,j-cross,AM15,3,2.0,2.0,1.8,2.69809175109295,35.20086507915814,2025-10-03 00:28:00+00:00,2025-10-03,SELL,-76.61088699600056,4,-13.086558235184146,<80bp,0.0,neutral,0.3677770705141806,1,2.0934021484665988,2.0934021484665988,65,NIGHTLY_20251105,weekly,WEEKLY_\NIGHTLY_20251105\RUN_refine_AM0945_j-cross,2025-10-03 00:32:00+00:00,False
6526.T,refine,j-cross,AM15,3,2.0,2.0,1.8,2.69809175109295,35.20086507915814,2025-10-10 00:35:00+00:00,2025-10-10,BUY,-47.76707452404681,6,-32.91183093712108,<80bp,0.0,neutral,0.5481431120931418,1,1.9151402685474928,8.396696199523099,65,NIGHTLY_20251105,weekly,WEEKLY_\NIGHTLY_20251105\RUN_refine_AM0945_j-cross,2025-10-10 00:41:00+00:00,False
6526.T,refine,j-cross,AM15,3,2.0,2.0,1.8,2.69809175109295,35.20086507915814,2025-10-17 00:15:00+00:00,2025-10-17,BUY,110.37116915811444,45,-25.37641684994079,<80bp,-27.553655089760376,down,0.0,1,1.922611549829913,29.47048615724213,65,NIGHTLY_20251105,weekly,WEEKLY_\NIGHTLY_20251105\RUN_refine_AM0945_j-cross,2025-10-17 01:00:00+00:00,True
6526.T,refine,j-cross,AM15,3,2.0,2.0,1.8,2.69809175109295,35.20086507915814,2025-10-17 00:23:00+00:00,2025-10-17,BUY,55.5531368558332,7,-25.37641684994079,<80bp,2.2617874725749942,neutral,0.450277369880894,2,2.039563950809198,29.47048615724213,65,NIGHTLY_20251105,weekly,WEEKLY_\NIGHTLY_20251105\RUN_refine_AM0945_j-cross,2025-10-17 00:30:00+00:00,True
5801.T,refine,j-cross,AM15,3,1.7,2.0,1.2,0.4121649029565792,-30.24074656766716,2025-09-26 00:15:00+00:00,2025-09-26,BUY,-114.45538254252364,131,56.54632448890822,<80bp,0.0,neutral,0.0,1,1.4813158510632496,1.4813158510632496,58,NIGHTLY_20251105,weekly,WEEKLY_\NIGHTLY_20251105\RUN_refine_AM0945_j-cross,2025-09-26 02:26:00+00:00,False
5801.T,refine,j-cross,AM15,3,1.7,2.0,1.2,0.4121649029565792,-30.24074656766716,2025-09-26 00:23:00+00:00,2025-09-26,BUY,91.68826739960409,12,56.54632448890822,<80bp,0.0,neutral,0.0,2,1.374165472108655,1.4813158510632496,58,NIGHTLY_20251105,weekly,WEEKLY_\NIGHTLY_20251105\RUN_refine_AM0945_j-cross,2025-09-26 00:35:00+00:00,True
5801.T,refine,j-cross,AM15,3,1.7,2.0,1.2,0.4121649029565792,-30.24074656766716,2025-09-26 00:29:00+00:00,2025-09-26,BUY,39.4949194624668,2,56.54632448890822,<80bp,0.0,neutral,0.7059671028935046,3,1.6445473939275397,2.4007246892926184,58,NIGHTLY_20251105,weekly,WEEKLY_\NIGHTLY_20251105\RUN_refine_AM0945_j-cross,2025-09-26 00:31:00+00:00,True
5801.T,refine,j-cross,AM15,3,1.7,2.0,1.2,0.4121649029565792,-30.24074656766716,2025-09-26 00:44:00+00:00,2025-09-26,BUY,-48.530495803200765,7,56.54632448890822,<80bp,0.0,neutral,0.5701233439926907,4,1.2589753082515018,2.4007246892926184,58,NIGHTLY_20251105,weekly,WEEKLY_\NIGHTLY_20251105\RUN_refine_AM0945_j-cross,2025-09-26 00:51:00+00:00,False
5801.T,refine,j-cross,AM15,3,1.7,2.0,1.2,0.4121649029565792,-30.24074656766716,2025-10-10 00:12:00+00:00,2025-10-10,SELL,76.50193131820589,3,-29.52856124630893,<80bp,0.0,neutral,0.0,1,1.4518295017982303,13.170704476998155,58,NIGHTLY_20251105,weekly,WEEKLY_\NIGHTLY_20251105\RUN_refine_AM0945_j-cross,2025-10-10 00:15:00+00:00,True
5801.T,refine,j-cross,AM15,3,1.7,2.0,1.2,0.4121649029565792,-30.24074656766716,2025-10-10 00:21:00+00:00,2025-10-10,BUY,46.757145041234295,6,-29.52856124630893,<80bp,0.0,neutral,0.5549510337323178,1,1.3769060216654012,13.170704476998155,58,NIGHTLY_20251105,weekly,WEEKLY_\NIGHTLY_20251105\RUN_refine_AM0945_j-cross,2025-10-10 00:27:00+00:00,True
5801.T,refine,j-cross,AM15,3,1.7,2.0,1.2,0.4121649029565792,-30.24074656766716,2025-10-10 00:38:00+00:00,2025-10-10,BUY,-57.02587032130454,6,-29.52856124630893,<80bp,0.0,neutral,0.7667022762757827,2,1.879762906492345,13.170704476998155,58,NIGHTLY_20251105,weekly,WEEKLY_\NIGHTLY_20251105\RUN_refine_AM0945_j-cross,2025-10-10 00:44:00+00:00,False
5801.T,refine,j-cross,AM15,3,1.7,2.0,1.2,0.4121649029565792,-30.24074656766716,2025-10-15 00:08:00+00:00,2025-10-15,SELL,-93.37427687747696,18,32.71660649819495,<80bp,19.00055707613424,up,0.0,1,1.319537431527714,1.319537431527714,58,NIGHTLY_20251105,weekly,WEEKLY_\NIGHTLY_20251105\RUN_refine_AM0945_j-cross,2025-10-15 00:26:00+00:00,False
5801.T,refine,j-cross,AM15,3,1.7,2.0,1.2,0.4121649029565792,-30.24074656766716,2025-10-15 00:16:00+00:00,2025-10-15,SELL,-89.25449358952935,15,32.71660649819495,<80bp,4.669806459240977,neutral,0.0,2,1.3601885971576593,1.3601885971576593,58,NIGHTLY_20251105,weekly,WEEKLY_\NIGHTLY_20251105\RUN_refine_AM0945_j-cross,2025-10-15 00:31:00+00:00,False
5801.T,refine,j-cross,AM15,3,1.7,2.0,1.2,0.4121649029565792,-30.24074656766716,2025-10-15 00:24:00+00:00,2025-10-15,SELL,-78.83143838775872,7,32.71660649819495,<80bp,11.128107553035615,neutral,0.7450516618946844,3,1.3045445865498868,1.7183660807806465,58,NIGHTLY_20251105,weekly,WEEKLY_\NIGHTLY_20251105\RUN_refine_AM0945_j-cross,2025-10-15 00:31:00+00:00,False
5801.T,refine,j-cross,AM15,3,1.7,2.0,1.2,0.4121649029565792,-30.24074656766716,2025-10-15 00:34:00+00:00,2025-10-15,SELL,-76.02047823998758,61,32.71660649819495,<80bp,-12.390788808002153,neutral,0.6189442031406616,4,1.7352814841726814,2.808790207369772,58,NIGHTLY_20251105,weekly,WEEKLY_\NIGHTLY_20251105\RUN_refine_AM0945_j-cross,2025-10-15 01:35:00+00:00,False
5801.T,refine,j-cross,AM15,3,1.7,2.0,1.2,0.4121649029565792,-30.24074656766716,2025-10-15 00:42:00+00:00,2025-10-15,SELL,-59.838786271735366,8,32.71660649819495,<80bp,-23.98953592987252,down,0.6427026470285303,5,1.5211682061746894,2.808790207369772,58,NIGHTLY_20251105,weekly,WEEKLY_\NIGHTLY_20251105\RUN_refine_AM0945_j-cross,2025-10-15 00:50:00+00:00,False
8035.T,refine,j-cross,AM15,5,1.5,3.0,1.8,2.9499227674319632,16.900274343411894,2025-09-24 00:25:00+00:00,2025-09-24,SELL,37.7051865558388,11,-24.376523532720796,<80bp,0.0,neutral,1.6288923191568638,1,2.550562045410261,2.550562045410261,80,NIGHTLY_20251105,weekly,WEEKLY_\NIGHTLY_20251105\RUN_refine_AM0945_j-cross,2025-09-24 00:36:00+00:00,True
8035.T,refine,j-cross,AM15,5,1.5,3.0,1.8,2.9499227674319632,16.900274343411894,2025-09-25 00:40:00+00:00,2025-09-25,SELL,-69.33720504497501,114,-64.14956011730206,<80bp,0.0,neutral,0.8921671935370565,1,2.039848394835758,18.051601962103323,80,NIGHTLY_20251105,weekly,WEEKLY_\NIGHTLY_20251105\RUN_refine_AM0945_j-cross,2025-09-25 02:34:00+00:00,False
8035.T,refine,j-cross,AM15,5,1.5,3.0,1.8,2.9499227674319632,16.900274343411894,2025-09-25 00:44:00+00:00,2025-09-25,SELL,24.63839884046901,6,-64.14956011730206,<80bp,0.0,neutral,1.0131203650884195,2,2.2885386623321997,18.051601962103323,80,NIGHTLY_20251105,weekly,WEEKLY_\NIGHTLY_20251105\RUN_refine_AM0945_j-cross,2025-09-25 00:50:00+00:00,True
8035.T,refine,j-cross,AM15,5,1.5,3.0,1.8,2.9499227674319632,16.900274343411894,2025-10-01 00:18:00+00:00,2025-10-01,BUY,31.60917849140155,15,-36.018957345971565,<80bp,0.0,neutral,0.0,1,1.99985428844564,9.910593095127304,80,NIGHTLY_20251105,weekly,WEEKLY_\NIGHTLY_20251105\RUN_refine_AM0945_j-cross,2025-10-01 00:33:00+00:00,True
8035.T,refine,j-cross,AM15,5,1.5,3.0,1.8,2.9499227674319632,16.900274343411894,2025-10-01 00:40:00+00:00,2025-10-01,SELL,27.04272469189973,32,-36.018957345971565,<80bp,0.0,neutral,0.8496978851963746,1,2.2764763737696647,9.910593095127304,80,NIGHTLY_20251105,weekly,WEEKLY_\NIGHTLY_20251105\RUN_refine_AM0945_j-cross,2025-10-01 01:12:00+00:00,True
8035.T,refine,j-cross,AM15,5,1.5,3.0,1.8,2.9499227674319632,16.900274343411894,2025-10-10 00:16:00+00:00,2025-10-10,SELL,45.49663546487199,7,-65.56825823806321,<80bp,0.0,neutral,0.0,1,2.082278171821196,15.491387906719904,80,NIGHTLY_20251105,weekly,WEEKLY_\NIGHTLY_20251105\RUN_refine_AM0945_j-cross,2025-10-10 00:23:00+00:00,True
8035.T,refine,j-cross,AM15,5,1.5,3.0,1.8,2.9499227674319632,16.900274343411894,2025-10-15 00:33:00+00:00,2025-10-15,BUY,17.92127824975831,4,22.915564956812972,<80bp,-17.894223583501123,down,0.6746476481575819,1,1.991743864043762,1.991743864043762,80,NIGHTLY_20251105,weekly,WEEKLY_\NIGHTLY_20251105\RUN_refine_AM0945_j-cross,2025-10-15 00:37:00+00:00,True
8035.T,refine,j-cross,AM15,5,1.5,3.0,1.8,2.9499227674319632,16.900274343411894,2025-10-15 00:38:00+00:00,2025-10-15,BUY,20.125997498030788,10,22.915564956812972,<80bp,-0.7341547082728717,neutral,0.937009247949747,2,2.136136105702144,2.136136105702144,80,NIGHTLY_20251105,weekly,WEEKLY_\NIGHTLY_20251105\RUN_refine_AM0945_j-cross,2025-10-15 00:48:00+00:00,True
8035.T,refine,j-only,AM15,3,2.0,3.0,1.5,999.0,37.460304907329295,2025-10-01 00:18:00+00:00,2025-10-01,BUY,48.82849996689677,15,-36.018957345971565,<80bp,0.0,neutral,0.0,1,1.8730876239837688,11.917195465602155,80,NIGHTLY_20251105,weekly,WEEKLY_\NIGHTLY_20251105\RUN_refine_AM0945_j-only,2025-10-01 00:33:00+00:00,True
8035.T,refine,j-only,AM15,3,2.0,3.0,1.5,999.0,37.460304907329295,2025-10-01 00:19:00+00:00,2025-10-01,BUY,43.368972585360375,14,-36.018957345971565,<80bp,0.0,neutral,0.9806201550387597,2,1.947160058298019,11.917195465602155,80,NIGHTLY_20251105,weekly,WEEKLY_\NIGHTLY_20251105\RUN_refine_AM0945_j-only,2025-10-01 00:33:00+00:00,True
8035.T,refine,j-only,AM15,3,2.0,3.0,1.5,999.0,37.460304907329295,2025-10-01 00:20:00+00:00,2025-10-01,BUY,39.824746190497024,13,-36.018957345971565,<80bp,0.0,neutral,1.1475173902614535,3,2.031535533712219,11.917195465602155,80,NIGHTLY_20251105,weekly,WEEKLY_\NIGHTLY_20251105\RUN_refine_AM0945_j-only,2025-10-01 00:33:00+00:00,True
8035.T,refine,j-only,AM15,3,2.0,3.0,1.5,999.0,37.460304907329295,2025-10-01 00:21:00+00:00,2025-10-01,BUY,53.842805940034594,11,-36.018957345971565,<80bp,0.0,neutral,1.6694786934890762,4,2.426540331087139,11.917195465602155,80,NIGHTLY_20251105,weekly,WEEKLY_\NIGHTLY_20251105\RUN_refine_AM0945_j-only,2025-10-01 00:32:00+00:00,True
8035.T,refine,j-only,AM15,3,2.0,3.0,1.5,999.0,37.460304907329295,2025-10-01 00:22:00+00:00,2025-10-01,BUY,45.05695546958874,10,-36.018957345971565,<80bp,0.0,neutral,0.9339622641509432,5,2.647615964139495,11.917195465602155,80,NIGHTLY_20251105,weekly,WEEKLY_\NIGHTLY_20251105\RUN_refine_AM0945_j-only,2025-10-01 00:32:00+00:00,True
8035.T,refine,j-only,AM15,3,2.0,3.0,1.5,999.0,37.460304907329295,2025-10-01 00:23:00+00:00,2025-10-01,BUY,37.834639884899765,7,-36.018957345971565,<80bp,0.0,neutral,0.9512955386713424,6,3.3221327038272097,11.917195465602155,80,NIGHTLY_20251105,weekly,WEEKLY_\NIGHTLY_20251105\RUN_refine_AM0945_j-only,2025-10-01 00:30:00+00:00,True
8035.T,refine,j-only,AM15,3,2.0,3.0,1.5,999.0,37.460304907329295,2025-10-01 00:24:00+00:00,2025-10-01,BUY,48.35907395601671,5,-36.018957345971565,<80bp,0.0,neutral,1.3243587411315263,7,3.525346044661217,11.917195465602155,80,NIGHTLY_20251105,weekly,WEEKLY_\NIGHTLY_20251105\RUN_refine_AM0945_j-only,2025-10-01 00:29:00+00:00,True
8035.T,refine,j-only,AM15,3,2.0,3.0,1.5,999.0,37.460304907329295,2025-10-01 00:25:00+00:00,2025-10-01,BUY,49.02516948690471,7,-36.018957345971565,<80bp,0.0,neutral,1.7251627984638505,8,1.8136649298151637,11.917195465602155,80,NIGHTLY_20251105,weekly,WEEKLY_\NIGHTLY_20251105\RUN_refine_AM0945_j-only,2025-10-01 00:32:00+00:00,True
8035.T,refine,j-only,AM15,3,2.0,3.0,1.5,999.0,37.460304907329295,2025-10-01 00:26:00+00:00,2025-10-01,BUY,49.27366179386723,4,-36.018957345971565,<80bp,0.0,neutral,0.5619915392124959,9,2.31625549256375,11.917195465602155,80,NIGHTLY_20251105,weekly,WEEKLY_\NIGHTLY_20251105\RUN_refine_AM0945_j-only,2025-10-01 00:30:00+00:00,True
8035.T,refine,j-only,AM15,3,2.0,3.0,1.5,999.0,37.460304907329295,2025-10-01 00:40:00+00:00,2025-10-01,SELL,41.07927959503226,39,-36.018957345971565,<80bp,0.0,neutral,0.8496978851963746,1,2.1730730135666136,11.917195465602155,80,NIGHTLY_20251105,weekly,WEEKLY_\NIGHTLY_20251105\RUN_refine_AM0945_j-only,2025-10-01 01:19:00+00:00,True
8035.T,refine,j-only,AM15,3,2.0,3.0,1.5,999.0,37.460304907329295,2025-10-01 00:41:00+00:00,2025-10-01,SELL,39.83714242517232,38,-36.018957345971565,<80bp,0.0,neutral,0.6794888017208656,2,2.2869922681972623,11.917195465602155,80,NIGHTLY_20251105,weekly,WEEKLY_\NIGHTLY_20251105\RUN_refine_AM0945_j-only,2025-10-01 01:19:00+00:00,True
8035.T,refine,j-only,AM15,3,2.0,3.0,1.5,999.0,37.460304907329295,2025-10-01 00:42:00+00:00,2025-10-01,SELL,34.07912224832362,37,-36.018957345971565,<80bp,0.0,neutral,0.3283660820255835,3,2.069306196470787,11.917195465602155,80,NIGHTLY_20251105,weekly,WEEKLY_\NIGHTLY_20251105\RUN_refine_AM0945_j-only,2025-10-01 01:19:00+00:00,True
8035.T,refine,j-only,AM15,3,2.0,3.0,1.5,999.0,37.460304907329295,2025-10-01 00:43:00+00:00,2025-10-01,SELL,35.31080963249841,36,-36.018957345971565,<80bp,0.0,neutral,0.7000134102185865,4,2.2777630099972748,11.917195465602155,80,NIGHTLY_20251105,weekly,WEEKLY_\NIGHTLY_20251105\RUN_refine_AM0945_j-only,2025-10-01 01:19:00+00:00,True
8035.T,refine,j-only,AM15,3,2.0,3.0,1.5,999.0,37.460304907329295,2025-10-01 00:44:00+00:00,2025-10-01,SELL,30.490401207077497,29,-36.018957345971565,<80bp,0.0,neutral,0.350067842605156,5,2.8613489558336536,11.917195465602155,80,NIGHTLY_20251105,weekly,WEEKLY_\NIGHTLY_20251105\RUN_refine_AM0945_j-only,2025-10-01 01:13:00+00:00,True
8035.T,refine,j-only,AM15,3,2.0,3.0,1.5,999.0,37.460304907329295,2025-10-01 00:45:00+00:00,2025-10-01,SELL,26.02434236667144,25,-36.018957345971565,<80bp,0.0,neutral,0.3878771027387738,6,3.4647733669339047,11.917195465602155,80,NIGHTLY_20251105,weekly,WEEKLY_\NIGHTLY_20251105\RUN_refine_AM0945_j-only,2025-10-01 01:10:00+00:00,True
8035.T,refine,j-only,AM15,3,2.0,3.0,1.5,999.0,37.460304907329295,2025-10-10 00:16:00+00:00,2025-10-10,SELL,68.80376468782174,8,-65.56825823806321,<80bp,0.0,neutral,0.0,1,1.9432823264991403,16.77997009521673,80,NIGHTLY_20251105,weekly,WEEKLY_\NIGHTLY_20251105\RUN_refine_AM0945_j-only,2025-10-10 00:24:00+00:00,True
8035.T,refine,j-only,AM15,3,2.0,3.0,1.5,999.0,37.460304907329295,2025-10-10 00:17:00+00:00,2025-10-10,SELL,64.10209371041257,6,-65.56825823806321,<80bp,0.0,neutral,0.0,2,2.4366242610577875,16.77997009521673,80,NIGHTLY_20251105,weekly,WEEKLY_\NIGHTLY_20251105\RUN_refine_AM0945_j-only,2025-10-10 00:23:00+00:00,True
8035.T,refine,j-only,AM15,3,2.0,3.0,1.5,999.0,37.460304907329295,2025-10-10 00:18:00+00:00,2025-10-10,SELL,53.131868283191686,4,-65.56825823806321,<80bp,0.0,neutral,0.0,3,2.694794474435634,16.77997009521673,80,NIGHTLY_20251105,weekly,WEEKLY_\NIGHTLY_20251105\RUN_refine_AM0945_j-only,2025-10-10 00:22:00+00:00,True
8035.T,refine,j-only,AM15,3,2.0,3.0,1.5,999.0,37.460304907329295,2025-10-15 00:33:00+00:00,2025-10-15,BUY,25.280803714378635,17,22.915564956812972,<80bp,-17.894223583501123,down,0.6746476481575819,1,2.124551172265986,2.124551172265986,80,NIGHTLY_20251105,weekly,WEEKLY_\NIGHTLY_20251105\RUN_refine_AM0945_j-only,2025-10-15 00:50:00+00:00,True
8035.T,refine,j-only,AM15,3,2.0,3.0,1.5,999.0,37.460304907329295,2025-10-15 00:38:00+00:00,2025-10-15,BUY,33.0588188449008,20,22.915564956812972,<80bp,-0.7341547082728717,neutral,0.937009247949747,2,1.9515269439719083,2.124551172265986,80,NIGHTLY_20251105,weekly,WEEKLY_\NIGHTLY_20251105\RUN_refine_AM0945_j-only,2025-10-15 00:58:00+00:00,True
8035.T,refine,j-only,AM15,3,2.0,3.0,1.5,999.0,37.460304907329295,2025-10-15 00:39:00+00:00,2025-10-15,BUY,25.667440294678507,11,22.915564956812972,<80bp,-8.603338171382369,neutral,0.3633405639913232,3,2.046926043987644,2.124551172265986,80,NIGHTLY_20251105,weekly,WEEKLY_\NIGHTLY_20251105\RUN_refine_AM0945_j-only,2025-10-15 00:50:00+00:00,True
8035.T,refine,j-only,AM15,3,2.0,3.0,1.5,999.0,37.460304907329295,2025-10-15 00:40:00+00:00,2025-10-15,BUY,35.28406053775153,5,22.915564956812972,<80bp,-19.570004906789286,down,1.2146422628951747,4,2.853817730922552,2.853817730922552,80,NIGHTLY_20251105,weekly,WEEKLY_\NIGHTLY_20251105\RUN_refine_AM0945_j-only,2025-10-15 00:45:00+00:00,True
8035.T,refine,j-only,AM15,3,2.0,3.0,1.5,999.0,37.460304907329295,2025-10-15 00:42:00+00:00,2025-10-15,BUY,27.616397115916143,16,22.915564956812972,<80bp,-23.98953592987252,down,0.4665002879631407,5,1.7124941011513777,2.853817730922552,80,NIGHTLY_20251105,weekly,WEEKLY_\NIGHTLY_20251105\RUN_refine_AM0945_j-only,2025-10-15 00:58:00+00:00,True
8035.T,refine,j-only,AM15,3,2.0,3.0,1.5,999.0,37.460304907329295,2025-10-21 00:18:00+00:00,2025-10-21,SELL,41.02797689615283,14,9.572431397574984,<80bp,14.296021963480232,neutral,0.0,1,1.71898170696981,1.71898170696981,80,NIGHTLY_20251105,weekly,WEEKLY_\NIGHTLY_20251105\RUN_refine_AM0945_j-only,2025-10-21 00:32:00+00:00,True
8035.T,refine,j-only,AM15,3,2.0,3.0,1.5,999.0,37.460304907329295,2025-10-21 00:33:00+00:00,2025-10-21,BUY,20.82989877389293,24,9.572431397574984,<80bp,-10.660979971750528,neutral,0.6455252325049551,1,1.603949296402002,1.71898170696981,80,NIGHTLY_20251105,weekly,WEEKLY_\NIGHTLY_20251105\RUN_refine_AM0945_j-only,2025-10-21 00:57:00+00:00,True
8035.T,refine,j-only,AM15,3,2.0,3.0,1.5,999.0,37.460304907329295,2025-10-21 00:34:00+00:00,2025-10-21,BUY,19.877961365960864,23,9.572431397574984,<80bp,-14.432025474608867,neutral,0.9478812933707368,2,1.606630235979696,1.71898170696981,80,NIGHTLY_20251105,weekly,WEEKLY_\NIGHTLY_20251105\RUN_refine_AM0945_j-only,2025-10-21 00:57:00+00:00,True
8035.T,refine,j-only,AM15,3,2.0,3.0,1.5,999.0,37.460304907329295,2025-10-21 00:42:00+00:00,2025-10-21,BUY,33.05202137958887,15,9.572431397574984,<80bp,9.148272107124544,neutral,0.9044117647058824,3,1.6996102170911582,1.71898170696981,80,NIGHTLY_20251105,weekly,WEEKLY_\NIGHTLY_20251105\RUN_refine_AM0945_j-only,2025-10-21 00:57:00+00:00,True
8035.T,refine,j-only,AM15,3,2.0,3.0,1.5,999.0,37.460304907329295,2025-10-21 00:43:00+00:00,2025-10-21,BUY,28.16848127079237,14,9.572431397574984,<80bp,15.636364380411385,up,0.5378151260504201,4,1.731108504250472,1.731108504250472,80,NIGHTLY_20251105,weekly,WEEKLY_\NIGHTLY_20251105\RUN_refine_AM0945_j-only,2025-10-21 00:57:00+00:00,True
8035.T,refine,j-only,AM15,3,2.0,3.0,1.5,999.0,37.460304907329295,2025-10-21 00:44:00+00:00,2025-10-21,BUY,20.45547629923419,10,9.572431397574984,<80bp,15.610368967278188,up,0.3252032520325203,5,1.725725967465065,1.731108504250472,80,NIGHTLY_20251105,weekly,WEEKLY_\NIGHTLY_20251105\RUN_refine_AM0945_j-only,2025-10-21 00:54:00+00:00,True
8035.T,refine,j-only,AM15,3,2.0,3.0,1.5,999.0,37.460304907329295,2025-10-21 00:45:00+00:00,2025-10-21,BUY,20.235657633942694,9,9.572431397574984,<80bp,11.607220589333611,neutral,0.7266855066612838,6,1.9800725082610395,1.9800725082610395,80,NIGHTLY_20251105,weekly,WEEKLY_\NIGHTLY_20251105\RUN_refine_AM0945_j-only,2025-10-21 00:54:00+00:00,True
8035.T,refine,j-only,AM15,3,2.0,3.0,1.5,999.0,37.460304907329295,2025-10-22 00:29:00+00:00,2025-10-22,SELL,22.441108569750188,2,-42.13938411669368,<80bp,4.058895734511125,neutral,0.4395170142700329,1,2.0915854444949957,11.529749683339691,80,NIGHTLY_20251105,weekly,WEEKLY_\NIGHTLY_20251105\RUN_refine_AM0945_j-only,2025-10-22 00:31:00+00:00,True
8411.T,refine,j-cross,AM15,3,1.5,3.0,1.2,999.0,23.64315570223185,2025-09-25 00:09:00+00:00,2025-09-25,SELL,56.698076476743765,10,-1.9956096587507484,<80bp,0.0,neutral,0.0,1,1.2594014339220678,1.2594014339220678,84,NIGHTLY_20251105,weekly,WEEKLY_\NIGHTLY_20251105\RUN_refine_AM1000_j-cross,2025-09-25 00:19:00+00:00,True
8411.T,refine,j-cross,AM15,3,1.5,3.0,1.2,999.0,23.64315570223185,2025-09-25 00:12:00+00:00,2025-09-25,SELL,35.63987241622678,6,-1.9956096587507484,<80bp,0.0,neutral,0.0,2,1.335299007768134,1.335299007768134,84,NIGHTLY_20251105,weekly,WEEKLY_\NIGHTLY_20251105\RUN_refine_AM1000_j-cross,2025-09-25 00:18:00+00:00,True
8411.T,refine,j-cross,AM15,3,1.5,3.0,1.2,999.0,23.64315570223185,2025-09-25 00:25:00+00:00,2025-09-25,SELL,13.577242880075731,6,-1.9956096587507484,<80bp,0.0,neutral,0.2159119610319321,3,1.4661351126797328,1.4661351126797328,84,NIGHTLY_20251105,weekly,WEEKLY_\NIGHTLY_20251105\RUN_refine_AM1000_j-cross,2025-09-25 00:31:00+00:00,True
8411.T,refine,j-cross,AM15,3,1.5,3.0,1.2,999.0,23.64315570223185,2025-09-25 00:27:00+00:00,2025-09-25,SELL,9.597233658060862,4,-1.9956096587507484,<80bp,0.0,neutral,0.2137079608343976,4,1.2340013014323246,1.4661351126797328,84,NIGHTLY_20251105,weekly,WEEKLY_\NIGHTLY_20251105\RUN_refine_AM1000_j-cross,2025-09-25 00:31:00+00:00,True
8411.T,refine,j-cross,AM15,3,1.5,3.0,1.2,999.0,23.64315570223185,2025-09-25 00:37:00+00:00,2025-09-25,SELL,10.68113412907827,8,-1.9956096587507484,<80bp,0.0,neutral,1.2360227077240666,5,1.6227946294750792,1.6227946294750792,84,NIGHTLY_20251105,weekly,WEEKLY_\NIGHTLY_20251105\RUN_refine_AM1000_j-cross,2025-09-25 00:45:00+00:00,True
8411.T,refine,j-cross,AM15,3,1.5,3.0,1.2,999.0,23.64315570223185,2025-09-25 00:47:00+00:00,2025-09-25,BUY,15.665374653205731,42,-1.9956096587507484,<80bp,0.0,neutral,1.318003913894325,1,1.6050618464653867,3.84633925095176,84,NIGHTLY_20251105,weekly,WEEKLY_\NIGHTLY_20251105\RUN_refine_AM1000_j-cross,2025-09-25 01:29:00+00:00,True
6526.T,refine,j-cross,AM15,5,1.9,2.8,1.6,3.939944657887378,45.42263433634889,2025-09-24 00:15:00+00:00,2025-09-24,BUY,88.59266637282467,7,23.704707077548257,<80bp,0.0,neutral,0.0,1,1.7545664104874792,1.7545664104874792,65,NIGHTLY_20251105,weekly,WEEKLY_\NIGHTLY_20251105\RUN_refine_AM1000_j-cross,2025-09-24 00:22:00+00:00,True
6526.T,refine,j-cross,AM15,5,1.9,2.8,1.6,3.939944657887378,45.42263433634889,2025-09-24 00:25:00+00:00,2025-09-24,SELL,69.33441407947228,35,23.704707077548257,<80bp,0.0,neutral,1.6668557651396965,1,1.633015562424406,1.7911151807136685,65,NIGHTLY_20251105,weekly,WEEKLY_\NIGHTLY_20251105\RUN_refine_AM1000_j-cross,2025-09-24 01:00:00+00:00,True
6526.T,refine,j-cross,AM15,5,1.9,2.8,1.6,3.939944657887378,45.42263433634889,2025-09-24 00:30:00+00:00,2025-09-24,SELL,97.06747595035904,17,23.704707077548257,<80bp,0.0,neutral,1.5318565882621604,2,1.777063634666139,3.2686162808900368,65,NIGHTLY_20251105,weekly,WEEKLY_\NIGHTLY_20251105\RUN_refine_AM1000_j-cross,2025-09-24 00:47:00+00:00,True
6526.T,refine,j-cross,AM15,5,1.9,2.8,1.6,3.939944657887378,45.42263433634889,2025-09-24 00:35:00+00:00,2025-09-24,SELL,76.9795787456104,12,23.704707077548257,<80bp,0.0,neutral,0.7747046560111188,3,1.6148472172234916,3.2686162808900368,65,NIGHTLY_20251105,weekly,WEEKLY_\NIGHTLY_20251105\RUN_refine_AM1000_j-cross,2025-09-24 00:47:00+00:00,True
6526.T,refine,j-cross,AM15,5,1.9,2.8,1.6,3.939944657887378,45.42263433634889,2025-09-24 00:56:00+00:00,2025-09-24,BUY,34.39637662517839,11,23.704707077548257,<80bp,0.0,neutral,0.9524777429976828,2,2.001277316766418,3.2686162808900368,65,NIGHTLY_20251105,weekly,WEEKLY_\NIGHTLY_20251105\RUN_refine_AM1000_j-cross,2025-09-24 01:07:00+00:00,True
6526.T,refine,j-cross,AM15,5,1.9,2.8,1.6,3.939944657887378,45.42263433634889,2025-09-24 00:58:00+00:00,2025-09-24,BUY,30.922765914526764,9,23.704707077548257,<80bp,0.0,neutral,0.4692041522491349,3,1.7795163058875465,3.2686162808900368,65,NIGHTLY_20251105,weekly,WEEKLY_\NIGHTLY_20251105\RUN_refine_AM1000_j-cross,2025-09-24 01:07:00+00:00,True
6526.T,refine,j-cross,AM15,5,1.9,2.8,1.6,3.939944657887378,45.42263433634889,2025-10-03 00:14:00+00:00,2025-10-03,BUY,89.68912865234597,7,-13.086558235184146,<80bp,0.0,neutral,0.0,1,1.7062261158826904,1.7062261158826904,65,NIGHTLY_20251105,weekly,WEEKLY_\NIGHTLY_20251105\RUN_refine_AM1000_j-cross,2025-10-03 00:21:00+00:00,True
6526.T,refine,j-cross,AM15,5,1.9,2.8,1.6,3.939944657887378,45.42263433634889,2025-10-03 00:27:00+00:00,2025-10-03,SELL,-123.60133164952634,8,-13.086558235184146,<80bp,0.0,neutral,0.5926351302849759,1,1.7020468744719996,1.7062261158826904,65,NIGHTLY_20251105,weekly,WEEKLY_\NIGHTLY_20251105\RUN_refine_AM1000_j-cross,2025-10-03 00:35:00+00:00,False
285A.T,refine,j-cross,AM15,5,1.5,3.0,1.8,999.0,70.11010351735865,2025-09-29 00:11:00+00:00,2025-09-29,SELL,147.0316458250609,21,,<80bp,0.0,neutral,0.0,1,1.851940582641492,1.851940582641492,28,NIGHTLY_20251105,weekly,WEEKLY_\NIGHTLY_20251105\RUN_refine_AM1000_j-cross,2025-09-29 00:32:00+00:00,True
285A.T,refine,j-cross,AM15,5,1.5,3.0,1.8,999.0,70.11010351735865,2025-09-29 00:54:00+00:00,2025-09-29,BUY,40.677461394837785,8,,<80bp,0.0,neutral,0.4256974547071246,1,1.8243452097156505,1.851940582641492,28,NIGHTLY_20251105,weekly,WEEKLY_\NIGHTLY_20251105\RUN_refine_AM1000_j-cross,2025-09-29 01:02:00+00:00,True
285A.T,refine,j-cross,AM15,5,1.5,3.0,1.8,999.0,70.11010351735865,2025-09-29 00:59:00+00:00,2025-09-29,BUY,42.0278498726158,1,,<80bp,0.0,neutral,0.815049823495241,2,2.561112727645646,2.561112727645646,28,NIGHTLY_20251105,weekly,WEEKLY_\NIGHTLY_20251105\RUN_refine_AM1000_j-cross,2025-09-29 01:00:00+00:00,True
285A.T,refine,j-cross,AM15,5,1.5,3.0,1.8,999.0,70.11010351735865,2025-10-08 00:17:00+00:00,2025-10-08,SELL,122.3094458300124,163,-68.02721088435374,<80bp,4.387684411579773,neutral,0.0,1,2.08701892666636,2.08701892666636,28,NIGHTLY_20251105,weekly,WEEKLY_\NIGHTLY_20251105\RUN_refine_AM1000_j-cross,2025-10-08 03:00:00+00:00,True
285A.T,refine,j-cross,AM15,5,1.5,3.0,1.8,999.0,70.11010351735865,2025-10-08 00:19:00+00:00,2025-10-08,SELL,115.22425950837632,161,-68.02721088435374,<80bp,1.1482333353662888,neutral,0.5491478296689151,2,2.0057045203380865,2.08701892666636,28,NIGHTLY_20251105,weekly,WEEKLY_\NIGHTLY_20251105\RUN_refine_AM1000_j-cross,2025-10-08 03:00:00+00:00,True
285A.T,refine,j-cross,AM15,5,1.5,3.0,1.8,999.0,70.11010351735865,2025-10-08 00:33:00+00:00,2025-10-08,SELL,87.23678727096465,128,-68.02721088435374,<80bp,10.54883142046048,neutral,0.8663961868013392,3,2.6137356595718373,3.647134131920661,28,NIGHTLY_20251105,weekly,WEEKLY_\NIGHTLY_20251105\RUN_refine_AM1000_j-cross,2025-10-08 02:41:00+00:00,True
285A.T,refine,j-cross,AM15,5,1.5,3.0,1.8,999.0,70.11010351735865,2025-10-08 00:36:00+00:00,2025-10-08,SELL,84.94762388108808,125,-68.02721088435374,<80bp,10.822337297671236,neutral,0.2649744537449723,4,2.148025642111837,3.647134131920661,28,NIGHTLY_20251105,weekly,WEEKLY_\NIGHTLY_20251105\RUN_refine_AM1000_j-cross,2025-10-08 02:41:00+00:00,True
285A.T,refine,j-cross,AM15,5,1.5,3.0,1.8,999.0,70.11010351735865,2025-10-08 00:46:00+00:00,2025-10-08,SELL,74.4140291393981,115,-68.02721088435374,<80bp,8.27208718744199,neutral,0.2092671198313989,5,2.131517430996577,3.647134131920661,28,NIGHTLY_20251105,weekly,WEEKLY_\NIGHTLY_20251105\RUN_refine_AM1000_j-cross,2025-10-08 02:41:00+00:00,True
285A.T,refine,j-cross,AM15,5,1.5,3.0,1.8,999.0,70.11010351735865,2025-10-08 00:49:00+00:00,2025-10-08,SELL,74.0070885835517,110,-68.02721088435374,<80bp,3.628101275809925,neutral,2.2867383512544803,6,2.362750046635751,3.647134131920661,28,NIGHTLY_20251105,weekly,WEEKLY_\NIGHTLY_20251105\RUN_refine_AM1000_j-cross,2025-10-08 02:39:00+00:00,True
285A.T,refine,j-cross,AM15,5,1.5,3.0,1.8,999.0,70.11010351735865,2025-10-08 00:58:00+00:00,2025-10-08,SELL,64.65850912332313,101,-68.02721088435374,<80bp,-12.72528680392293,neutral,0.3983562820080346,7,1.8524783117178123,3.647134131920661,28,NIGHTLY_20251105,weekly,WEEKLY_\NIGHTLY_20251105\RUN_refine_AM1000_j-cross,2025-10-08 02:39:00+00:00,True
285A.T,refine,j-cross,AM15,5,1.5,3.0,1.8,999.0,70.11010351735865,2025-10-08 01:00:00+00:00,2025-10-08,SELL,57.66669886734505,99,-68.02721088435374,<80bp,-15.932442485691034,down,0.2975644886735629,8,2.070912611337196,3.647134131920661,28,NIGHTLY_20251105,weekly,WEEKLY_\NIGHTLY_20251105\RUN_refine_AM1000_j-cross,2025-10-08 02:39:00+00:00,True
285A.T,refine,j-cross,AM15,5,1.5,3.0,1.8,999.0,70.11010351735865,2025-10-10 00:26:00+00:00,2025-10-10,SELL,65.80464303275205,2,-16.10305958132045,<80bp,12.251407805328183,neutral,2.090909090909091,1,2.235073429083019,17.087654308986732,28,NIGHTLY_20251105,weekly,WEEKLY_\NIGHTLY_20251105\RUN_refine_AM1000_j-cross,2025-10-10 00:28:00+00:00,True
285A.T,refine,j-cross,AM15,5,1.5,3.0,1.8,999.0,70.11010351735865,2025-10-10 00:39:00+00:00,2025-10-10,BUY,50.99660189709118,14,-16.10305958132045,<80bp,-25.866091040220866,down,0.1691616766467066,1,1.9147781720021737,17.087654308986732,28,NIGHTLY_20251105,weekly,WEEKLY_\NIGHTLY_20251105\RUN_refine_AM1000_j-cross,2025-10-10 00:53:00+00:00,True
285A.T,refine,j-cross,AM15,5,1.5,3.0,1.8,999.0,70.11010351735865,2025-10-10 00:49:00+00:00,2025-10-10,BUY,31.70391357103881,4,-16.10305958132045,<80bp,-11.921262078083972,neutral,0.3974038410384636,2,1.865637092012541,17.087654308986732,28,NIGHTLY_20251105,weekly,WEEKLY_\NIGHTLY_20251105\RUN_refine_AM1000_j-cross,2025-10-10 00:53:00+00:00,True
285A.T,refine,j-cross,AM15,5,1.5,3.0,1.8,999.0,70.11010351735865,2025-10-15 00:39:00+00:00,2025-10-15,BUY,48.06538674224317,8,-33.16749585406302,<80bp,-8.603338171382369,neutral,0.3333930811973472,1,1.8166888442692417,1.8166888442692417,28,NIGHTLY_20251105,weekly,WEEKLY_\NIGHTLY_20251105\RUN_refine_AM1000_j-cross,2025-10-15 00:47:00+00:00,True
285A.T,refine,j-cross,AM15,5,1.5,3.0,1.8,999.0,70.11010351735865,2025-10-15 00:46:00+00:00,2025-10-15,BUY,39.09884884173691,1,-33.16749585406302,<80bp,21.977143472242663,up,0.5580069241735116,2,1.9128667183530503,2.4598775559205905,28,NIGHTLY_20251105,weekly,WEEKLY_\NIGHTLY_20251105\RUN_refine_AM1000_j-cross,2025-10-15 00:47:00+00:00,True
285A.T,refine,j-cross,AM15,5,1.5,3.0,1.8,999.0,70.11010351735865,2025-10-15 00:55:00+00:00,2025-10-15,BUY,46.00096641366103,26,-33.16749585406302,<80bp,-7.212140005792289,neutral,0.5053176200057488,3,2.0558305944847617,2.4598775559205905,28,NIGHTLY_20251105,weekly,WEEKLY_\NIGHTLY_20251105\RUN_refine_AM1000_j-cross,2025-10-15 01:21:00+00:00,True
5801.T,refine,j-cross,AM15,3,1.5,2.0,1.2,0.4431972081706131,-25.68636617884933,2025-09-26 00:15:00+00:00,2025-09-26,BUY,-114.45538254252364,131,56.54632448890822,<80bp,0.0,neutral,0.0,1,1.4813158510632496,1.4813158510632496,58,NIGHTLY_20251105,weekly,WEEKLY_\NIGHTLY_20251105\RUN_refine_AM1000_j-cross,2025-09-26 02:26:00+00:00,False
5801.T,refine,j-cross,AM15,3,1.5,2.0,1.2,0.4431972081706131,-25.68636617884933,2025-09-26 00:23:00+00:00,2025-09-26,BUY,80.13773916463532,9,56.54632448890822,<80bp,0.0,neutral,0.0,2,1.374165472108655,1.4813158510632496,58,NIGHTLY_20251105,weekly,WEEKLY_\NIGHTLY_20251105\RUN_refine_AM1000_j-cross,2025-09-26 00:32:00+00:00,True
5801.T,refine,j-cross,AM15,3,1.5,2.0,1.2,0.4431972081706131,-25.68636617884933,2025-09-26 00:29:00+00:00,2025-09-26,BUY,34.11818312511158,1,56.54632448890822,<80bp,0.0,neutral,0.7059671028935046,3,1.6445473939275397,2.4007246892926184,58,NIGHTLY_20251105,weekly,WEEKLY_\NIGHTLY_20251105\RUN_refine_AM1000_j-cross,2025-09-26 00:30:00+00:00,True
5801.T,refine,j-cross,AM15,3,1.5,2.0,1.2,0.4431972081706131,-25.68636617884933,2025-09-26 00:44:00+00:00,2025-09-26,BUY,-48.530495803200765,7,56.54632448890822,<80bp,0.0,neutral,0.5701233439926907,4,1.2589753082515018,2.4007246892926184,58,NIGHTLY_20251105,weekly,WEEKLY_\NIGHTLY_20251105\RUN_refine_AM1000_j-cross,2025-09-26 00:51:00+00:00,False
5801.T,refine,j-cross,AM15,3,1.5,2.0,1.2,0.4431972081706131,-25.68636617884933,2025-10-10 00:12:00+00:00,2025-10-10,SELL,66.77662634312729,3,-29.52856124630893,<80bp,15.88602987947718,up,0.0,1,1.4518295017982303,13.170704476998155,58,NIGHTLY_20251105,weekly,WEEKLY_\NIGHTLY_20251105\RUN_refine_AM1000_j-cross,2025-10-10 00:15:00+00:00,True
5801.T,refine,j-cross,AM15,3,1.5,2.0,1.2,0.4431972081706131,-25.68636617884933,2025-10-10 00:21:00+00:00,2025-10-10,BUY,40.41413822183804,6,-29.52856124630893,<80bp,-4.770505889181154,neutral,0.5549510337323178,1,1.3769060216654012,13.170704476998155,58,NIGHTLY_20251105,weekly,WEEKLY_\NIGHTLY_20251105\RUN_refine_AM1000_j-cross,2025-10-10 00:27:00+00:00,True
5801.T,refine,j-cross,AM15,3,1.5,2.0,1.2,0.4431972081706131,-25.68636617884933,2025-10-10 00:38:00+00:00,2025-10-10,BUY,-57.02587032130454,6,-29.52856124630893,<80bp,-2.642867291310358,neutral,0.7667022762757827,2,1.879762906492345,13.170704476998155,58,NIGHTLY_20251105,weekly,WEEKLY_\NIGHTLY_20251105\RUN_refine_AM1000_j-cross,2025-10-10 00:44:00+00:00,False
5801.T,refine,j-cross,AM15,3,1.5,2.0,1.2,0.4431972081706131,-25.68636617884933,2025-10-15 00:08:00+00:00,2025-10-15,SELL,-93.37427687747696,18,32.71660649819495,<80bp,19.00055707613424,up,0.0,1,1.319537431527714,1.319537431527714,58,NIGHTLY_20251105,weekly,WEEKLY_\NIGHTLY_20251105\RUN_refine_AM1000_j-cross,2025-10-15 00:26:00+00:00,False
5801.T,refine,j-cross,AM15,3,1.5,2.0,1.2,0.4431972081706131,-25.68636617884933,2025-10-15 00:16:00+00:00,2025-10-15,SELL,-89.25449358952935,15,32.71660649819495,<80bp,4.669806459240977,neutral,0.0,2,1.3601885971576593,1.3601885971576593,58,NIGHTLY_20251105,weekly,WEEKLY_\NIGHTLY_20251105\RUN_refine_AM1000_j-cross,2025-10-15 00:31:00+00:00,False
5801.T,refine,j-cross,AM15,3,1.5,2.0,1.2,0.4431972081706131,-25.68636617884933,2025-10-15 00:24:00+00:00,2025-10-15,SELL,-78.83143838775872,7,32.71660649819495,<80bp,11.128107553035615,neutral,0.7450516618946844,3,1.3045445865498868,1.7183660807806465,58,NIGHTLY_20251105,weekly,WEEKLY_\NIGHTLY_20251105\RUN_refine_AM1000_j-cross,2025-10-15 00:31:00+00:00,False
5801.T,refine,j-cross,AM15,3,1.5,2.0,1.2,0.4431972081706131,-25.68636617884933,2025-10-15 00:34:00+00:00,2025-10-15,SELL,44.34514697292891,6,32.71660649819495,<80bp,-12.390788808002153,neutral,0.6189442031406616,4,1.7352814841726814,2.808790207369772,58,NIGHTLY_20251105,weekly,WEEKLY_\NIGHTLY_20251105\RUN_refine_AM1000_j-cross,2025-10-15 00:40:00+00:00,True
5801.T,refine,j-cross,AM15,3,1.5,2.0,1.2,0.4431972081706131,-25.68636617884933,2025-10-15 00:42:00+00:00,2025-10-15,SELL,-59.838786271735366,8,32.71660649819495,<80bp,-23.98953592987252,down,0.6427026470285303,5,1.5211682061746894,2.808790207369772,58,NIGHTLY_20251105,weekly,WEEKLY_\NIGHTLY_20251105\RUN_refine_AM1000_j-cross,2025-10-15 00:50:00+00:00,False
5801.T,refine,j-cross,AM15,3,1.5,2.0,1.2,0.4431972081706131,-25.68636617884933,2025-10-15 00:55:00+00:00,2025-10-15,SELL,-58.40385035915304,24,32.71660649819495,<80bp,-7.212140005792289,neutral,0.8354430379746836,6,1.9010335544702848,3.913400059965692,58,NIGHTLY_20251105,weekly,WEEKLY_\NIGHTLY_20251105\RUN_refine_AM1000_j-cross,2025-10-15 01:19:00+00:00,False
6857.T,refine,j-cross,AM15,3,1.6,2.7,1.2,2.4447484929275363,21.45453627445348,2025-10-01 00:18:00+00:00,2025-10-01,BUY,41.497761610924485,17,-33.97893306150187,<80bp,0.0,neutral,0.0,1,1.7469350332793967,20.28983152789963,68,NIGHTLY_20251105,weekly,WEEKLY_\NIGHTLY_20251105\RUN_refine_AM1000_j-cross,2025-10-01 00:35:00+00:00,True
6857.T,refine,j-cross,AM15,3,1.6,2.7,1.2,2.4447484929275363,21.45453627445348,2025-10-01 00:21:00+00:00,2025-10-01,BUY,46.247305121713424,14,-33.97893306150187,<80bp,0.0,neutral,0.8464519976147883,2,1.2143044749136285,20.28983152789963,68,NIGHTLY_20251105,weekly,WEEKLY_\NIGHTLY_20251105\RUN_refine_AM1000_j-cross,2025-10-01 00:35:00+00:00,True
6857.T,refine,j-cross,AM15,3,1.6,2.7,1.2,2.4447484929275363,21.45453627445348,2025-10-01 00:35:00+00:00,2025-10-01,SELL,31.18127713014647,3,-33.97893306150187,<80bp,0.0,neutral,1.584368026549179,1,1.6038030184797056,20.28983152789963,68,NIGHTLY_20251105,weekly,WEEKLY_\NIGHTLY_20251105\RUN_refine_AM1000_j-cross,2025-10-01 00:38:00+00:00,True
6857.T,refine,j-cross,AM15,3,1.6,2.7,1.2,2.4447484929275363,21.45453627445348,2025-10-01 00:41:00+00:00,2025-10-01,SELL,-67.65094692365024,5,-33.97893306150187,<80bp,0.0,neutral,0.6211612739821439,2,1.6689121620276164,20.28983152789963,68,NIGHTLY_20251105,weekly,WEEKLY_\NIGHTLY_20251105\RUN_refine_AM1000_j-cross,2025-10-01 00:46:00+00:00,False
6857.T,refine,j-cross,AM15,3,1.6,2.7,1.2,2.4447484929275363,21.45453627445348,2025-10-03 00:09:00+00:00,2025-10-03,BUY,53.52142905795922,1,0.0,<80bp,0.0,neutral,0.0,1,1.2045705584684263,12.052703570485486,68,NIGHTLY_20251105,weekly,WEEKLY_\NIGHTLY_20251105\RUN_refine_AM1000_j-cross,2025-10-03 00:10:00+00:00,True
6857.T,refine,j-cross,AM15,3,1.6,2.7,1.2,2.4447484929275363,21.45453627445348,2025-10-03 00:16:00+00:00,2025-10-03,SELL,-88.97947700780882,4,0.0,<80bp,0.0,neutral,0.0,1,1.2992575073551094,12.052703570485486,68,NIGHTLY_20251105,weekly,WEEKLY_\NIGHTLY_20251105\RUN_refine_AM1000_j-cross,2025-10-03 00:20:00+00:00,False
6857.T,refine,j-cross,AM15,3,1.6,2.7,1.2,2.4447484929275363,21.45453627445348,2025-10-09 00:17:00+00:00,2025-10-09,SELL,-100.97500601170012,5,-27.75464890369137,<80bp,27.05821139680653,up,0.0,1,1.7730949357417536,11.751396091527342,68,NIGHTLY_20251105,weekly,WEEKLY_\NIGHTLY_20251105\RUN_refine_AM1000_j-cross,2025-10-09 00:22:00+00:00,False
6857.T,refine,j-cross,AM15,3,1.6,2.7,1.2,2.4447484929275363,21.45453627445348,2025-10-09 00:28:00+00:00,2025-10-09,SELL,63.98245646478124,14,-27.75464890369137,<80bp,-0.0097040530677716,neutral,0.6647588765235825,2,1.3684004581119904,11.751396091527342,68,NIGHTLY_20251105,weekly,WEEKLY_\NIGHTLY_20251105\RUN_refine_AM1000_j-cross,2025-10-09 00:42:00+00:00,True
6857.T,refine,j-cross,AM15,3,1.6,2.7,1.2,2.4447484929275363,21.45453627445348,2025-10-09 00:30:00+00:00,2025-10-09,SELL,50.99009538569169,12,-27.75464890369137,<80bp,-3.7148541988485375,neutral,0.5889084507042254,3,1.5658812782007894,11.751396091527342,68,NIGHTLY_20251105,weekly,WEEKLY_\NIGHTLY_20251105\RUN_refine_AM1000_j-cross,2025-10-09 00:42:00+00:00,True
6857.T,refine,j-cross,AM15,3,1.6,2.7,1.2,2.4447484929275363,21.45453627445348,2025-10-09 01:00:00+00:00,2025-10-09,BUY,-83.94490683035697,16,-27.75464890369137,<80bp,-4.672947750017364,neutral,1.85588035350102,1,1.7164429390960034,11.751396091527342,68,NIGHTLY_20251105,weekly,WEEKLY_\NIGHTLY_20251105\RUN_refine_AM1000_j-cross,2025-10-09 01:16:00+00:00,False
6857.T,refine,j-cross,AM15,3,1.6,2.7,1.2,2.4447484929275363,21.45453627445348,2025-10-10 00:25:00+00:00,2025-10-10,SELL,42.534554260398615,21,-19.46607341490545,<80bp,12.987214353157306,neutral,1.3219508573973722,1,1.5841524299081835,11.751396091527342,68,NIGHTLY_20251105,weekly,WEEKLY_\NIGHTLY_20251105\RUN_refine_AM1000_j-cross,2025-10-10 00:46:00+00:00,True
6857.T,refine,j-cross,AM15,3,1.6,2.7,1.2,2.4447484929275363,21.45453627445348,2025-10-10 00:28:00+00:00,2025-10-10,SELL,41.81881435507882,17,-19.46607341490545,<80bp,3.407270318565025,neutral,1.3088865096359743,2,1.5566251071350563,11.751396091527342,68,NIGHTLY_20251105,weekly,WEEKLY_\NIGHTLY_20251105\RUN_refine_AM1000_j-cross,2025-10-10 00:45:00+00:00,True
6857.T,refine,j-cross,AM15,3,1.6,2.7,1.2,2.4447484929275363,21.45453627445348,2025-10-10 00:30:00+00:00,2025-10-10,SELL,48.46667686916552,16,-19.46607341490545,<80bp,-16.833574884487223,down,0.9983660130718954,3,1.3536801352444077,11.751396091527342,68,NIGHTLY_20251105,weekly,WEEKLY_\NIGHTLY_20251105\RUN_refine_AM1000_j-cross,2025-10-10 00:46:00+00:00,True
6857.T,refine,j-cross,AM15,3,1.6,2.7,1.2,2.4447484929275363,21.45453627445348,2025-10-10 00:37:00+00:00,2025-10-10,SELL,46.45023454075108,6,-19.46607341490545,<80bp,7.863732768105258,neutral,0.9596541786743517,4,1.3696943301493365,11.751396091527342,68,NIGHTLY_20251105,weekly,WEEKLY_\NIGHTLY_20251105\RUN_refine_AM1000_j-cross,2025-10-10 00:43:00+00:00,True
6857.T,refine,j-cross,AM15,3,1.6,2.7,1.2,2.4447484929275363,21.45453627445348,2025-10-10 00:39:00+00:00,2025-10-10,SELL,27.129158028196,4,-19.46607341490545,<80bp,-25.866091040220866,down,0.3062918998708407,5,1.4633616224485189,11.751396091527342,68,NIGHTLY_20251105,weekly,WEEKLY_\NIGHTLY_20251105\RUN_refine_AM1000_j-cross,2025-10-10 00:43:00+00:00,True
6857.T,refine,j-cross,AM15,3,1.6,2.7,1.2,2.4447484929275363,21.45453627445348,2025-10-10 00:46:00+00:00,2025-10-10,BUY,25.59476225953877,7,-19.46607341490545,<80bp,-12.489097605503652,neutral,1.2581267414445954,1,1.65400669790055,11.751396091527342,68,NIGHTLY_20251105,weekly,WEEKLY_\NIGHTLY_20251105\RUN_refine_AM1000_j-cross,2025-10-10 00:53:00+00:00,True
6857.T,refine,j-cross,AM15,3,1.6,2.7,1.2,2.4447484929275363,21.45453627445348,2025-10-10 00:55:00+00:00,2025-10-10,SELL,33.627839585446374,12,-19.46607341490545,<80bp,17.10805530314552,up,1.2823806465424965,6,1.4598047616095438,11.751396091527342,68,NIGHTLY_20251105,weekly,WEEKLY_\NIGHTLY_20251105\RUN_refine_AM1000_j-cross,2025-10-10 01:07:00+00:00,True
6857.T,refine,j-cross,AM15,3,1.6,2.7,1.2,2.4447484929275363,21.45453627445348,2025-10-15 00:14:00+00:00,2025-10-15,SELL,55.17022887182791,56,5.901445854234288,<80bp,2.476245077653872,neutral,0.0,1,1.3449734543355043,1.3449734543355043,68,NIGHTLY_20251105,weekly,WEEKLY_\NIGHTLY_20251105\RUN_refine_AM1000_j-cross,2025-10-15 01:10:00+00:00,True
6857.T,refine,j-cross,AM15,3,1.6,2.7,1.2,2.4447484929275363,21.45453627445348,2025-10-15 00:23:00+00:00,2025-10-15,SELL,60.98883626046542,17,5.901445854234288,<80bp,5.199583204724689,neutral,0.5937113469175185,2,1.5520507562133488,2.2580690836167787,68,NIGHTLY_20251105,weekly,WEEKLY_\NIGHTLY_20251105\RUN_refine_AM1000_j-cross,2025-10-15 00:40:00+00:00,True
6857.T,refine,j-cross,AM15,3,1.6,2.7,1.2,2.4447484929275363,21.45453627445348,2025-10-15 00:37:00+00:00,2025-10-15,SELL,32.55750725508437,1,5.901445854234288,<80bp,10.099029446504204,neutral,0.5321626948575524,3,1.277205098074103,2.480987161693288,68,NIGHTLY_20251105,weekly,WEEKLY_\NIGHTLY_20251105\RUN_refine_AM1000_j-cross,2025-10-15 00:38:00+00:00,True
6857.T,refine,j-cross,AM15,3,1.6,2.7,1.2,2.4447484929275363,21.45453627445348,2025-10-15 00:47:00+00:00,2025-10-15,SELL,37.1803664012596,8,5.901445854234288,<80bp,23.030606975154026,up,0.9113615241635687,4,1.6312204482121426,2.480987161693288,68,NIGHTLY_20251105,weekly,WEEKLY_\NIGHTLY_20251105\RUN_refine_AM1000_j-cross,2025-10-15 00:55:00+00:00,True
6857.T,refine,j-cross,AM15,3,1.6,2.7,1.2,2.4447484929275363,21.45453627445348,2025-10-16 00:15:00+00:00,2025-10-16,SELL,47.24984758388626,16,-63.2183908045977,<80bp,8.243803028282759,neutral,0.0,1,1.3524538837869513,8.720675159345566,68,NIGHTLY_20251105,weekly,WEEKLY_\NIGHTLY_20251105\RUN_refine_AM1000_j-cross,2025-10-16 00:31:00+00:00,True
6857.T,refine,j-cross,AM15,3,1.6,2.7,1.2,2.4447484929275363,21.45453627445348,2025-10-16 00:17:00+00:00,2025-10-16,SELL,48.815520043630855,7,-63.2183908045977,<80bp,12.355894338391682,neutral,0.0,2,1.2908718478717844,8.720675159345566,68,NIGHTLY_20251105,weekly,WEEKLY_\NIGHTLY_20251105\RUN_refine_AM1000_j-cross,2025-10-16 00:24:00+00:00,True
8035.T,refine,j-cross,AM15,5,2.0,3.0,1.5,1.5985667536121069,11.36458279902624,2025-09-24 00:15:00+00:00,2025-09-24,BUY,56.35689841661693,5,-24.376523532720796,<80bp,0.0,neutral,0.0,1,1.5566430513363558,1.5566430513363558,80,NIGHTLY_20251105,weekly,WEEKLY_\NIGHTLY_20251105\RUN_refine_AM1000_j-cross,2025-09-24 00:20:00+00:00,True
8035.T,refine,j-cross,AM15,5,2.0,3.0,1.5,1.5985667536121069,11.36458279902624,2025-09-24 00:22:00+00:00,2025-09-24,SELL,45.3518755153561,38,-24.376523532720796,<80bp,0.0,neutral,0.4254235280180073,1,1.672746518992536,1.672746518992536,80,NIGHTLY_20251105,weekly,WEEKLY_\NIGHTLY_20251105\RUN_refine_AM1000_j-cross,2025-09-24 01:00:00+00:00,True
8035.T,refine,j-cross,AM15,5,2.0,3.0,1.5,1.5985667536121069,11.36458279902624,2025-09-24 00:25:00+00:00,2025-09-24,SELL,53.15202339265733,13,-24.376523532720796,<80bp,0.0,neutral,1.6288923191568638,2,2.550562045410261,2.550562045410261,80,NIGHTLY_20251105,weekly,WEEKLY_\NIGHTLY_20251105\RUN_refine_AM1000_j-cross,2025-09-24 00:38:00+00:00,True
8035.T,refine,j-cross,AM15,5,2.0,3.0,1.5,1.5985667536121069,11.36458279902624,2025-09-24 00:35:00+00:00,2025-09-24,SELL,40.60142934132401,3,-24.376523532720796,<80bp,0.0,neutral,0.8128667680938926,3,1.7829537460409983,4.019537508306096,80,NIGHTLY_20251105,weekly,WEEKLY_\NIGHTLY_20251105\RUN_refine_AM1000_j-cross,2025-09-24 00:38:00+00:00,True
8035.T,refine,j-cross,AM15,5,2.0,3.0,1.5,1.5985667536121069,11.36458279902624,2025-09-24 01:00:00+00:00,2025-09-24,BUY,22.961025107113183,5,-24.376523532720796,<80bp,0.0,neutral,1.7303267372296365,2,2.038058455879553,4.019537508306096,80,NIGHTLY_20251105,weekly,WEEKLY_\NIGHTLY_20251105\RUN_refine_AM1000_j-cross,2025-09-24 01:05:00+00:00,True
8035.T,refine,j-cross,AM15,5,2.0,3.0,1.5,1.5985667536121069,11.36458279902624,2025-09-25 00:40:00+00:00,2025-09-25,SELL,-69.9457121139655,114,-64.14956011730206,<80bp,0.0,neutral,0.8921671935370565,1,2.039848394835758,18.051601962103323,80,NIGHTLY_20251105,weekly,WEEKLY_\NIGHTLY_20251105\RUN_refine_AM1000_j-cross,2025-09-25 02:34:00+00:00,False
8035.T,refine,j-cross,AM15,5,2.0,3.0,1.5,1.5985667536121069,11.36458279902624,2025-09-25 00:51:00+00:00,2025-09-25,SELL,-60.77596275862508,55,-64.14956011730206,<80bp,0.0,neutral,1.0906958561376074,2,1.8219445055588848,18.051601962103323,80,NIGHTLY_20251105,weekly,WEEKLY_\NIGHTLY_20251105\RUN_refine_AM1000_j-cross,2025-09-25 01:46:00+00:00,False
8035.T,refine,j-cross,AM15,5,2.0,3.0,1.5,1.5985667536121069,11.36458279902624,2025-09-25 00:54:00+00:00,2025-09-25,SELL,-55.41763361693877,52,-64.14956011730206,<80bp,0.0,neutral,0.4127682993946064,3,2.1359728781906275,18.051601962103323,80,NIGHTLY_20251105,weekly,WEEKLY_\NIGHTLY_20251105\RUN_refine_AM1000_j-cross,2025-09-25 01:46:00+00:00,False
8035.T,refine,j-cross,AM15,5,2.0,3.0,1.5,1.5985667536121069,11.36458279902624,2025-10-01 00:10:00+00:00,2025-10-01,BUY,-79.66923872135162,11,-36.018957345971565,<80bp,0.0,neutral,0.0,1,1.631242889324264,9.910593095127304,80,NIGHTLY_20251105,weekly,WEEKLY_\NIGHTLY_20251105\RUN_refine_AM1000_j-cross,2025-10-01 00:21:00+00:00,False
8035.T,refine,j-cross,AM15,5,2.0,3.0,1.5,1.5985667536121069,11.36458279902624,2025-10-01 00:18:00+00:00,2025-10-01,BUY,45.71853186537769,15,-36.018957345971565,<80bp,0.0,neutral,0.0,2,1.99985428844564,9.910593095127304,80,NIGHTLY_20251105,weekly,WEEKLY_\NIGHTLY_20251105\RUN_refine_AM1000_j-cross,2025-10-01 00:33:00+00:00,True
8035.T,refine,j-cross,AM15,5,2.0,3.0,1.5,1.5985667536121069,11.36458279902624,2025-10-01 00:40:00+00:00,2025-10-01,SELL,39.19584709407287,39,-36.018957345971565,<80bp,0.0,neutral,0.8496978851963746,1,2.2764763737696647,9.910593095127304,80,NIGHTLY_20251105,weekly,WEEKLY_\NIGHTLY_20251105\RUN_refine_AM1000_j-cross,2025-10-01 01:19:00+00:00,True
8035.T,refine,j-cross,AM15,5,2.0,3.0,1.5,1.5985667536121069,11.36458279902624,2025-10-10 00:16:00+00:00,2025-10-10,SELL,64.40014163419269,8,-65.56825823806321,<80bp,-6.278688065627369,neutral,0.0,1,2.082278171821196,15.491387906719904,80,NIGHTLY_20251105,weekly,WEEKLY_\NIGHTLY_20251105\RUN_refine_AM1000_j-cross,2025-10-10 00:24:00+00:00,True
8035.T,refine,j-cross,AM15,5,2.0,3.0,1.5,1.5985667536121069,11.36458279902624,2025-10-15 00:33:00+00:00,2025-10-15,BUY,27.16215454765271,25,22.915564956812972,<80bp,-17.894223583501123,down,0.6746476481575819,1,1.991743864043762,1.991743864043762,80,NIGHTLY_20251105,weekly,WEEKLY_\NIGHTLY_20251105\RUN_refine_AM1000_j-cross,2025-10-15 00:58:00+00:00,True
8035.T,refine,j-cross,AM15,5,2.0,3.0,1.5,1.5985667536121069,11.36458279902624,2025-10-15 00:38:00+00:00,2025-10-15,BUY,30.012779482884845,12,22.915564956812972,<80bp,-0.7341547082728717,neutral,0.937009247949747,2,2.136136105702144,2.136136105702144,80,NIGHTLY_20251105,weekly,WEEKLY_\NIGHTLY_20251105\RUN_refine_AM1000_j-cross,2025-10-15 00:50:00+00:00,True
5016.T,refine,j-cross,AM15,5,1.5,3.0,1.8,2.985598205578739,31.31052303680649,2025-09-26 00:16:00+00:00,2025-09-26,SELL,69.6463849212468,1,-40.73872895165671,<80bp,0.0,neutral,0.0,1,2.106396470753725,20.721694896818786,50,NIGHTLY_20251105,weekly,WEEKLY_\NIGHTLY_20251105\RUN_refine_AM1015_j-cross,2025-09-26 00:17:00+00:00,True
5016.T,refine,j-cross,AM15,5,1.5,3.0,1.8,2.985598205578739,31.31052303680649,2025-09-26 01:09:00+00:00,2025-09-26,SELL,-88.94524326835632,9,-40.73872895165671,<80bp,0.0,neutral,0.5121123820293133,2,1.8281854216410145,20.721694896818786,50,NIGHTLY_20251105,weekly,WEEKLY_\NIGHTLY_20251105\RUN_refine_AM1015_j-cross,2025-09-26 01:18:00+00:00,False
5016.T,refine,j-cross,AM15,5,1.5,3.0,1.8,2.985598205578739,31.31052303680649,2025-09-26 01:12:00+00:00,2025-09-26,SELL,42.58394768453278,79,-40.73872895165671,<80bp,0.0,neutral,1.5863160457755052,3,1.9660576208569107,20.721694896818786,50,NIGHTLY_20251105,weekly,WEEKLY_\NIGHTLY_20251105\RUN_refine_AM1015_j-cross,2025-09-26 02:31:00+00:00,True
5016.T,refine,j-cross,AM15,5,1.5,3.0,1.8,2.985598205578739,31.31052303680649,2025-09-29 00:40:00+00:00,2025-09-29,BUY,42.67830443500189,4,72.7069351230425,<80bp,0.0,neutral,0.8588644403141675,1,2.121634488831542,2.121634488831542,50,NIGHTLY_20251105,weekly,WEEKLY_\NIGHTLY_20251105\RUN_refine_AM1015_j-cross,2025-09-29 00:44:00+00:00,True
5016.T,refine,j-cross,AM15,5,1.5,3.0,1.8,2.985598205578739,31.31052303680649,2025-10-01 00:13:00+00:00,2025-10-01,BUY,58.30444023752989,20,-28.140189306728065,<80bp,0.0,neutral,0.0,1,2.006317057751021,22.12309484860876,50,NIGHTLY_20251105,weekly,WEEKLY_\NIGHTLY_20251105\RUN_refine_AM1015_j-cross,2025-10-01 00:33:00+00:00,True
5016.T,refine,j-cross,AM15,5,1.5,3.0,1.8,2.985598205578739,31.31052303680649,2025-10-01 00:18:00+00:00,2025-10-01,BUY,66.20688757147718,12,-28.140189306728065,<80bp,0.0,neutral,0.0,2,1.982902859856706,22.12309484860876,50,NIGHTLY_20251105,weekly,WEEKLY_\NIGHTLY_20251105\RUN_refine_AM1015_j-cross,2025-10-01 00:30:00+00:00,True
5016.T,refine,j-cross,AM15,5,1.5,3.0,1.8,2.985598205578739,31.31052303680649,2025-10-01 00:23:00+00:00,2025-10-01,BUY,64.59785816500492,6,-28.140189306728065,<80bp,0.0,neutral,0.84408839143684,3,2.4427178712857365,22.12309484860876,50,NIGHTLY_20251105,weekly,WEEKLY_\NIGHTLY_20251105\RUN_refine_AM1015_j-cross,2025-10-01 00:29:00+00:00,True
5016.T,refine,j-cross,AM15,5,1.5,3.0,1.8,2.985598205578739,31.31052303680649,2025-10-01 00:33:00+00:00,2025-10-01,SELL,56.20450115663817,52,-28.140189306728065,<80bp,0.0,neutral,1.4335244770096631,1,2.303208793195663,22.12309484860876,50,NIGHTLY_20251105,weekly,WEEKLY_\NIGHTLY_20251105\RUN_refine_AM1015_j-cross,2025-10-01 01:25:00+00:00,True
5016.T,refine,j-cross,AM15,5,1.5,3.0,1.8,2.985598205578739,31.31052303680649,2025-10-01 00:35:00+00:00,2025-10-01,SELL,64.85656204353776,3,-28.140189306728065,<80bp,0.0,neutral,1.5282131661442004,2,2.623726538127233,22.12309484860876,50,NIGHTLY_20251105,weekly,WEEKLY_\NIGHTLY_20251105\RUN_refine_AM1015_j-cross,2025-10-01 00:38:00+00:00,True
5016.T,refine,j-cross,AM15,5,1.5,3.0,1.8,2.985598205578739,31.31052303680649,2025-10-01 00:41:00+00:00,2025-10-01,SELL,53.36638452059066,35,-28.140189306728065,<80bp,0.0,neutral,0.919020760544234,3,2.566296728907401,22.12309484860876,50,NIGHTLY_20251105,weekly,WEEKLY_\NIGHTLY_20251105\RUN_refine_AM1015_j-cross,2025-10-01 01:16:00+00:00,True
5016.T,refine,j-cross,AM15,5,1.5,3.0,1.8,2.985598205578739,31.31052303680649,2025-10-01 01:01:00+00:00,2025-10-01,SELL,34.63401157587168,21,-28.140189306728065,<80bp,0.0,neutral,0.6230676899574438,4,1.9476990754832144,22.12309484860876,50,NIGHTLY_20251105,weekly,WEEKLY_\NIGHTLY_20251105\RUN_refine_AM1015_j-cross,2025-10-01 01:22:00+00:00,True
5016.T,refine,j-cross,AM15,5,1.5,3.0,1.8,2.985598205578739,31.31052303680649,2025-10-14 00:15:00+00:00,2025-10-14,SELL,95.57506801011829,15,-66.2251655629139,<80bp,33.20901565934342,up,2.055789225747838,1,2.0793154317112488,17.77763021961401,50,NIGHTLY_20251105,weekly,WEEKLY_\NIGHTLY_20251105\RUN_refine_AM1015_j-cross,2025-10-14 00:30:00+00:00,True
5016.T,refine,j-cross,AM15,5,1.5,3.0,1.8,2.985598205578739,31.31052303680649,2025-10-14 00:19:00+00:00,2025-10-14,SELL,86.884872693373,11,-66.2251655629139,<80bp,61.26054453340801,up,0.8846368244338143,2,2.015516743860354,17.77763021961401,50,NIGHTLY_20251105,weekly,WEEKLY_\NIGHTLY_20251105\RUN_refine_AM1015_j-cross,2025-10-14 00:30:00+00:00,True
5016.T,refine,j-cross,AM15,5,1.5,3.0,1.8,2.985598205578739,31.31052303680649,2025-10-17 00:42:00+00:00,2025-10-17,SELL,17.73012327499929,7,21.903139449987837,<80bp,6.118935427859018,neutral,0.5269334585142589,1,1.9597773672876584,9.105334744970344,50,NIGHTLY_20251105,weekly,WEEKLY_\NIGHTLY_20251105\RUN_refine_AM1015_j-cross,2025-10-17 00:49:00+00:00,True
5016.T,refine,j-cross,AM15,5,1.5,3.0,1.8,2.985598205578739,31.31052303680649,2025-10-17 01:07:00+00:00,2025-10-17,SELL,-68.62045319310337,14,21.903139449987837,<80bp,12.088966581560443,neutral,0.9831622176591376,2,2.3921306756942635,9.105334744970344,50,NIGHTLY_20251105,weekly,WEEKLY_\NIGHTLY_20251105\RUN_refine_AM1015_j-cross,2025-10-17 01:21:00+00:00,False
5016.T,refine,j-cross,AM15,5,1.5,3.0,1.8,2.985598205578739,31.31052303680649,2025-10-17 01:13:00+00:00,2025-10-17,SELL,-94.7352812395588,9,21.903139449987837,<80bp,2.62138092719022,neutral,0.678635953026197,3,2.014587557491465,9.105334744970344,50,NIGHTLY_20251105,weekly,WEEKLY_\NIGHTLY_20251105\RUN_refine_AM1015_j-cross,2025-10-17 01:22:00+00:00,False
5801.T,refine,j-cross,AM15,3,1.8,2.2,1.65,0.0703820180293645,-57.0920976421873,2025-10-10 00:38:00+00:00,2025-10-10,BUY,-60.70048203429256,7,-29.52856124630893,<80bp,-2.642867291310358,neutral,0.7667022762757827,1,1.879762906492345,13.170704476998155,58,NIGHTLY_20251105,weekly,WEEKLY_\NIGHTLY_20251105\RUN_refine_AM1015_j-cross,2025-10-10 00:45:00+00:00,False
5801.T,refine,j-cross,AM15,3,1.8,2.2,1.65,0.0703820180293645,-57.0920976421873,2025-10-15 00:17:00+00:00,2025-10-15,SELL,-84.4752441662802,33,32.71660649819495,<80bp,13.249242858937029,neutral,0.0,1,1.7183660807806465,1.7183660807806465,58,NIGHTLY_20251105,weekly,WEEKLY_\NIGHTLY_20251105\RUN_refine_AM1015_j-cross,2025-10-15 00:50:00+00:00,False
5801.T,refine,j-cross,AM15,3,1.8,2.2,1.65,0.0703820180293645,-57.0920976421873,2025-10-15 00:25:00+00:00,2025-10-15,SELL,-92.95284411097674,71,32.71660649819495,<80bp,12.816856100690275,neutral,1.595196859485048,2,2.10255573359321,2.10255573359321,58,NIGHTLY_20251105,weekly,WEEKLY_\NIGHTLY_20251105\RUN_refine_AM1015_j-cross,2025-10-15 01:36:00+00:00,False
5801.T,refine,j-cross,AM15,3,1.8,2.2,1.65,0.0703820180293645,-57.0920976421873,2025-10-15 00:34:00+00:00,2025-10-15,SELL,-81.15465384664996,62,32.71660649819495,<80bp,-12.390788808002153,neutral,0.6189442031406616,3,1.7352814841726814,2.808790207369772,58,NIGHTLY_20251105,weekly,WEEKLY_\NIGHTLY_20251105\RUN_refine_AM1015_j-cross,2025-10-15 01:36:00+00:00,False
5801.T,refine,j-cross,AM15,3,1.8,2.2,1.65,0.0703820180293645,-57.0920976421873,2025-10-15 00:37:00+00:00,2025-10-15,SELL,43.22482055552143,3,32.71660649819495,<80bp,10.099029446504204,neutral,0.4252646689395298,4,2.086801773190321,2.808790207369772,58,NIGHTLY_20251105,weekly,WEEKLY_\NIGHTLY_20251105\RUN_refine_AM1015_j-cross,2025-10-15 00:40:00+00:00,True
5801.T,refine,j-cross,AM15,3,1.8,2.2,1.65,0.0703820180293645,-57.0920976421873,2025-10-15 00:43:00+00:00,2025-10-15,SELL,-68.2893636269306,53,32.71660649819495,<80bp,6.319497589168943,neutral,0.815737975074673,5,2.3297952120819043,2.808790207369772,58,NIGHTLY_20251105,weekly,WEEKLY_\NIGHTLY_20251105\RUN_refine_AM1015_j-cross,2025-10-15 01:36:00+00:00,False
5801.T,refine,j-cross,AM15,3,1.8,2.2,1.65,0.0703820180293645,-57.0920976421873,2025-10-15 00:45:00+00:00,2025-10-15,SELL,-65.04364150864146,47,32.71660649819495,<80bp,28.172261269214797,up,0.7540949830019573,6,2.1123896801289237,2.808790207369772,58,NIGHTLY_20251105,weekly,WEEKLY_\NIGHTLY_20251105\RUN_refine_AM1015_j-cross,2025-10-15 01:32:00+00:00,False
5801.T,refine,j-cross,AM15,3,1.8,2.2,1.65,0.0703820180293645,-57.0920976421873,2025-10-15 00:55:00+00:00,2025-10-15,SELL,-62.177863277449866,37,32.71660649819495,<80bp,-7.212140005792289,neutral,0.8354430379746836,7,1.9010335544702848,3.913400059965692,58,NIGHTLY_20251105,weekly,WEEKLY_\NIGHTLY_20251105\RUN_refine_AM1015_j-cross,2025-10-15 01:32:00+00:00,False
5801.T,refine,j-cross,AM15,3,1.8,2.2,1.65,0.0703820180293645,-57.0920976421873,2025-10-15 01:11:00+00:00,2025-10-15,SELL,-48.603017612425845,8,32.71660649819495,<80bp,-6.1960267978156125,neutral,0.624899855792341,8,2.428465279614909,3.913400059965692,58,NIGHTLY_20251105,weekly,WEEKLY_\NIGHTLY_20251105\RUN_refine_AM1015_j-cross,2025-10-15 01:19:00+00:00,False
5801.T,refine,j-cross,AM15,3,1.8,2.2,1.65,0.0703820180293645,-57.0920976421873,2025-10-15 01:13:00+00:00,2025-10-15,SELL,-50.7486867937472,6,32.71660649819495,<80bp,0.6143033497818529,neutral,0.7680872150644202,9,1.8194500763760408,3.913400059965692,58,NIGHTLY_20251105,weekly,WEEKLY_\NIGHTLY_20251105\RUN_refine_AM1015_j-cross,2025-10-15 01:19:00+00:00,False
8035.T,refine,j-cross,AM15,5,2.0,3.0,1.5,1.3824598780383983,7.00788582871992,2025-09-24 00:15:00+00:00,2025-09-24,BUY,56.35689841661693,5,-24.376523532720796,<80bp,0.0,neutral,0.0,1,1.5566430513363558,1.5566430513363558,80,NIGHTLY_20251105,weekly,WEEKLY_\NIGHTLY_20251105\RUN_refine_AM1015_j-cross,2025-09-24 00:20:00+00:00,True
8035.T,refine,j-cross,AM15,5,2.0,3.0,1.5,1.3824598780383983,7.00788582871992,2025-09-24 00:22:00+00:00,2025-09-24,SELL,45.3518755153561,38,-24.376523532720796,<80bp,0.0,neutral,0.4254235280180073,1,1.672746518992536,1.672746518992536,80,NIGHTLY_20251105,weekly,WEEKLY_\NIGHTLY_20251105\RUN_refine_AM1015_j-cross,2025-09-24 01:00:00+00:00,True
8035.T,refine,j-cross,AM15,5,2.0,3.0,1.5,1.3824598780383983,7.00788582871992,2025-09-24 00:25:00+00:00,2025-09-24,SELL,53.15202339265733,13,-24.376523532720796,<80bp,0.0,neutral,1.6288923191568638,2,2.550562045410261,2.550562045410261,80,NIGHTLY_20251105,weekly,WEEKLY_\NIGHTLY_20251105\RUN_refine_AM1015_j-cross,2025-09-24 00:38:00+00:00,True
8035.T,refine,j-cross,AM15,5,2.0,3.0,1.5,1.3824598780383983,7.00788582871992,2025-09-24 00:35:00+00:00,2025-09-24,SELL,40.60142934132401,3,-24.376523532720796,<80bp,0.0,neutral,0.8128667680938926,3,1.7829537460409983,4.019537508306096,80,NIGHTLY_20251105,weekly,WEEKLY_\NIGHTLY_20251105\RUN_refine_AM1015_j-cross,2025-09-24 00:38:00+00:00,True
8035.T,refine,j-cross,AM15,5,2.0,3.0,1.5,1.3824598780383983,7.00788582871992,2025-09-24 01:00:00+00:00,2025-09-24,BUY,22.961025107113183,5,-24.376523532720796,<80bp,0.0,neutral,1.7303267372296365,2,2.038058455879553,4.019537508306096,80,NIGHTLY_20251105,weekly,WEEKLY_\NIGHTLY_20251105\RUN_refine_AM1015_j-cross,2025-09-24 01:05:00+00:00,True
8035.T,refine,j-cross,AM15,5,2.0,3.0,1.5,1.3824598780383983,7.00788582871992,2025-09-24 01:07:00+00:00,2025-09-24,SELL,19.923822292502745,2,-24.376523532720796,<80bp,0.0,neutral,0.7431307243963363,4,1.583932494503112,4.019537508306096,80,NIGHTLY_20251105,weekly,WEEKLY_\NIGHTLY_20251105\RUN_refine_AM1015_j-cross,2025-09-24 01:09:00+00:00,True
8035.T,refine,j-cross,AM15,5,2.0,3.0,1.5,1.3824598780383983,7.00788582871992,2025-09-25 00:40:00+00:00,2025-09-25,SELL,-69.9457121139655,114,-64.14956011730206,<80bp,0.0,neutral,0.8921671935370565,1,2.039848394835758,18.051601962103323,80,NIGHTLY_20251105,weekly,WEEKLY_\NIGHTLY_20251105\RUN_refine_AM1015_j-cross,2025-09-25 02:34:00+00:00,False
8035.T,refine,j-cross,AM15,5,2.0,3.0,1.5,1.3824598780383983,7.00788582871992,2025-09-25 00:51:00+00:00,2025-09-25,SELL,-60.77596275862508,55,-64.14956011730206,<80bp,0.0,neutral,1.0906958561376074,2,1.8219445055588848,18.051601962103323,80,NIGHTLY_20251105,weekly,WEEKLY_\NIGHTLY_20251105\RUN_refine_AM1015_j-cross,2025-09-25 01:46:00+00:00,False
8035.T,refine,j-cross,AM15,5,2.0,3.0,1.5,1.3824598780383983,7.00788582871992,2025-09-25 00:54:00+00:00,2025-09-25,SELL,-55.41763361693877,52,-64.14956011730206,<80bp,0.0,neutral,0.4127682993946064,3,2.1359728781906275,18.051601962103323,80,NIGHTLY_20251105,weekly,WEEKLY_\NIGHTLY_20251105\RUN_refine_AM1015_j-cross,2025-09-25 01:46:00+00:00,False
8035.T,refine,j-cross,AM15,5,2.0,3.0,1.5,1.3824598780383983,7.00788582871992,2025-09-25 01:08:00+00:00,2025-09-25,SELL,-58.26853749556541,38,-64.14956011730206,<80bp,0.0,neutral,1.1571565189671662,4,1.735644025205608,18.051601962103323,80,NIGHTLY_20251105,weekly,WEEKLY_\NIGHTLY_20251105\RUN_refine_AM1015_j-cross,2025-09-25 01:46:00+00:00,False
8035.T,refine,j-cross,AM15,5,2.0,3.0,1.5,1.3824598780383983,7.00788582871992,2025-09-25 01:13:00+00:00,2025-09-25,SELL,-60.70995010075282,81,-64.14956011730206,<80bp,0.0,neutral,0.5518763796909493,5,1.7519400793772708,18.051601962103323,80,NIGHTLY_20251105,weekly,WEEKLY_\NIGHTLY_20251105\RUN_refine_AM1015_j-cross,2025-09-25 02:34:00+00:00,False
8035.T,refine,j-cross,AM15,5,2.0,3.0,1.5,1.3824598780383983,7.00788582871992,2025-10-01 00:10:00+00:00,2025-10-01,BUY,-79.66923872135162,11,-36.018957345971565,<80bp,0.0,neutral,0.0,1,1.631242889324264,9.910593095127304,80,NIGHTLY_20251105,weekly,WEEKLY_\NIGHTLY_20251105\RUN_refine_AM1015_j-cross,2025-10-01 00:21:00+00:00,False
8035.T,refine,j-cross,AM15,5,2.0,3.0,1.5,1.3824598780383983,7.00788582871992,2025-10-01 00:18:00+00:00,2025-10-01,BUY,45.71853186537769,15,-36.018957345971565,<80bp,0.0,neutral,0.0,2,1.99985428844564,9.910593095127304,80,NIGHTLY_20251105,weekly,WEEKLY_\NIGHTLY_20251105\RUN_refine_AM1015_j-cross,2025-10-01 00:33:00+00:00,True
8035.T,refine,j-cross,AM15,5,2.0,3.0,1.5,1.3824598780383983,7.00788582871992,2025-10-01 00:40:00+00:00,2025-10-01,SELL,39.19584709407287,39,-36.018957345971565,<80bp,0.0,neutral,0.8496978851963746,1,2.2764763737696647,9.910593095127304,80,NIGHTLY_20251105,weekly,WEEKLY_\NIGHTLY_20251105\RUN_refine_AM1015_j-cross,2025-10-01 01:19:00+00:00,True
8035.T,refine,j-cross,AM15,5,2.0,3.0,1.5,1.3824598780383983,7.00788582871992,2025-10-01 01:01:00+00:00,2025-10-01,SELL,27.51071672614132,12,-36.018957345971565,<80bp,0.0,neutral,0.7530480516375806,2,2.1255191484772995,9.910593095127304,80,NIGHTLY_20251105,weekly,WEEKLY_\NIGHTLY_20251105\RUN_refine_AM1015_j-cross,2025-10-01 01:13:00+00:00,True
8035.T,refine,j-cross,AM15,5,2.0,3.0,1.5,1.3824598780383983,7.00788582871992,2025-10-01 01:11:00+00:00,2025-10-01,SELL,23.56286178775314,8,-36.018957345971565,<80bp,0.0,neutral,1.2383612662942272,3,1.5129388619316424,9.910593095127304,80,NIGHTLY_20251105,weekly,WEEKLY_\NIGHTLY_20251105\RUN_refine_AM1015_j-cross,2025-10-01 01:19:00+00:00,True
8035.T,refine,j-cross,AM15,5,2.0,3.0,1.5,1.3824598780383983,7.00788582871992,2025-10-10 00:16:00+00:00,2025-10-10,SELL,64.40014163419269,8,-65.56825823806321,<80bp,-6.278688065627369,neutral,0.0,1,2.082278171821196,15.491387906719904,80,NIGHTLY_20251105,weekly,WEEKLY_\NIGHTLY_20251105\RUN_refine_AM1015_j-cross,2025-10-10 00:24:00+00:00,True
8035.T,refine,j-cross,AM15,5,2.0,3.0,1.5,1.3824598780383983,7.00788582871992,2025-10-15 00:33:00+00:00,2025-10-15,BUY,27.16215454765271,25,22.915564956812972,<80bp,-17.894223583501123,down,0.6746476481575819,1,1.991743864043762,1.991743864043762,80,NIGHTLY_20251105,weekly,WEEKLY_\NIGHTLY_20251105\RUN_refine_AM1015_j-cross,2025-10-15 00:58:00+00:00,True
8035.T,refine,j-cross,AM15,5,2.0,3.0,1.5,1.3824598780383983,7.00788582871992,2025-10-15 00:38:00+00:00,2025-10-15,BUY,30.012779482884845,12,22.915564956812972,<80bp,-0.7341547082728717,neutral,0.937009247949747,2,2.136136105702144,2.136136105702144,80,NIGHTLY_20251105,weekly,WEEKLY_\NIGHTLY_20251105\RUN_refine_AM1015_j-cross,2025-10-15 00:50:00+00:00,True
8035.T,refine,j-cross,AM15,5,2.0,3.0,1.5,1.3824598780383983,7.00788582871992,2025-10-15 01:07:00+00:00,2025-10-15,BUY,18.74056055317234,7,22.915564956812972,<80bp,-16.12903759247275,down,1.7253299811439349,3,1.8968511067383969,3.055337330356507,80,NIGHTLY_20251105,weekly,WEEKLY_\NIGHTLY_20251105\RUN_refine_AM1015_j-cross,2025-10-15 01:14:00+00:00,True
8035.T,refine,j-cross,AM15,5,2.0,3.0,1.5,1.3824598780383983,7.00788582871992,2025-10-15 01:09:00+00:00,2025-10-15,BUY,17.301969453499616,5,22.915564956812972,<80bp,-17.583100105291738,down,0.4772953264832615,4,2.0060896974354847,3.055337330356507,80,NIGHTLY_20251105,weekly,WEEKLY_\NIGHTLY_20251105\RUN_refine_AM1015_j-cross,2025-10-15 01:14:00+00:00,True
6857.T,refine,j-cross,AM15,5,2.0,2.8,1.65,1.939995364504138,18.7253481427491,2025-10-01 00:18:00+00:00,2025-10-01,BUY,48.34623646306567,17,-33.97893306150187,<80bp,0.0,neutral,0.0,1,1.8523965003677465,17.894166778094945,68,NIGHTLY_20251105,weekly,WEEKLY_\NIGHTLY_20251105\RUN_refine_AM1015_j-cross,2025-10-01 00:35:00+00:00,True
6857.T,refine,j-cross,AM15,5,2.0,2.8,1.65,1.939995364504138,18.7253481427491,2025-10-01 00:23:00+00:00,2025-10-01,BUY,51.92632045352436,7,-33.97893306150187,<80bp,0.0,neutral,1.2351945854483926,2,1.7698834542798725,17.894166778094945,68,NIGHTLY_20251105,weekly,WEEKLY_\NIGHTLY_20251105\RUN_refine_AM1015_j-cross,2025-10-01 00:30:00+00:00,True
6857.T,refine,j-cross,AM15,5,2.0,2.8,1.65,1.939995364504138,18.7253481427491,2025-10-01 00:42:00+00:00,2025-10-01,SELL,-64.98213912233004,4,-33.97893306150187,<80bp,0.0,neutral,0.2782281600622608,1,1.7760030599422805,17.894166778094945,68,NIGHTLY_20251105,weekly,WEEKLY_\NIGHTLY_20251105\RUN_refine_AM1015_j-cross,2025-10-01 00:46:00+00:00,False
6857.T,refine,j-cross,AM15,5,2.0,2.8,1.65,1.939995364504138,18.7253481427491,2025-10-01 00:50:00+00:00,2025-10-01,SELL,-75.96925322946967,6,-33.97893306150187,<80bp,0.0,neutral,1.0974616533188544,2,1.8131875236377444,17.894166778094945,68,NIGHTLY_20251105,weekly,WEEKLY_\NIGHTLY_20251105\RUN_refine_AM1015_j-cross,2025-10-01 00:56:00+00:00,False
6857.T,refine,j-cross,AM15,5,2.0,2.8,1.65,1.939995364504138,18.7253481427491,2025-10-01 01:13:00+00:00,2025-10-01,SELL,44.06672668989554,44,-33.97893306150187,<80bp,0.0,neutral,1.3622471256003494,3,1.9914624188098529,17.894166778094945,68,NIGHTLY_20251105,weekly,WEEKLY_\NIGHTLY_20251105\RUN_refine_AM1015_j-cross,2025-10-01 01:57:00+00:00,True
6857.T,refine,j-cross,AM15,5,2.0,2.8,1.65,1.939995364504138,18.7253481427491,2025-10-03 00:18:00+00:00,2025-10-03,SELL,-89.16880430315004,2,0.0,<80bp,0.0,neutral,2.0910534674430914,1,1.967303582242784,11.210689135807703,68,NIGHTLY_20251105,weekly,WEEKLY_\NIGHTLY_20251105\RUN_refine_AM1015_j-cross,2025-10-03 00:20:00+00:00,False
6857.T,refine,j-cross,AM15,5,2.0,2.8,1.65,1.939995364504138,18.7253481427491,2025-10-09 00:31:00+00:00,2025-10-09,SELL,63.78006522597846,11,-27.75464890369137,<80bp,-1.1245188636821446,neutral,0.4158277218481231,1,1.6864855283605105,10.657675124740187,68,NIGHTLY_20251105,weekly,WEEKLY_\NIGHTLY_20251105\RUN_refine_AM1015_j-cross,2025-10-09 00:42:00+00:00,True
6857.T,refine,j-cross,AM15,5,2.0,2.8,1.65,1.939995364504138,18.7253481427491,2025-10-09 01:00:00+00:00,2025-10-09,BUY,-77.55638976269225,15,-27.75464890369137,<80bp,-4.672947750017364,neutral,1.85588035350102,1,1.9258115091637984,10.657675124740187,68,NIGHTLY_20251105,weekly,WEEKLY_\NIGHTLY_20251105\RUN_refine_AM1015_j-cross,2025-10-09 01:15:00+00:00,False
6857.T,refine,j-cross,AM15,5,2.0,2.8,1.65,1.939995364504138,18.7253481427491,2025-10-09 01:05:00+00:00,2025-10-09,BUY,-90.7370409224676,13,-27.75464890369137,<80bp,10.57639665542176,neutral,2.076975631974493,2,2.4273002104964205,10.657675124740187,68,NIGHTLY_20251105,weekly,WEEKLY_\NIGHTLY_20251105\RUN_refine_AM1015_j-cross,2025-10-09 01:18:00+00:00,False
6857.T,refine,j-cross,AM15,5,2.0,2.8,1.65,1.939995364504138,18.7253481427491,2025-10-10 00:25:00+00:00,2025-10-10,SELL,50.11310506829187,21,-19.46607341490545,<80bp,12.987214353157306,neutral,1.3219508573973722,1,1.6638163494665557,10.657675124740187,68,NIGHTLY_20251105,weekly,WEEKLY_\NIGHTLY_20251105\RUN_refine_AM1015_j-cross,2025-10-10 00:46:00+00:00,True
6857.T,refine,j-cross,AM15,5,2.0,2.8,1.65,1.939995364504138,18.7253481427491,2025-10-10 00:31:00+00:00,2025-10-10,SELL,50.09128830581876,14,-19.46607341490545,<80bp,-14.50170243339155,neutral,0.8050118895189318,2,1.6681235057133632,10.657675124740187,68,NIGHTLY_20251105,weekly,WEEKLY_\NIGHTLY_20251105\RUN_refine_AM1015_j-cross,2025-10-10 00:45:00+00:00,True
6857.T,refine,j-cross,AM15,5,2.0,2.8,1.65,1.939995364504138,18.7253481427491,2025-10-10 00:34:00+00:00,2025-10-10,SELL,56.47732256623526,9,-19.46607341490545,<80bp,14.89564126010201,neutral,1.0835176991150444,3,2.015137541645439,10.657675124740187,68,NIGHTLY_20251105,weekly,WEEKLY_\NIGHTLY_20251105\RUN_refine_AM1015_j-cross,2025-10-10 00:43:00+00:00,True
6857.T,refine,j-cross,AM15,5,2.0,2.8,1.65,1.939995364504138,18.7253481427491,2025-10-10 00:40:00+00:00,2025-10-10,SELL,42.03168856799383,3,-19.46607341490545,<80bp,-13.64856149135618,neutral,1.0085448761928522,4,1.6547182162543763,10.657675124740187,68,NIGHTLY_20251105,weekly,WEEKLY_\NIGHTLY_20251105\RUN_refine_AM1015_j-cross,2025-10-10 00:43:00+00:00,True
6857.T,refine,j-cross,AM15,5,2.0,2.8,1.65,1.939995364504138,18.7253481427491,2025-10-10 00:48:00+00:00,2025-10-10,BUY,37.22925857039502,5,-19.46607341490545,<80bp,-11.52653594792441,neutral,1.264209687929911,1,2.409120777199835,10.657675124740187,68,NIGHTLY_20251105,weekly,WEEKLY_\NIGHTLY_20251105\RUN_refine_AM1015_j-cross,2025-10-10 00:53:00+00:00,True
6857.T,refine,j-cross,AM15,5,2.0,2.8,1.65,1.939995364504138,18.7253481427491,2025-10-10 00:58:00+00:00,2025-10-10,SELL,35.180686776262256,9,-19.46607341490545,<80bp,12.082928527330504,neutral,1.1004075583549462,5,1.8148608483766,10.657675124740187,68,NIGHTLY_20251105,weekly,WEEKLY_\NIGHTLY_20251105\RUN_refine_AM1015_j-cross,2025-10-10 01:07:00+00:00,True
6857.T,refine,j-cross,AM15,5,2.0,2.8,1.65,1.939995364504138,18.7253481427491,2025-10-15 00:19:00+00:00,2025-10-15,SELL,69.44791148021856,21,5.901445854234288,<80bp,-0.9163484095842112,neutral,0.7759237187127532,1,2.084486242381602,2.084486242381602,68,NIGHTLY_20251105,weekly,WEEKLY_\NIGHTLY_20251105\RUN_refine_AM1015_j-cross,2025-10-15 00:40:00+00:00,True
6857.T,refine,j-cross,AM15,5,2.0,2.8,1.65,1.939995364504138,18.7253481427491,2025-10-15 00:24:00+00:00,2025-10-15,SELL,78.93357911242684,16,5.901445854234288,<80bp,11.128107553035615,neutral,0.940504994106334,2,1.8217621077152253,2.09732364399012,68,NIGHTLY_20251105,weekly,WEEKLY_\NIGHTLY_20251105\RUN_refine_AM1015_j-cross,2025-10-15 00:40:00+00:00,True
6857.T,refine,j-cross,AM15,5,2.0,2.8,1.65,1.939995364504138,18.7253481427491,2025-10-15 00:28:00+00:00,2025-10-15,SELL,58.05645456382423,5,5.901445854234288,<80bp,12.741675673213493,neutral,0.6252972972972973,3,2.193591685171765,2.193591685171765,68,NIGHTLY_20251105,weekly,WEEKLY_\NIGHTLY_20251105\RUN_refine_AM1015_j-cross,2025-10-15 00:33:00+00:00,True
6857.T,refine,j-cross,AM15,5,2.0,2.8,1.65,1.939995364504138,18.7253481427491,2025-10-15 00:48:00+00:00,2025-10-15,SELL,49.14457782460672,7,5.901445854234288,<80bp,19.56846357705988,up,0.8938176104429807,4,1.9645940038084195,2.193591685171765,68,NIGHTLY_20251105,weekly,WEEKLY_\NIGHTLY_20251105\RUN_refine_AM1015_j-cross,2025-10-15 00:55:00+00:00,True
6857.T,refine,j-cross,AM15,5,2.0,2.8,1.65,1.939995364504138,18.7253481427491,2025-10-15 01:07:00+00:00,2025-10-15,BUY,38.09536852655428,35,5.901445854234288,<80bp,-16.12903759247275,down,1.6469428007889546,1,2.293416451800552,2.6530058000995624,68,NIGHTLY_20251105,weekly,WEEKLY_\NIGHTLY_20251105\RUN_refine_AM1015_j-cross,2025-10-15 01:42:00+00:00,True
8411.T,refine,j-cross,AM15,3,1.5,3.0,1.2,999.0,21.352033409643077,2025-09-25 00:09:00+00:00,2025-09-25,SELL,57.589993762792034,10,-1.9956096587507484,<80bp,0.0,neutral,0.0,1,1.239862706394186,9.979942715703304,84,NIGHTLY_20251105,weekly,WEEKLY_\NIGHTLY_20251105\RUN_refine_AM1030_j-cross,2025-09-25 00:19:00+00:00,True
8411.T,refine,j-cross,AM15,3,1.5,3.0,1.2,999.0,21.352033409643077,2025-09-25 00:12:00+00:00,2025-09-25,SELL,35.90450707297104,6,-1.9956096587507484,<80bp,0.0,neutral,0.0,2,1.3260376852807312,9.979942715703304,84,NIGHTLY_20251105,weekly,WEEKLY_\NIGHTLY_20251105\RUN_refine_AM1030_j-cross,2025-09-25 00:18:00+00:00,True
8411.T,refine,j-cross,AM15,3,1.5,3.0,1.2,999.0,21.352033409643077,2025-09-25 00:25:00+00:00,2025-09-25,SELL,13.578604771232897,6,-1.9956096587507484,<80bp,0.0,neutral,0.2159119610319321,3,1.4660271651343586,9.979942715703304,84,NIGHTLY_20251105,weekly,WEEKLY_\NIGHTLY_20251105\RUN_refine_AM1030_j-cross,2025-09-25 00:31:00+00:00,True
8411.T,refine,j-cross,AM15,3,1.5,3.0,1.2,999.0,21.352033409643077,2025-09-25 00:27:00+00:00,2025-09-25,SELL,9.597839299978084,4,-1.9956096587507484,<80bp,0.0,neutral,0.2137079608343976,4,1.233952877329627,9.979942715703304,84,NIGHTLY_20251105,weekly,WEEKLY_\NIGHTLY_20251105\RUN_refine_AM1030_j-cross,2025-09-25 00:31:00+00:00,True
8411.T,refine,j-cross,AM15,3,1.5,3.0,1.2,999.0,21.352033409643077,2025-09-25 00:37:00+00:00,2025-09-25,SELL,10.681144625644176,8,-1.9956096587507484,<80bp,0.0,neutral,1.2360227077240666,5,1.6227935495121852,9.979942715703304,84,NIGHTLY_20251105,weekly,WEEKLY_\NIGHTLY_20251105\RUN_refine_AM1030_j-cross,2025-09-25 00:45:00+00:00,True
8411.T,refine,j-cross,AM15,3,1.5,3.0,1.2,999.0,21.352033409643077,2025-09-25 00:47:00+00:00,2025-09-25,BUY,15.665374835985638,42,-1.9956096587507484,<80bp,0.0,neutral,1.318003913894325,1,1.605061831807527,9.979942715703304,84,NIGHTLY_20251105,weekly,WEEKLY_\NIGHTLY_20251105\RUN_refine_AM1030_j-cross,2025-09-25 01:29:00+00:00,True
8411.T,refine,j-cross,AM15,3,1.5,3.0,1.2,999.0,21.352033409643077,2025-09-25 01:30:00+00:00,2025-09-25,SELL,6.446769498897652,7,-1.9956096587507484,<80bp,0.0,neutral,1.1014312383322962,6,1.87084569386575,9.979942715703304,84,NIGHTLY_20251105,weekly,WEEKLY_\NIGHTLY_20251105\RUN_refine_AM1030_j-cross,2025-09-25 01:37:00+00:00,True
5016.T,refine,j-cross,AM15,5,1.5,3.0,1.8,3.2611372140804047,31.693729434924617,2025-09-26 00:16:00+00:00,2025-09-26,SELL,69.6463849212468,1,-40.73872895165671,<80bp,0.0,neutral,0.0,1,2.106396470753725,20.721694896818786,50,NIGHTLY_20251105,weekly,WEEKLY_\NIGHTLY_20251105\RUN_refine_AM1030_j-cross,2025-09-26 00:17:00+00:00,True
5016.T,refine,j-cross,AM15,5,1.5,3.0,1.8,3.2611372140804047,31.693729434924617,2025-09-26 01:09:00+00:00,2025-09-26,SELL,-88.94524326835632,9,-40.73872895165671,<80bp,0.0,neutral,0.5121123820293133,2,1.8281854216410145,20.721694896818786,50,NIGHTLY_20251105,weekly,WEEKLY_\NIGHTLY_20251105\RUN_refine_AM1030_j-cross,2025-09-26 01:18:00+00:00,False
5016.T,refine,j-cross,AM15,5,1.5,3.0,1.8,3.2611372140804047,31.693729434924617,2025-09-26 01:12:00+00:00,2025-09-26,SELL,42.58394768453278,79,-40.73872895165671,<80bp,0.0,neutral,1.5863160457755052,3,1.9660576208569107,20.721694896818786,50,NIGHTLY_20251105,weekly,WEEKLY_\NIGHTLY_20251105\RUN_refine_AM1030_j-cross,2025-09-26 02:31:00+00:00,True
5016.T,refine,j-cross,AM15,5,1.5,3.0,1.8,3.2611372140804047,31.693729434924617,2025-09-26 01:16:00+00:00,2025-09-26,SELL,43.95465530291905,75,-40.73872895165671,<80bp,0.0,neutral,0.4292011445363854,4,2.017270838960382,20.721694896818786,50,NIGHTLY_20251105,weekly,WEEKLY_\NIGHTLY_20251105\RUN_refine_AM1030_j-cross,2025-09-26 02:31:00+00:00,True
5016.T,refine,j-cross,AM15,5,1.5,3.0,1.8,3.2611372140804047,31.693729434924617,2025-09-29 00:40:00+00:00,2025-09-29,BUY,42.67830443500189,4,72.7069351230425,<80bp,0.0,neutral,0.8588644403141675,1,2.121634488831542,2.121634488831542,50,NIGHTLY_20251105,weekly,WEEKLY_\NIGHTLY_20251105\RUN_refine_AM1030_j-cross,2025-09-29 00:44:00+00:00,True
5016.T,refine,j-cross,AM15,5,1.5,3.0,1.8,3.2611372140804047,31.693729434924617,2025-10-01 00:13:00+00:00,2025-10-01,BUY,58.30444023752989,20,-28.140189306728065,<80bp,0.0,neutral,0.0,1,2.006317057751021,22.12309484860876,50,NIGHTLY_20251105,weekly,WEEKLY_\NIGHTLY_20251105\RUN_refine_AM1030_j-cross,2025-10-01 00:33:00+00:00,True
5016.T,refine,j-cross,AM15,5,1.5,3.0,1.8,3.2611372140804047,31.693729434924617,2025-10-01 00:18:00+00:00,2025-10-01,BUY,66.20688757147718,12,-28.140189306728065,<80bp,0.0,neutral,0.0,2,1.982902859856706,22.12309484860876,50,NIGHTLY_20251105,weekly,WEEKLY_\NIGHTLY_20251105\RUN_refine_AM1030_j-cross,2025-10-01 00:30:00+00:00,True
5016.T,refine,j-cross,AM15,5,1.5,3.0,1.8,3.2611372140804047,31.693729434924617,2025-10-01 00:23:00+00:00,2025-10-01,BUY,64.59785816500492,6,-28.140189306728065,<80bp,0.0,neutral,0.84408839143684,3,2.4427178712857365,22.12309484860876,50,NIGHTLY_20251105,weekly,WEEKLY_\NIGHTLY_20251105\RUN_refine_AM1030_j-cross,2025-10-01 00:29:00+00:00,True
5016.T,refine,j-cross,AM15,5,1.5,3.0,1.8,3.2611372140804047,31.693729434924617,2025-10-01 00:33:00+00:00,2025-10-01,SELL,56.20450115663817,52,-28.140189306728065,<80bp,0.0,neutral,1.4335244770096631,1,2.303208793195663,22.12309484860876,50,NIGHTLY_20251105,weekly,WEEKLY_\NIGHTLY_20251105\RUN_refine_AM1030_j-cross,2025-10-01 01:25:00+00:00,True
5016.T,refine,j-cross,AM15,5,1.5,3.0,1.8,3.2611372140804047,31.693729434924617,2025-10-01 00:35:00+00:00,2025-10-01,SELL,64.85656204353776,3,-28.140189306728065,<80bp,0.0,neutral,1.5282131661442004,2,2.623726538127233,22.12309484860876,50,NIGHTLY_20251105,weekly,WEEKLY_\NIGHTLY_20251105\RUN_refine_AM1030_j-cross,2025-10-01 00:38:00+00:00,True
5016.T,refine,j-cross,AM15,5,1.5,3.0,1.8,3.2611372140804047,31.693729434924617,2025-10-01 00:41:00+00:00,2025-10-01,SELL,53.36638452059066,35,-28.140189306728065,<80bp,0.0,neutral,0.919020760544234,3,2.566296728907401,22.12309484860876,50,NIGHTLY_20251105,weekly,WEEKLY_\NIGHTLY_20251105\RUN_refine_AM1030_j-cross,2025-10-01 01:16:00+00:00,True
5016.T,refine,j-cross,AM15,5,1.5,3.0,1.8,3.2611372140804047,31.693729434924617,2025-10-01 01:01:00+00:00,2025-10-01,SELL,34.63401157587168,21,-28.140189306728065,<80bp,0.0,neutral,0.6230676899574438,4,1.9476990754832144,22.12309484860876,50,NIGHTLY_20251105,weekly,WEEKLY_\NIGHTLY_20251105\RUN_refine_AM1030_j-cross,2025-10-01 01:22:00+00:00,True
5016.T,refine,j-cross,AM15,5,1.5,3.0,1.8,3.2611372140804047,31.693729434924617,2025-10-01 01:30:00+00:00,2025-10-01,SELL,25.56410593682027,3,-28.140189306728065,<80bp,0.0,neutral,1.2025077940319984,5,2.4266905869544697,22.12309484860876,50,NIGHTLY_20251105,weekly,WEEKLY_\NIGHTLY_20251105\RUN_refine_AM1030_j-cross,2025-10-01 01:33:00+00:00,True
5016.T,refine,j-cross,AM15,5,1.5,3.0,1.8,3.2611372140804047,31.693729434924617,2025-10-14 00:15:00+00:00,2025-10-14,SELL,95.57506801011829,15,-66.2251655629139,<80bp,33.20901565934342,up,2.055789225747838,1,2.0793154317112488,17.77763021961401,50,NIGHTLY_20251105,weekly,WEEKLY_\NIGHTLY_20251105\RUN_refine_AM1030_j-cross,2025-10-14 00:30:00+00:00,True
5016.T,refine,j-cross,AM15,5,1.5,3.0,1.8,3.2611372140804047,31.693729434924617,2025-10-14 00:19:00+00:00,2025-10-14,SELL,86.884872693373,11,-66.2251655629139,<80bp,61.26054453340801,up,0.8846368244338143,2,2.015516743860354,17.77763021961401,50,NIGHTLY_20251105,weekly,WEEKLY_\NIGHTLY_20251105\RUN_refine_AM1030_j-cross,2025-10-14 00:30:00+00:00,True
5016.T,refine,j-cross,AM15,5,1.5,3.0,1.8,3.2611372140804047,31.693729434924617,2025-10-17 00:42:00+00:00,2025-10-17,SELL,17.73012327499929,7,21.903139449987837,<80bp,6.118935427859018,neutral,0.5269334585142589,1,1.9597773672876584,9.105334744970344,50,NIGHTLY_20251105,weekly,WEEKLY_\NIGHTLY_20251105\RUN_refine_AM1030_j-cross,2025-10-17 00:49:00+00:00,True
5016.T,refine,j-cross,AM15,5,1.5,3.0,1.8,3.2611372140804047,31.693729434924617,2025-10-17 01:07:00+00:00,2025-10-17,SELL,-68.62045319310337,14,21.903139449987837,<80bp,12.088966581560443,neutral,0.9831622176591376,2,2.3921306756942635,9.105334744970344,50,NIGHTLY_20251105,weekly,WEEKLY_\NIGHTLY_20251105\RUN_refine_AM1030_j-cross,2025-10-17 01:21:00+00:00,False
5016.T,refine,j-cross,AM15,5,1.5,3.0,1.8,3.2611372140804047,31.693729434924617,2025-10-17 01:13:00+00:00,2025-10-17,SELL,-94.7352812395588,9,21.903139449987837,<80bp,2.62138092719022,neutral,0.678635953026197,3,2.014587557491465,9.105334744970344,50,NIGHTLY_20251105,weekly,WEEKLY_\NIGHTLY_20251105\RUN_refine_AM1030_j-cross,2025-10-17 01:22:00+00:00,False
5801.T,refine,j-cross,AM15,3,2.0,3.0,1.7,0.1536171096575115,-56.59581149004411,2025-09-26 00:15:00+00:00,2025-09-26,BUY,-111.95654211277318,131,56.54632448890822,<80bp,0.0,neutral,0.0,1,2.287785921870442,32.290445168531456,58,NIGHTLY_20251105,weekly,WEEKLY_\NIGHTLY_20251105\RUN_refine_AM1030_j-cross,2025-09-26 02:26:00+00:00,False
5801.T,refine,j-cross,AM15,3,2.0,3.0,1.7,0.1536171096575115,-56.59581149004411,2025-09-26 00:24:00+00:00,2025-09-26,BUY,83.11198265021818,7,56.54632448890822,<80bp,0.0,neutral,1.0124826629681,2,2.038268908035966,32.290445168531456,58,NIGHTLY_20251105,weekly,WEEKLY_\NIGHTLY_20251105\RUN_refine_AM1030_j-cross,2025-09-26 00:31:00+00:00,True
5801.T,refine,j-cross,AM15,3,2.0,3.0,1.7,0.1536171096575115,-56.59581149004411,2025-09-26 00:47:00+00:00,2025-09-26,BUY,-59.35435028153991,94,56.54632448890822,<80bp,0.0,neutral,0.2598380719261909,3,2.1342494686801023,32.290445168531456,58,NIGHTLY_20251105,weekly,WEEKLY_\NIGHTLY_20251105\RUN_refine_AM1030_j-cross,2025-09-26 02:21:00+00:00,False
5801.T,refine,j-cross,AM15,3,2.0,3.0,1.7,0.1536171096575115,-56.59581149004411,2025-09-26 00:57:00+00:00,2025-09-26,BUY,19.906857408797624,35,56.54632448890822,<80bp,0.0,neutral,0.3036605657237937,4,2.0078548543364967,32.290445168531456,58,NIGHTLY_20251105,weekly,WEEKLY_\NIGHTLY_20251105\RUN_refine_AM1030_j-cross,2025-09-26 01:32:00+00:00,True
5801.T,refine,j-cross,AM15,3,2.0,3.0,1.7,0.1536171096575115,-56.59581149004411,2025-09-26 01:07:00+00:00,2025-09-26,BUY,37.50338848599464,6,56.54632448890822,<80bp,0.0,neutral,1.005016123253314,5,2.185811077072122,32.290445168531456,58,NIGHTLY_20251105,weekly,WEEKLY_\NIGHTLY_20251105\RUN_refine_AM1030_j-cross,2025-09-26 01:13:00+00:00,True
5801.T,refine,j-cross,AM15,3,2.0,3.0,1.7,0.1536171096575115,-56.59581149004411,2025-09-26 01:16:00+00:00,2025-09-26,BUY,23.830526294897037,16,56.54632448890822,<80bp,0.0,neutral,1.0248262164846078,6,2.0760619645490648,32.290445168531456,58,NIGHTLY_20251105,weekly,WEEKLY_\NIGHTLY_20251105\RUN_refine_AM1030_j-cross,2025-09-26 01:32:00+00:00,True
5801.T,refine,j-cross,AM15,3,2.0,3.0,1.7,0.1536171096575115,-56.59581149004411,2025-10-10 00:38:00+00:00,2025-10-10,BUY,-79.54768404607327,8,-29.52856124630893,<80bp,-2.642867291310358,neutral,0.7667022762757827,1,1.879762906492345,13.170704476998155,58,NIGHTLY_20251105,weekly,WEEKLY_\NIGHTLY_20251105\RUN_refine_AM1030_j-cross,2025-10-10 00:46:00+00:00,False
5801.T,refine,j-cross,AM15,3,2.0,3.0,1.7,0.1536171096575115,-56.59581149004411,2025-10-15 00:17:00+00:00,2025-10-15,SELL,-112.02500425710004,78,32.71660649819495,<80bp,13.249242858937029,neutral,0.0,1,1.7183660807806465,1.7183660807806465,58,NIGHTLY_20251105,weekly,WEEKLY_\NIGHTLY_20251105\RUN_refine_AM1030_j-cross,2025-10-15 01:35:00+00:00,False
5801.T,refine,j-cross,AM15,3,2.0,3.0,1.7,0.1536171096575115,-56.59581149004411,2025-10-15 00:25:00+00:00,2025-10-15,SELL,-123.03294361928393,106,32.71660649819495,<80bp,12.816856100690275,neutral,1.595196859485048,2,2.10255573359321,2.10255573359321,58,NIGHTLY_20251105,weekly,WEEKLY_\NIGHTLY_20251105\RUN_refine_AM1030_j-cross,2025-10-15 02:11:00+00:00,False
5801.T,refine,j-cross,AM15,3,2.0,3.0,1.7,0.1536171096575115,-56.59581149004411,2025-10-15 00:34:00+00:00,2025-10-15,SELL,-107.48800615178938,95,32.71660649819495,<80bp,-12.390788808002153,neutral,0.6189442031406616,3,1.7352814841726814,2.808790207369772,58,NIGHTLY_20251105,weekly,WEEKLY_\NIGHTLY_20251105\RUN_refine_AM1030_j-cross,2025-10-15 02:09:00+00:00,False
5801.T,refine,j-cross,AM15,3,2.0,3.0,1.7,0.1536171096575115,-56.59581149004411,2025-10-15 00:37:00+00:00,2025-10-15,SELL,-91.4383038595093,59,32.71660649819495,<80bp,10.099029446504204,neutral,0.4252646689395298,4,2.086801773190321,2.808790207369772,58,NIGHTLY_20251105,weekly,WEEKLY_\NIGHTLY_20251105\RUN_refine_AM1030_j-cross,2025-10-15 01:36:00+00:00,False
5801.T,refine,j-cross,AM15,3,2.0,3.0,1.7,0.1536171096575115,-56.59581149004411,2025-10-15 00:43:00+00:00,2025-10-15,SELL,-89.42273085322789,58,32.71660649819495,<80bp,6.319497589168943,neutral,0.815737975074673,5,2.3297952120819043,2.808790207369772,58,NIGHTLY_20251105,weekly,WEEKLY_\NIGHTLY_20251105\RUN_refine_AM1030_j-cross,2025-10-15 01:41:00+00:00,False
5801.T,refine,j-cross,AM15,3,2.0,3.0,1.7,0.1536171096575115,-56.59581149004411,2025-10-15 00:45:00+00:00,2025-10-15,SELL,-85.23280911064701,51,32.71660649819495,<80bp,28.172261269214797,up,0.7540949830019573,6,2.1123896801289237,2.808790207369772,58,NIGHTLY_20251105,weekly,WEEKLY_\NIGHTLY_20251105\RUN_refine_AM1030_j-cross,2025-10-15 01:36:00+00:00,False
5801.T,refine,j-cross,AM15,3,2.0,3.0,1.7,0.1536171096575115,-56.59581149004411,2025-10-15 00:55:00+00:00,2025-10-15,SELL,-81.53489727775163,41,32.71660649819495,<80bp,-7.212140005792289,neutral,0.8354430379746836,7,1.9010335544702848,3.913400059965692,58,NIGHTLY_20251105,weekly,WEEKLY_\NIGHTLY_20251105\RUN_refine_AM1030_j-cross,2025-10-15 01:36:00+00:00,False
5801.T,refine,j-cross,AM15,3,2.0,3.0,1.7,0.1536171096575115,-56.59581149004411,2025-10-15 01:11:00+00:00,2025-10-15,SELL,-62.77403335279168,24,32.71660649819495,<80bp,-6.1960267978156125,neutral,0.624899855792341,8,2.428465279614909,3.913400059965692,58,NIGHTLY_20251105,weekly,WEEKLY_\NIGHTLY_20251105\RUN_refine_AM1030_j-cross,2025-10-15 01:35:00+00:00,False
5801.T,refine,j-cross,AM15,3,2.0,3.0,1.7,0.1536171096575115,-56.59581149004411,2025-10-15 01:13:00+00:00,2025-10-15,SELL,-66.07843375812604,19,32.71660649819495,<80bp,0.6143033497818529,neutral,0.7680872150644202,9,1.8194500763760408,3.913400059965692,58,NIGHTLY_20251105,weekly,WEEKLY_\NIGHTLY_20251105\RUN_refine_AM1030_j-cross,2025-10-15 01:32:00+00:00,False
8035.T,refine,j-cross,AM15,5,2.0,2.9,1.45,1.4551768562414114,7.341249558227143,2025-09-24 00:15:00+00:00,2025-09-24,BUY,56.59721586217363,5,-24.376523532720796,<80bp,0.0,neutral,0.0,1,1.5566430513363558,1.5566430513363558,80,NIGHTLY_20251105,weekly,WEEKLY_\NIGHTLY_20251105\RUN_refine_AM1030_j-cross,2025-09-24 00:20:00+00:00,True
8035.T,refine,j-cross,AM15,5,2.0,2.9,1.45,1.4551768562414114,7.341249558227143,2025-09-24 00:22:00+00:00,2025-09-24,SELL,45.54938610354557,38,-24.376523532720796,<80bp,0.0,neutral,0.4254235280180073,1,1.672746518992536,1.672746518992536,80,NIGHTLY_20251105,weekly,WEEKLY_\NIGHTLY_20251105\RUN_refine_AM1030_j-cross,2025-09-24 01:00:00+00:00,True
8035.T,refine,j-cross,AM15,5,2.0,2.9,1.45,1.4551768562414114,7.341249558227143,2025-09-24 00:25:00+00:00,2025-09-24,SELL,53.36459454178751,13,-24.376523532720796,<80bp,0.0,neutral,1.6288923191568638,2,2.550562045410261,2.550562045410261,80,NIGHTLY_20251105,weekly,WEEKLY_\NIGHTLY_20251105\RUN_refine_AM1030_j-cross,2025-09-24 00:38:00+00:00,True
8035.T,refine,j-cross,AM15,5,2.0,2.9,1.45,1.4551768562414114,7.341249558227143,2025-09-24 00:35:00+00:00,2025-09-24,SELL,40.77989733725402,3,-24.376523532720796,<80bp,0.0,neutral,0.8128667680938926,3,1.7829537460409983,4.019537508306096,80,NIGHTLY_20251105,weekly,WEEKLY_\NIGHTLY_20251105\RUN_refine_AM1030_j-cross,2025-09-24 00:38:00+00:00,True
8035.T,refine,j-cross,AM15,5,2.0,2.9,1.45,1.4551768562414114,7.341249558227143,2025-09-24 01:00:00+00:00,2025-09-24,BUY,23.072625390550595,5,-24.376523532720796,<80bp,0.0,neutral,1.7303267372296365,2,2.038058455879553,4.019537508306096,80,NIGHTLY_20251105,weekly,WEEKLY_\NIGHTLY_20251105\RUN_refine_AM1030_j-cross,2025-09-24 01:05:00+00:00,True
8035.T,refine,j-cross,AM15,5,2.0,2.9,1.45,1.4551768562414114,7.341249558227143,2025-09-24 01:07:00+00:00,2025-09-24,SELL,20.02788157943489,2,-24.376523532720796,<80bp,0.0,neutral,0.7431307243963363,4,1.583932494503112,4.019537508306096,80,NIGHTLY_20251105,weekly,WEEKLY_\NIGHTLY_20251105\RUN_refine_AM1030_j-cross,2025-09-24 01:09:00+00:00,True
8035.T,refine,j-cross,AM15,5,2.0,2.9,1.45,1.4551768562414114,7.341249558227143,2025-09-24 01:17:00+00:00,2025-09-24,BUY,-61.22343114103419,23,-24.376523532720796,<80bp,0.0,neutral,1.7891642167156656,3,2.292585640589988,4.019537508306096,80,NIGHTLY_20251105,weekly,WEEKLY_\NIGHTLY_20251105\RUN_refine_AM1030_j-cross,2025-09-24 01:40:00+00:00,False
8035.T,refine,j-cross,AM15,5,2.0,2.9,1.45,1.4551768562414114,7.341249558227143,2025-09-25 00:40:00+00:00,2025-09-25,SELL,-68.0187730621592,114,-64.14956011730206,<80bp,0.0,neutral,0.8921671935370565,1,2.039848394835758,18.051601962103323,80,NIGHTLY_20251105,weekly,WEEKLY_\NIGHTLY_20251105\RUN_refine_AM1030_j-cross,2025-09-25 02:34:00+00:00,False
8035.T,refine,j-cross,AM15,5,2.0,2.9,1.45,1.4551768562414114,7.341249558227143,2025-09-25 00:51:00+00:00,2025-09-25,SELL,-59.122468385549205,55,-64.14956011730206,<80bp,0.0,neutral,1.0906958561376074,2,1.8219445055588848,18.051601962103323,80,NIGHTLY_20251105,weekly,WEEKLY_\NIGHTLY_20251105\RUN_refine_AM1030_j-cross,2025-09-25 01:46:00+00:00,False
8035.T,refine,j-cross,AM15,5,2.0,2.9,1.45,1.4551768562414114,7.341249558227143,2025-09-25 00:54:00+00:00,2025-09-25,SELL,-53.94724610500317,52,-64.14956011730206,<80bp,0.0,neutral,0.4127682993946064,3,2.1359728781906275,18.051601962103323,80,NIGHTLY_20251105,weekly,WEEKLY_\NIGHTLY_20251105\RUN_refine_AM1030_j-cross,2025-09-25 01:46:00+00:00,False
8035.T,refine,j-cross,AM15,5,2.0,2.9,1.45,1.4551768562414114,7.341249558227143,2025-09-25 01:08:00+00:00,2025-09-25,SELL,-56.6891065900759,38,-64.14956011730206,<80bp,0.0,neutral,1.1571565189671662,4,1.735644025205608,18.051601962103323,80,NIGHTLY_20251105,weekly,WEEKLY_\NIGHTLY_20251105\RUN_refine_AM1030_j-cross,2025-09-25 01:46:00+00:00,False
8035.T,refine,j-cross,AM15,5,2.0,2.9,1.45,1.4551768562414114,7.341249558227143,2025-09-25 01:13:00+00:00,2025-09-25,SELL,-59.05470245500424,81,-64.14956011730206,<80bp,0.0,neutral,0.5518763796909493,5,1.7519400793772708,18.051601962103323,80,NIGHTLY_20251105,weekly,WEEKLY_\NIGHTLY_20251105\RUN_refine_AM1030_j-cross,2025-09-25 02:34:00+00:00,False
8035.T,refine,j-cross,AM15,5,2.0,2.9,1.45,1.4551768562414114,7.341249558227143,2025-10-01 00:10:00+00:00,2025-10-01,BUY,-77.40959822011634,11,-36.018957345971565,<80bp,0.0,neutral,0.0,1,1.631242889324264,9.910593095127304,80,NIGHTLY_20251105,weekly,WEEKLY_\NIGHTLY_20251105\RUN_refine_AM1030_j-cross,2025-10-01 00:21:00+00:00,False
8035.T,refine,j-cross,AM15,5,2.0,2.9,1.45,1.4551768562414114,7.341249558227143,2025-10-01 00:18:00+00:00,2025-10-01,BUY,45.9126972787819,15,-36.018957345971565,<80bp,0.0,neutral,0.0,2,1.99985428844564,9.910593095127304,80,NIGHTLY_20251105,weekly,WEEKLY_\NIGHTLY_20251105\RUN_refine_AM1030_j-cross,2025-10-01 00:33:00+00:00,True
8035.T,refine,j-cross,AM15,5,2.0,2.9,1.45,1.4551768562414114,7.341249558227143,2025-10-01 00:40:00+00:00,2025-10-01,SELL,39.3630918977725,39,-36.018957345971565,<80bp,0.0,neutral,0.8496978851963746,1,2.2764763737696647,9.910593095127304,80,NIGHTLY_20251105,weekly,WEEKLY_\NIGHTLY_20251105\RUN_refine_AM1030_j-cross,2025-10-01 01:19:00+00:00,True
8035.T,refine,j-cross,AM15,5,2.0,2.9,1.45,1.4551768562414114,7.341249558227143,2025-10-01 01:01:00+00:00,2025-10-01,SELL,27.63791456268368,12,-36.018957345971565,<80bp,0.0,neutral,0.7530480516375806,2,2.1255191484772995,9.910593095127304,80,NIGHTLY_20251105,weekly,WEEKLY_\NIGHTLY_20251105\RUN_refine_AM1030_j-cross,2025-10-01 01:13:00+00:00,True
8035.T,refine,j-cross,AM15,5,2.0,2.9,1.45,1.4551768562414114,7.341249558227143,2025-10-01 01:11:00+00:00,2025-10-01,SELL,23.68110777182375,8,-36.018957345971565,<80bp,0.0,neutral,1.2383612662942272,3,1.5129388619316424,9.910593095127304,80,NIGHTLY_20251105,weekly,WEEKLY_\NIGHTLY_20251105\RUN_refine_AM1030_j-cross,2025-10-01 01:19:00+00:00,True
8035.T,refine,j-cross,AM15,5,2.0,2.9,1.45,1.4551768562414114,7.341249558227143,2025-10-01 01:21:00+00:00,2025-10-01,BUY,23.341500807883648,9,-36.018957345971565,<80bp,0.0,neutral,1.24828060522696,3,2.413154564923884,9.910593095127304,80,NIGHTLY_20251105,weekly,WEEKLY_\NIGHTLY_20251105\RUN_refine_AM1030_j-cross,2025-10-01 01:30:00+00:00,True
8035.T,refine,j-cross,AM15,5,2.0,2.9,1.45,1.4551768562414114,7.341249558227143,2025-10-01 01:24:00+00:00,2025-10-01,BUY,25.54912089211229,6,-36.018957345971565,<80bp,0.0,neutral,1.1304062909567496,4,2.3163163724117317,9.910593095127304,80,NIGHTLY_20251105,weekly,WEEKLY_\NIGHTLY_20251105\RUN_refine_AM1030_j-cross,2025-10-01 01:30:00+00:00,True
8035.T,refine,j-cross,AM15,5,2.0,2.9,1.45,1.4551768562414114,7.341249558227143,2025-10-01 01:27:00+00:00,2025-10-01,BUY,21.920419604248742,3,-36.018957345971565,<80bp,0.0,neutral,0.6884913938575768,5,2.1081822032230564,9.910593095127304,80,NIGHTLY_20251105,weekly,WEEKLY_\NIGHTLY_20251105\RUN_refine_AM1030_j-cross,2025-10-01 01:30:00+00:00,True
8035.T,refine,j-cross,AM15,5,2.0,2.9,1.45,1.4551768562414114,7.341249558227143,2025-10-10 00:16:00+00:00,2025-10-10,SELL,64.6602816273487,8,-65.56825823806321,<80bp,-6.278688065627369,neutral,0.0,1,2.082278171821196,15.491387906719904,80,NIGHTLY_20251105,weekly,WEEKLY_\NIGHTLY_20251105\RUN_refine_AM1030_j-cross,2025-10-10 00:24:00+00:00,True
8035.T,refine,j-cross,AM15,5,2.0,2.9,1.45,1.4551768562414114,7.341249558227143,2025-10-15 00:33:00+00:00,2025-10-15,BUY,27.289322570100275,25,22.915564956812972,<80bp,-17.894223583501123,down,0.6746476481575819,1,1.991743864043762,1.991743864043762,80,NIGHTLY_20251105,weekly,WEEKLY_\NIGHTLY_20251105\RUN_refine_AM1030_j-cross,2025-10-15 00:58:00+00:00,True
8035.T,refine,j-cross,AM15,5,2.0,2.9,1.45,1.4551768562414114,7.341249558227143,2025-10-15 00:38:00+00:00,2025-10-15,BUY,30.14883611570304,12,22.915564956812972,<80bp,-0.7341547082728717,neutral,0.937009247949747,2,2.136136105702144,2.136136105702144,80,NIGHTLY_20251105,weekly,WEEKLY_\NIGHTLY_20251105\RUN_refine_AM1030_j-cross,2025-10-15 00:50:00+00:00,True
8035.T,refine,j-cross,AM15,5,2.0,2.9,1.45,1.4551768562414114,7.341249558227143,2025-10-15 01:07:00+00:00,2025-10-15,BUY,18.837939290761888,7,22.915564956812972,<80bp,-16.12903759247275,down,1.7253299811439349,3,1.8968511067383969,3.055337330356507,80,NIGHTLY_20251105,weekly,WEEKLY_\NIGHTLY_20251105\RUN_refine_AM1030_j-cross,2025-10-15 01:14:00+00:00,True
8035.T,refine,j-cross,AM15,5,2.0,2.9,1.45,1.4551768562414114,7.341249558227143,2025-10-15 01:09:00+00:00,2025-10-15,BUY,17.393382113540003,5,22.915564956812972,<80bp,-17.583100105291738,down,0.4772953264832615,4,2.0060896974354847,3.055337330356507,80,NIGHTLY_20251105,weekly,WEEKLY_\NIGHTLY_20251105\RUN_refine_AM1030_j-cross,2025-10-15 01:14:00+00:00,True
8035.T,refine,j-cross,AM15,5,2.0,2.9,1.45,1.4551768562414114,7.341249558227143,2025-10-15 01:21:00+00:00,2025-10-15,SELL,18.02644475986066,20,22.915564956812972,<80bp,15.7917521239459,up,1.0833035395066142,1,1.6431367356476658,3.055337330356507,80,NIGHTLY_20251105,weekly,WEEKLY_\NIGHTLY_20251105\RUN_refine_AM1030_j-cross,2025-10-15 01:41:00+00:00,True
8035.T,refine,j-cross,AM15,5,2.0,2.9,1.45,1.4551768562414114,7.341249558227143,2025-10-15 01:26:00+00:00,2025-10-15,SELL,10.525403923707811,7,22.915564956812972,<80bp,2.1383826044063525,neutral,0.71849234393404,2,2.1396710302342594,3.055337330356507,80,NIGHTLY_20251105,weekly,WEEKLY_\NIGHTLY_20251105\RUN_refine_AM1030_j-cross,2025-10-15 01:33:00+00:00,True
6526.T,refine,j-cross,AM15,5,2.0,2.9,1.45,999.0,87.85888306621473,2025-09-24 00:13:00+00:00,2025-09-24,BUY,100.8986487851727,12,23.704707077548257,<80bp,0.0,neutral,0.0,1,1.4606160638769872,1.4606160638769872,65,NIGHTLY_20251106,weekly,WEEKLY_\NIGHTLY_20251106\RUN_refine_AM0930_j-cross,2025-09-24 00:25:00+00:00,True
6526.T,refine,j-cross,AM15,5,2.0,2.9,1.45,999.0,87.85888306621473,2025-09-24 00:15:00+00:00,2025-09-24,BUY,94.74527356718905,7,23.704707077548257,<80bp,0.0,neutral,0.0,2,1.7545664104874792,1.7545664104874792,65,NIGHTLY_20251106,weekly,WEEKLY_\NIGHTLY_20251106\RUN_refine_AM0930_j-cross,2025-09-24 00:22:00+00:00,True
6526.T,refine,j-cross,AM15,5,2.0,2.9,1.45,999.0,87.85888306621473,2025-09-24 00:19:00+00:00,2025-09-24,BUY,65.59483091431684,2,23.704707077548257,<80bp,0.0,neutral,0.7605518928838442,3,1.4641652785388437,1.7911151807136685,65,NIGHTLY_20251106,weekly,WEEKLY_\NIGHTLY_20251106\RUN_refine_AM0930_j-cross,2025-09-24 00:21:00+00:00,True
6526.T,refine,j-cross,AM15,5,2.0,2.9,1.45,999.0,87.85888306621473,2025-09-24 00:25:00+00:00,2025-09-24,SELL,74.30748639936263,75,23.704707077548257,<80bp,0.0,neutral,1.6668557651396965,1,1.633015562424406,1.7911151807136685,65,NIGHTLY_20251106,weekly,WEEKLY_\NIGHTLY_20251106\RUN_refine_AM0930_j-cross,2025-09-24 01:40:00+00:00,True
6526.T,refine,j-cross,AM15,5,2.0,2.9,1.45,999.0,87.85888306621473,2025-09-24 00:30:00+00:00,2025-09-24,SELL,103.74817566503242,18,23.704707077548257,<80bp,0.0,neutral,1.5318565882621604,2,1.777063634666139,3.2686162808900368,65,NIGHTLY_20251106,weekly,WEEKLY_\NIGHTLY_20251106\RUN_refine_AM0930_j-cross,2025-09-24 00:48:00+00:00,True
285A.T,refine,j-cross,AM15,3,1.5,3.0,1.8,999.0,100.90254337891456,2025-09-29 00:11:00+00:00,2025-09-29,SELL,147.80451414977088,21,,<80bp,0.0,neutral,0.0,1,1.840691883309168,1.840691883309168,28,NIGHTLY_20251106,weekly,WEEKLY_\NIGHTLY_20251106\RUN_refine_AM0930_j-cross,2025-09-29 00:32:00+00:00,True
285A.T,refine,j-cross,AM15,3,1.5,3.0,1.8,999.0,100.90254337891456,2025-10-08 00:17:00+00:00,2025-10-08,SELL,123.72137585916364,163,-68.02721088435374,<80bp,4.387684411579773,neutral,0.0,1,2.0590306743687896,2.0590306743687896,28,NIGHTLY_20251106,weekly,WEEKLY_\NIGHTLY_20251106\RUN_refine_AM0930_j-cross,2025-10-08 03:00:00+00:00,True
285A.T,refine,j-cross,AM15,3,1.5,3.0,1.8,999.0,100.90254337891456,2025-10-08 00:19:00+00:00,2025-10-08,SELL,112.70700104301098,161,-68.02721088435374,<80bp,1.1482333353662888,neutral,0.5491478296689151,2,2.0580299028262186,2.0590306743687896,28,NIGHTLY_20251106,weekly,WEEKLY_\NIGHTLY_20251106\RUN_refine_AM0930_j-cross,2025-10-08 03:00:00+00:00,True
285A.T,refine,j-cross,AM15,3,1.5,3.0,1.8,999.0,100.90254337891456,2025-10-10 00:22:00+00:00,2025-10-10,SELL,54.36195888820658,1,-16.10305958132045,<80bp,-5.751547821655212,neutral,0.6374263448013685,1,1.8618027859389503,35.21044244099087,28,NIGHTLY_20251106,weekly,WEEKLY_\NIGHTLY_20251106\RUN_refine_AM0930_j-cross,2025-10-10 00:23:00+00:00,True
285A.T,refine,j-cross,AM15,3,1.5,3.0,1.8,999.0,100.90254337891456,2025-10-10 00:26:00+00:00,2025-10-10,SELL,65.91786695442082,2,-16.10305958132045,<80bp,12.251407805328183,neutral,2.090909090909091,2,2.230718501521067,35.21044244099087,28,NIGHTLY_20251106,weekly,WEEKLY_\NIGHTLY_20251106\RUN_refine_AM0930_j-cross,2025-10-10 00:28:00+00:00,True
5801.T,refine,j-cross,AM15,3,1.6,3.0,1.45,0.6513993819322339,-19.246534613361256,2025-09-26 00:15:00+00:00,2025-09-26,BUY,-165.63253433147815,136,56.54632448890822,<80bp,0.0,neutral,0.0,1,1.4813158510632496,1.4813158510632496,58,NIGHTLY_20251106,weekly,WEEKLY_\NIGHTLY_20251106\RUN_refine_AM0930_j-cross,2025-09-26 02:31:00+00:00,False
5801.T,refine,j-cross,AM15,3,1.6,3.0,1.45,0.6513993819322339,-19.246534613361256,2025-09-26 00:24:00+00:00,2025-09-26,BUY,72.09451726085892,7,56.54632448890822,<80bp,0.0,neutral,1.0124826629681,2,1.8823442553492036,1.8823442553492036,58,NIGHTLY_20251106,weekly,WEEKLY_\NIGHTLY_20251106\RUN_refine_AM0930_j-cross,2025-09-26 00:31:00+00:00,True
5801.T,refine,j-cross,AM15,3,1.6,3.0,1.45,0.6513993819322339,-19.246534613361256,2025-09-26 00:29:00+00:00,2025-09-26,BUY,35.798413230535466,1,56.54632448890822,<80bp,0.0,neutral,0.7059671028935046,3,1.6445473939275397,2.4007246892926184,58,NIGHTLY_20251106,weekly,WEEKLY_\NIGHTLY_20251106\RUN_refine_AM0930_j-cross,2025-09-26 00:30:00+00:00,True
6857.T,refine,j-cross,AM15,5,2.0,2.0,1.5,3.6950756176978543,35.67977311586988,2025-10-01 00:18:00+00:00,2025-10-01,BUY,48.97065314198058,17,-33.97893306150187,<80bp,0.0,neutral,0.0,1,1.8523965003677465,17.894166778094945,68,NIGHTLY_20251106,weekly,WEEKLY_\NIGHTLY_20251106\RUN_refine_AM0930_j-cross,2025-10-01 00:35:00+00:00,True
6857.T,refine,j-cross,AM15,5,2.0,2.0,1.5,3.6950756176978543,35.67977311586988,2025-10-01 00:22:00+00:00,2025-10-01,BUY,56.10287012117503,13,-33.97893306150187,<80bp,0.0,neutral,0.7492142108772264,2,1.5435229926587124,17.894166778094945,68,NIGHTLY_20251106,weekly,WEEKLY_\NIGHTLY_20251106\RUN_refine_AM0930_j-cross,2025-10-01 00:35:00+00:00,True
6857.T,refine,j-cross,AM15,5,2.0,2.0,1.5,3.6950756176978543,35.67977311586988,2025-10-03 00:09:00+00:00,2025-10-03,BUY,51.79709871448774,1,0.0,<80bp,0.0,neutral,0.0,1,1.5548375419970342,11.210689135807703,68,NIGHTLY_20251106,weekly,WEEKLY_\NIGHTLY_20251106\RUN_refine_AM0930_j-cross,2025-10-03 00:10:00+00:00,True
6857.T,refine,j-cross,AM15,5,2.0,2.0,1.5,3.6950756176978543,35.67977311586988,2025-10-03 00:17:00+00:00,2025-10-03,SELL,-65.2077690820696,3,0.0,<80bp,0.0,neutral,0.0,1,1.609276075387174,11.210689135807703,68,NIGHTLY_20251106,weekly,WEEKLY_\NIGHTLY_20251106\RUN_refine_AM0930_j-cross,2025-10-03 00:20:00+00:00,False
6857.T,refine,j-cross,AM15,5,2.0,2.0,1.5,3.6950756176978543,35.67977311586988,2025-10-09 00:17:00+00:00,2025-10-09,SELL,-80.41987182613796,3,-27.75464890369137,<80bp,27.05821139680653,up,0.0,1,1.6647447982837014,10.657675124740187,68,NIGHTLY_20251106,weekly,WEEKLY_\NIGHTLY_20251106\RUN_refine_AM0930_j-cross,2025-10-09 00:20:00+00:00,False
6857.T,refine,j-cross,AM15,5,2.0,2.0,1.5,3.6950756176978543,35.67977311586988,2025-10-10 00:25:00+00:00,2025-10-10,SELL,50.76620074545242,21,-19.46607341490545,<80bp,12.987214353157306,neutral,1.3219508573973722,1,1.6638163494665557,10.657675124740187,68,NIGHTLY_20251106,weekly,WEEKLY_\NIGHTLY_20251106\RUN_refine_AM0930_j-cross,2025-10-10 00:46:00+00:00,True
6857.T,refine,j-cross,AM15,5,2.0,2.0,1.5,3.6950756176978543,35.67977311586988,2025-10-10 00:28:00+00:00,2025-10-10,SELL,50.54738979150021,18,-19.46607341490545,<80bp,3.407270318565025,neutral,1.3088865096359743,2,1.6160760369764973,10.657675124740187,68,NIGHTLY_20251106,weekly,WEEKLY_\NIGHTLY_20251106\RUN_refine_AM0930_j-cross,2025-10-10 00:46:00+00:00,True
6857.T,refine,j-cross,AM15,5,2.0,2.0,1.5,3.6950756176978543,35.67977311586988,2025-10-15 00:16:00+00:00,2025-10-15,SELL,75.73439866887959,53,5.901445854234288,<80bp,4.669806459240977,neutral,0.0,1,1.575826599366524,1.575826599366524,68,NIGHTLY_20251106,weekly,WEEKLY_\NIGHTLY_20251106\RUN_refine_AM0930_j-cross,2025-10-15 01:09:00+00:00,True
6857.T,refine,j-cross,AM15,5,2.0,2.0,1.5,3.6950756176978543,35.67977311586988,2025-10-15 00:19:00+00:00,2025-10-15,SELL,70.29170425787343,21,5.901445854234288,<80bp,-0.9163484095842112,neutral,0.7759237187127532,2,2.084486242381602,2.084486242381602,68,NIGHTLY_20251106,weekly,WEEKLY_\NIGHTLY_20251106\RUN_refine_AM0930_j-cross,2025-10-15 00:40:00+00:00,True
6857.T,refine,j-cross,AM15,5,2.0,2.0,1.5,3.6950756176978543,35.67977311586988,2025-10-15 00:23:00+00:00,2025-10-15,SELL,75.22619897445965,17,5.901445854234288,<80bp,5.199583204724689,neutral,0.5937113469175185,3,1.5643068321584457,2.09732364399012,68,NIGHTLY_20251106,weekly,WEEKLY_\NIGHTLY_20251106\RUN_refine_AM0930_j-cross,2025-10-15 00:40:00+00:00,True
6857.T,refine,j-cross,AM15,5,2.0,2.0,1.5,3.6950756176978543,35.67977311586988,2025-10-15 00:27:00+00:00,2025-10-15,SELL,58.66863076696757,13,5.901445854234288,<80bp,9.654092482576091,neutral,0.4608169608169608,4,1.5446525760451917,2.09732364399012,68,NIGHTLY_20251106,weekly,WEEKLY_\NIGHTLY_20251106\RUN_refine_AM0930_j-cross,2025-10-15 00:40:00+00:00,True
5016.T,refine,j-cross,AM15,3,1.7,2.9,1.7,999.0,84.45620712767251,2025-09-26 00:16:00+00:00,2025-09-26,SELL,84.24110752249668,1,-40.73872895165671,<80bp,0.0,neutral,0.0,1,2.001692472459134,24.556084267886177,50,NIGHTLY_20251106,weekly,WEEKLY_\NIGHTLY_20251106\RUN_refine_AM0930_j-cross,2025-09-26 00:17:00+00:00,True
5016.T,refine,j-cross,AM15,3,1.7,2.9,1.7,999.0,84.45620712767251,2025-10-01 00:13:00+00:00,2025-10-01,BUY,76.30929110510979,20,-28.140189306728065,<80bp,0.0,neutral,0.0,1,1.7616104231107548,27.39831339066562,50,NIGHTLY_20251106,weekly,WEEKLY_\NIGHTLY_20251106\RUN_refine_AM0930_j-cross,2025-10-01 00:33:00+00:00,True
5016.T,refine,j-cross,AM15,3,1.7,2.9,1.7,999.0,84.45620712767251,2025-10-01 00:18:00+00:00,2025-10-01,BUY,80.11574225561395,12,-28.140189306728065,<80bp,0.0,neutral,0.0,2,1.889671405754224,27.39831339066562,50,NIGHTLY_20251106,weekly,WEEKLY_\NIGHTLY_20251106\RUN_refine_AM0930_j-cross,2025-10-01 00:30:00+00:00,True
5016.T,refine,j-cross,AM15,3,1.7,2.9,1.7,999.0,84.45620712767251,2025-10-01 00:22:00+00:00,2025-10-01,BUY,59.7365617037196,8,-28.140189306728065,<80bp,0.0,neutral,0.4649912753966185,3,1.798014978501146,27.39831339066562,50,NIGHTLY_20251106,weekly,WEEKLY_\NIGHTLY_20251106\RUN_refine_AM0930_j-cross,2025-10-01 00:30:00+00:00,True
5016.T,refine,j-cross,AM15,3,1.7,2.9,1.7,999.0,84.45620712767251,2025-10-14 00:15:00+00:00,2025-10-14,SELL,120.57959502432274,30,-66.2251655629139,<80bp,33.20901565934342,up,2.055789225747838,1,1.87526057421567,19.10160905744156,50,NIGHTLY_20251106,weekly,WEEKLY_\NIGHTLY_20251106\RUN_refine_AM0930_j-cross,2025-10-14 00:45:00+00:00,True
5016.T,refine,j-cross,AM15,3,1.7,2.9,1.7,999.0,84.45620712767251,2025-10-14 00:19:00+00:00,2025-10-14,SELL,98.70173486664892,11,-66.2251655629139,<80bp,61.26054453340801,up,0.8846368244338143,2,2.04979664151237,19.10160905744156,50,NIGHTLY_20251106,weekly,WEEKLY_\NIGHTLY_20251106\RUN_refine_AM0930_j-cross,2025-10-14 00:30:00+00:00,True
5016.T,refine,j-cross,AM15,3,1.7,2.9,1.7,999.0,84.45620712767251,2025-10-14 00:24:00+00:00,2025-10-14,SELL,71.50941741579592,6,-66.2251655629139,<80bp,15.252837738684022,up,0.5695651202787518,3,1.8325798651795957,19.10160905744156,50,NIGHTLY_20251106,weekly,WEEKLY_\NIGHTLY_20251106\RUN_refine_AM0930_j-cross,2025-10-14 00:30:00+00:00,True
8136.T,refine,j-cross,AM15,5,2.0,2.0,1.2,2.8469765666242046,27.53551146043325,2025-09-25 00:10:00+00:00,2025-09-25,SELL,-70.11240894746041,10,-11.85360794191732,<80bp,0.0,neutral,0.0,1,1.4650405069365449,20.797556673633864,81,NIGHTLY_20251106,weekly,WEEKLY_\NIGHTLY_20251106\RUN_refine_AM0930_j-cross,2025-09-25 00:20:00+00:00,False
8136.T,refine,j-cross,AM15,5,2.0,2.0,1.2,2.8469765666242046,27.53551146043325,2025-09-25 00:14:00+00:00,2025-09-25,SELL,-64.06341527366084,6,-11.85360794191732,<80bp,0.0,neutral,0.0,2,1.67738105642684,20.797556673633864,81,NIGHTLY_20251106,weekly,WEEKLY_\NIGHTLY_20251106\RUN_refine_AM0930_j-cross,2025-09-25 00:20:00+00:00,False
8136.T,refine,j-cross,AM15,5,2.0,2.0,1.2,2.8469765666242046,27.53551146043325,2025-09-26 00:16:00+00:00,2025-09-26,SELL,48.99745660305514,3,-2.818886539816772,<80bp,0.0,neutral,0.0,1,1.4576278792010622,23.56555262140637,81,NIGHTLY_20251106,weekly,WEEKLY_\NIGHTLY_20251106\RUN_refine_AM0930_j-cross,2025-09-26 00:19:00+00:00,True
8136.T,refine,j-cross,AM15,5,2.0,2.0,1.2,2.8469765666242046,27.53551146043325,2025-09-26 00:26:00+00:00,2025-09-26,BUY,41.77930456387972,23,-2.818886539816772,<80bp,0.0,neutral,0.7016358997448596,1,1.2066161125822925,23.56555262140637,81,NIGHTLY_20251106,weekly,WEEKLY_\NIGHTLY_20251106\RUN_refine_AM0930_j-cross,2025-09-26 00:49:00+00:00,True
8136.T,refine,j-cross,AM15,5,2.0,2.0,1.2,2.8469765666242046,27.53551146043325,2025-10-10 00:12:00+00:00,2025-10-10,SELL,75.3267252914714,117,-5.142049106568968,<80bp,15.88602987947718,up,0.0,1,1.418994247824653,1.418994247824653,81,NIGHTLY_20251106,weekly,WEEKLY_\NIGHTLY_20251106\RUN_refine_AM0930_j-cross,2025-10-10 02:09:00+00:00,True
8136.T,refine,j-cross,AM15,5,2.0,2.0,1.2,2.8469765666242046,27.53551146043325,2025-10-10 00:15:00+00:00,2025-10-10,SELL,70.15120734069842,44,-5.142049106568968,<80bp,2.809386856770235,neutral,0.0,2,1.4992854270809588,1.676011366587698,81,NIGHTLY_20251106,weekly,WEEKLY_\NIGHTLY_20251106\RUN_refine_AM0930_j-cross,2025-10-10 00:59:00+00:00,True
8136.T,refine,j-cross,AM15,5,2.0,2.0,1.2,2.8469765666242046,27.53551146043325,2025-10-10 00:19:00+00:00,2025-10-10,SELL,57.837024257132754,36,-5.142049106568968,<80bp,0.993662996975342,neutral,1.1912547883770903,3,1.335462592577287,1.676011366587698,81,NIGHTLY_20251106,weekly,WEEKLY_\NIGHTLY_20251106\RUN_refine_AM0930_j-cross,2025-10-10 00:55:00+00:00,True
8136.T,refine,j-cross,AM15,5,2.0,2.0,1.2,2.8469765666242046,27.53551146043325,2025-10-10 00:24:00+00:00,2025-10-10,SELL,49.07182764277127,31,-5.142049106568968,<80bp,-2.740171159404392,neutral,0.5278770822240816,4,1.2720338226523982,1.676011366587698,81,NIGHTLY_20251106,weekly,WEEKLY_\NIGHTLY_20251106\RUN_refine_AM0930_j-cross,2025-10-10 00:55:00+00:00,True
8136.T,refine,j-cross,AM15,5,2.0,2.0,1.2,2.8469765666242046,27.53551146043325,2025-10-10 00:29:00+00:00,2025-10-10,SELL,38.83188166601181,24,-5.142049106568968,<80bp,-4.471861022407042,neutral,0.3821927695033134,5,1.3421460633629445,1.676011366587698,81,NIGHTLY_20251106,weekly,WEEKLY_\NIGHTLY_20251106\RUN_refine_AM0930_j-cross,2025-10-10 00:53:00+00:00,True
8035.T,refine,j-cross,AM15,5,2.0,3.0,1.5,3.325994763813219,30.885038683808187,2025-09-24 00:15:00+00:00,2025-09-24,BUY,56.35689841661693,5,-24.376523532720796,<80bp,0.0,neutral,0.0,1,1.5566430513363558,1.5566430513363558,80,NIGHTLY_20251106,weekly,WEEKLY_\NIGHTLY_20251106\RUN_refine_AM0930_j-cross,2025-09-24 00:20:00+00:00,True
8035.T,refine,j-cross,AM15,5,2.0,3.0,1.5,3.325994763813219,30.885038683808187,2025-09-24 00:22:00+00:00,2025-09-24,SELL,45.3518755153561,38,-24.376523532720796,<80bp,0.0,neutral,0.4254235280180073,1,1.672746518992536,1.672746518992536,80,NIGHTLY_20251106,weekly,WEEKLY_\NIGHTLY_20251106\RUN_refine_AM0930_j-cross,2025-09-24 01:00:00+00:00,True
8035.T,refine,j-cross,AM15,5,2.0,3.0,1.5,3.325994763813219,30.885038683808187,2025-09-24 00:25:00+00:00,2025-09-24,SELL,53.15202339265733,13,-24.376523532720796,<80bp,0.0,neutral,1.6288923191568638,2,2.550562045410261,2.550562045410261,80,NIGHTLY_20251106,weekly,WEEKLY_\NIGHTLY_20251106\RUN_refine_AM0930_j-cross,2025-09-24 00:38:00+00:00,True
8035.T,refine,j-cross,AM15,5,2.0,3.0,1.5,3.325994763813219,30.885038683808187,2025-10-01 00:10:00+00:00,2025-10-01,BUY,-79.66923872135162,11,-36.018957345971565,<80bp,0.0,neutral,0.0,1,1.631242889324264,9.910593095127304,80,NIGHTLY_20251106,weekly,WEEKLY_\NIGHTLY_20251106\RUN_refine_AM0930_j-cross,2025-10-01 00:21:00+00:00,False
8035.T,refine,j-cross,AM15,5,2.0,3.0,1.5,3.325994763813219,30.885038683808187,2025-10-01 00:18:00+00:00,2025-10-01,BUY,45.71853186537769,15,-36.018957345971565,<80bp,0.0,neutral,0.0,2,1.99985428844564,9.910593095127304,80,NIGHTLY_20251106,weekly,WEEKLY_\NIGHTLY_20251106\RUN_refine_AM0930_j-cross,2025-10-01 00:33:00+00:00,True
8035.T,refine,j-cross,AM15,5,2.0,3.0,1.5,3.325994763813219,30.885038683808187,2025-10-10 00:16:00+00:00,2025-10-10,SELL,64.40014163419269,8,-65.56825823806321,<80bp,-6.278688065627369,neutral,0.0,1,2.082278171821196,15.491387906719904,80,NIGHTLY_20251106,weekly,WEEKLY_\NIGHTLY_20251106\RUN_refine_AM0930_j-cross,2025-10-10 00:24:00+00:00,True
5706.T,refine,j-only,AM15,5,1.5,2.0,1.2,999.0,47.80469793788707,2025-10-03 00:12:00+00:00,2025-10-03,SELL,74.11515115157769,2,-28.305701577031943,<80bp,0.0,neutral,0.0,1,1.415340846310843,1.415340846310843,57,NIGHTLY_20251106,weekly,WEEKLY_\NIGHTLY_20251106\RUN_refine_AM0930_j-only,2025-10-03 00:14:00+00:00,True
5706.T,refine,j-only,AM15,5,1.5,2.0,1.2,999.0,47.80469793788707,2025-10-03 00:23:00+00:00,2025-10-03,SELL,50.69658249149973,11,-28.305701577031943,<80bp,0.0,neutral,1.177318784099766,2,1.8498301006126625,1.8498301006126625,57,NIGHTLY_20251106,weekly,WEEKLY_\NIGHTLY_20251106\RUN_refine_AM0930_j-only,2025-10-03 00:34:00+00:00,True
5706.T,refine,j-only,AM15,5,1.5,2.0,1.2,999.0,47.80469793788707,2025-10-03 00:24:00+00:00,2025-10-03,SELL,46.13622816084652,7,-28.305701577031943,<80bp,0.0,neutral,0.3220858895705521,3,2.2930069431844275,2.2930069431844275,57,NIGHTLY_20251106,weekly,WEEKLY_\NIGHTLY_20251106\RUN_refine_AM0930_j-only,2025-10-03 00:31:00+00:00,True
5706.T,refine,j-only,AM15,5,1.5,2.0,1.2,999.0,47.80469793788707,2025-10-03 00:25:00+00:00,2025-10-03,SELL,41.84760190420241,8,-28.305701577031943,<80bp,0.0,neutral,0.5412775494957042,4,1.9862658366563253,2.2930069431844275,57,NIGHTLY_20251106,weekly,WEEKLY_\NIGHTLY_20251106\RUN_refine_AM0930_j-only,2025-10-03 00:33:00+00:00,True
5706.T,refine,j-only,AM15,5,1.5,2.0,1.2,999.0,47.80469793788707,2025-10-03 00:26:00+00:00,2025-10-03,SELL,36.14970922619387,7,-28.305701577031943,<80bp,0.0,neutral,0.3159057437407953,5,2.0876772149571163,2.2930069431844275,57,NIGHTLY_20251106,weekly,WEEKLY_\NIGHTLY_20251106\RUN_refine_AM0930_j-only,2025-10-03 00:33:00+00:00,True
5706.T,refine,j-only,AM15,5,1.5,2.0,1.2,999.0,47.80469793788707,2025-10-03 00:27:00+00:00,2025-10-03,SELL,47.37332268407204,4,-28.305701577031943,<80bp,0.0,neutral,1.4444444444444444,6,2.243133753149128,2.2930069431844275,57,NIGHTLY_20251106,weekly,WEEKLY_\NIGHTLY_20251106\RUN_refine_AM0930_j-only,2025-10-03 00:31:00+00:00,True
5706.T,refine,j-only,AM15,5,1.5,2.0,1.2,999.0,47.80469793788707,2025-10-03 00:28:00+00:00,2025-10-03,SELL,44.41608426446324,5,-28.305701577031943,<80bp,0.0,neutral,0.5106382978723404,7,1.7517750488712858,2.2930069431844275,57,NIGHTLY_20251106,weekly,WEEKLY_\NIGHTLY_20251106\RUN_refine_AM0930_j-only,2025-10-03 00:33:00+00:00,True
5706.T,refine,j-only,AM15,5,1.5,2.0,1.2,999.0,47.80469793788707,2025-10-03 00:29:00+00:00,2025-10-03,SELL,41.70290362024103,2,-28.305701577031943,<80bp,0.0,neutral,0.8640365177698076,8,2.090235860061557,2.2930069431844275,57,NIGHTLY_20251106,weekly,WEEKLY_\NIGHTLY_20251106\RUN_refine_AM0930_j-only,2025-10-03 00:31:00+00:00,True
6525.T,refine,j-only,AM15,5,1.5,2.0,1.2,0.2219965516469415,-43.10180089525176,2025-10-15 00:06:00+00:00,2025-10-15,SELL,-68.18034778238983,3,9.54653937947494,<80bp,-4.402077221876688,neutral,0.0,1,1.291856617221664,1.291856617221664,65,NIGHTLY_20251106,weekly,WEEKLY_\NIGHTLY_20251106\RUN_refine_AM0930_j-only,2025-10-15 00:09:00+00:00,False
6525.T,refine,j-only,AM15,5,1.5,2.0,1.2,0.2219965516469415,-43.10180089525176,2025-10-15 00:07:00+00:00,2025-10-15,SELL,-78.81186371892142,12,9.54653937947494,<80bp,24.92625991836084,up,0.0,2,1.3057826573172882,1.3057826573172882,65,NIGHTLY_20251106,weekly,WEEKLY_\NIGHTLY_20251106\RUN_refine_AM0930_j-only,2025-10-15 00:19:00+00:00,False
6525.T,refine,j-only,AM15,5,1.5,2.0,1.2,0.2219965516469415,-43.10180089525176,2025-10-15 00:08:00+00:00,2025-10-15,SELL,-74.60989572067184,12,9.54653937947494,<80bp,19.00055707613424,up,0.0,3,1.48002008323076,1.48002008323076,65,NIGHTLY_20251106,weekly,WEEKLY_\NIGHTLY_20251106\RUN_refine_AM0930_j-only,2025-10-15 00:20:00+00:00,False
6525.T,refine,j-only,AM15,5,1.5,2.0,1.2,0.2219965516469415,-43.10180089525176,2025-10-15 00:19:00+00:00,2025-10-15,SELL,49.19490364097605,3,9.54653937947494,<80bp,-0.9163484095842112,neutral,0.535031847133758,4,1.5097501775333737,1.5097501775333737,65,NIGHTLY_20251106,weekly,WEEKLY_\NIGHTLY_20251106\RUN_refine_AM0930_j-only,2025-10-15 00:22:00+00:00,True
8411.T,refine,j-only,AM15,3,1.5,3.0,1.2,999.0,17.676139630713525,2025-09-25 00:09:00+00:00,2025-09-25,SELL,57.589993762792034,10,-1.9956096587507484,<80bp,0.0,neutral,0.0,1,1.239862706394186,9.979942715703304,84,NIGHTLY_20251106,weekly,WEEKLY_\NIGHTLY_20251106\RUN_refine_AM0930_j-only,2025-09-25 00:19:00+00:00,True
8411.T,refine,j-only,AM15,3,1.5,3.0,1.2,999.0,17.676139630713525,2025-09-25 00:12:00+00:00,2025-09-25,SELL,35.90450707297104,6,-1.9956096587507484,<80bp,0.0,neutral,0.0,2,1.3260376852807312,9.979942715703304,84,NIGHTLY_20251106,weekly,WEEKLY_\NIGHTLY_20251106\RUN_refine_AM0930_j-only,2025-09-25 00:18:00+00:00,True
8411.T,refine,j-only,AM15,3,1.5,3.0,1.2,999.0,17.676139630713525,2025-09-25 00:13:00+00:00,2025-09-25,SELL,29.66420803762784,5,-1.9956096587507484,<80bp,0.0,neutral,0.0,3,1.4463162366842233,9.979942715703304,84,NIGHTLY_20251106,weekly,WEEKLY_\NIGHTLY_20251106\RUN_refine_AM0930_j-only,2025-09-25 00:18:00+00:00,True
8411.T,refine,j-only,AM15,3,1.5,3.0,1.2,999.0,17.676139630713525,2025-09-25 00:25:00+00:00,2025-09-25,SELL,13.578604771232897,6,-1.9956096587507484,<80bp,0.0,neutral,0.2159119610319321,4,1.4660271651343586,9.979942715703304,84,NIGHTLY_20251106,weekly,WEEKLY_\NIGHTLY_20251106\RUN_refine_AM0930_j-only,2025-09-25 00:31:00+00:00,True
8411.T,refine,j-only,AM15,3,1.5,3.0,1.2,999.0,17.676139630713525,2025-09-25 00:27:00+00:00,2025-09-25,SELL,9.597839299978084,4,-1.9956096587507484,<80bp,0.0,neutral,0.2137079608343976,5,1.233952877329627,9.979942715703304,84,NIGHTLY_20251106,weekly,WEEKLY_\NIGHTLY_20251106\RUN_refine_AM0930_j-only,2025-09-25 00:31:00+00:00,True
8411.T,refine,j-only,AM15,3,1.5,3.0,1.2,999.0,17.676139630713525,2025-09-25 00:28:00+00:00,2025-09-25,SELL,8.191225684536722,3,-1.9956096587507484,<80bp,0.0,neutral,0.1375952582557155,6,1.565227583246776,9.979942715703304,84,NIGHTLY_20251106,weekly,WEEKLY_\NIGHTLY_20251106\RUN_refine_AM0930_j-only,2025-09-25 00:31:00+00:00,True
8411.T,refine,j-only,AM15,3,1.5,3.0,1.2,999.0,17.676139630713525,2025-09-26 00:15:00+00:00,2025-09-26,BUY,25.24679828596093,15,-1.973164956590371,<80bp,0.0,neutral,0.0,1,1.8219452981677724,20.88879039009948,84,NIGHTLY_20251106,weekly,WEEKLY_\NIGHTLY_20251106\RUN_refine_AM0930_j-only,2025-09-26 00:30:00+00:00,True
8411.T,refine,j-only,AM15,3,1.5,3.0,1.2,999.0,17.676139630713525,2025-09-26 00:25:00+00:00,2025-09-26,BUY,11.77672028724627,10,-1.973164956590371,<80bp,0.0,neutral,0.3263250660959335,2,1.615450540082589,20.88879039009948,84,NIGHTLY_20251106,weekly,WEEKLY_\NIGHTLY_20251106\RUN_refine_AM0930_j-only,2025-09-26 00:35:00+00:00,True
8411.T,refine,j-only,AM15,3,1.5,3.0,1.2,999.0,17.676139630713525,2025-09-26 00:26:00+00:00,2025-09-26,BUY,7.892756129496277,10,-1.973164956590371,<80bp,0.0,neutral,0.1883715139442231,3,1.3786935177927635,20.88879039009948,84,NIGHTLY_20251106,weekly,WEEKLY_\NIGHTLY_20251106\RUN_refine_AM0930_j-only,2025-09-26 00:36:00+00:00,True
8411.T,refine,j-only,AM15,3,1.5,3.0,1.2,999.0,17.676139630713525,2025-09-26 00:27:00+00:00,2025-09-26,BUY,6.443601998438298,9,-1.973164956590371,<80bp,0.0,neutral,0.4479786329974505,4,1.260630646101355,20.88879039009948,84,NIGHTLY_20251106,weekly,WEEKLY_\NIGHTLY_20251106\RUN_refine_AM0930_j-only,2025-09-26 00:36:00+00:00,True
8411.T,refine,j-only,AM15,3,1.5,3.0,1.2,999.0,17.676139630713525,2025-09-26 00:28:00+00:00,2025-09-26,BUY,5.97807776404299,7,-1.973164956590371,<80bp,0.0,neutral,0.2593701353131362,5,1.5364022947966636,20.88879039009948,84,NIGHTLY_20251106,weekly,WEEKLY_\NIGHTLY_20251106\RUN_refine_AM0930_j-only,2025-09-26 00:35:00+00:00,True
8411.T,refine,j-only,AM15,3,1.5,3.0,1.2,999.0,17.676139630713525,2025-09-26 00:29:00+00:00,2025-09-26,BUY,5.138252314577386,6,-1.973164956590371,<80bp,0.0,neutral,0.5655108215033744,6,1.3351130120241057,20.88879039009948,84,NIGHTLY_20251106,weekly,WEEKLY_\NIGHTLY_20251106\RUN_refine_AM0930_j-only,2025-09-26 00:35:00+00:00,True
8411.T,refine,j-only,AM15,3,1.5,3.0,1.2,999.0,17.676139630713525,2025-09-26 00:30:00+00:00,2025-09-26,BUY,12.787229790375054,4,-1.973164956590371,<80bp,0.0,neutral,1.1502419709634846,7,1.843718193281411,20.88879039009948,84,NIGHTLY_20251106,weekly,WEEKLY_\NIGHTLY_20251106\RUN_refine_AM0930_j-only,2025-09-26 00:34:00+00:00,True
5801.T,refine,j-only,AM15,5,1.5,2.0,1.7,5.082018094651752,34.04768520328547,2025-09-26 00:15:00+00:00,2025-09-26,BUY,43.325741916290575,1,56.54632448890822,<80bp,0.0,neutral,0.0,1,2.4406518194518787,26.61102150435626,58,NIGHTLY_20251106,weekly,WEEKLY_\NIGHTLY_20251106\RUN_refine_AM0930_j-only,2025-09-26 00:16:00+00:00,True
5801.T,refine,j-only,AM15,5,1.5,2.0,1.7,5.082018094651752,34.04768520328547,2025-09-26 00:24:00+00:00,2025-09-26,BUY,59.47555650599229,6,56.54632448890822,<80bp,0.0,neutral,1.0124826629681,2,2.092051537613188,26.61102150435626,58,NIGHTLY_20251106,weekly,WEEKLY_\NIGHTLY_20251106\RUN_refine_AM0930_j-only,2025-09-26 00:30:00+00:00,True
5801.T,refine,j-only,AM15,5,1.5,2.0,1.7,5.082018094651752,34.04768520328547,2025-09-26 00:25:00+00:00,2025-09-26,BUY,54.02946054328347,5,56.54632448890822,<80bp,0.0,neutral,1.0483870967741935,3,2.4060208274999537,26.61102150435626,58,NIGHTLY_20251106,weekly,WEEKLY_\NIGHTLY_20251106\RUN_refine_AM0930_j-only,2025-09-26 00:30:00+00:00,True
5801.T,refine,j-only,AM15,5,1.5,2.0,1.7,5.082018094651752,34.04768520328547,2025-09-26 00:26:00+00:00,2025-09-26,BUY,50.28231163346299,4,56.54632448890822,<80bp,0.0,neutral,1.1695051629341555,4,1.7266129925469855,26.61102150435626,58,NIGHTLY_20251106,weekly,WEEKLY_\NIGHTLY_20251106\RUN_refine_AM0930_j-only,2025-09-26 00:30:00+00:00,True
5801.T,refine,j-only,AM15,5,1.5,2.0,1.7,5.082018094651752,34.04768520328547,2025-10-15 00:25:00+00:00,2025-10-15,SELL,-83.40895217464778,71,32.71660649819495,<80bp,12.816856100690275,neutral,1.595196859485048,1,2.158269346327037,2.158269346327037,58,NIGHTLY_20251106,weekly,WEEKLY_\NIGHTLY_20251106\RUN_refine_AM0930_j-only,2025-10-15 01:36:00+00:00,False
5801.T,refine,j-only,AM15,5,1.5,2.0,1.7,5.082018094651752,34.04768520328547,2025-10-15 00:26:00+00:00,2025-10-15,SELL,48.493070590308605,12,32.71660649819495,<80bp,20.61699722972543,up,1.2671830678594806,2,2.675306329408437,2.675306329408437,58,NIGHTLY_20251106,weekly,WEEKLY_\NIGHTLY_20251106\RUN_refine_AM0930_j-only,2025-10-15 00:38:00+00:00,True
5801.T,refine,j-only,AM15,5,1.5,2.0,1.7,5.082018094651752,34.04768520328547,2025-10-15 00:27:00+00:00,2025-10-15,SELL,44.21720040577079,13,32.71660649819495,<80bp,9.654092482576091,neutral,0.8120586065141774,3,2.233416496544519,2.675306329408437,58,NIGHTLY_20251106,weekly,WEEKLY_\NIGHTLY_20251106\RUN_refine_AM0930_j-only,2025-10-15 00:40:00+00:00,True
5801.T,refine,j-only,AM15,5,1.5,2.0,1.7,5.082018094651752,34.04768520328547,2025-10-15 00:28:00+00:00,2025-10-15,SELL,44.49633822955084,10,32.71660649819495,<80bp,12.741675673213493,neutral,1.2254410585404971,4,2.65628314858824,2.675306329408437,58,NIGHTLY_20251106,weekly,WEEKLY_\NIGHTLY_20251106\RUN_refine_AM0930_j-only,2025-10-15 00:38:00+00:00,True
5801.T,refine,j-only,AM15,5,1.5,2.0,1.7,5.082018094651752,34.04768520328547,2025-10-15 00:29:00+00:00,2025-10-15,SELL,38.56458275243471,11,32.71660649819495,<80bp,9.009293104460523,neutral,0.4406779661016948,5,2.1061501712947583,2.675306329408437,58,NIGHTLY_20251106,weekly,WEEKLY_\NIGHTLY_20251106\RUN_refine_AM0930_j-only,2025-10-15 00:40:00+00:00,True
5801.T,refine,j-only,AM15,5,1.5,2.0,1.7,5.082018094651752,34.04768520328547,2025-10-15 00:30:00+00:00,2025-10-15,SELL,41.00154163040822,10,32.71660649819495,<80bp,7.131407331968376,neutral,1.0091064314171885,6,2.1785188441828045,2.675306329408437,58,NIGHTLY_20251106,weekly,WEEKLY_\NIGHTLY_20251106\RUN_refine_AM0930_j-only,2025-10-15 00:40:00+00:00,True
8411.T,refine,j-cross,AM15,3,1.5,2.0,1.2,999.0,25.238711912037083,2025-09-25 00:09:00+00:00,2025-09-25,SELL,56.698076476743765,10,-1.9956096587507484,<80bp,0.0,neutral,0.0,1,1.2594014339220678,1.2594014339220678,84,NIGHTLY_20251106,weekly,WEEKLY_\NIGHTLY_20251106\RUN_refine_AM0945_j-cross,2025-09-25 00:19:00+00:00,True
8411.T,refine,j-cross,AM15,3,1.5,2.0,1.2,999.0,25.238711912037083,2025-09-25 00:12:00+00:00,2025-09-25,SELL,35.63987241622678,6,-1.9956096587507484,<80bp,0.0,neutral,0.0,2,1.335299007768134,1.335299007768134,84,NIGHTLY_20251106,weekly,WEEKLY_\NIGHTLY_20251106\RUN_refine_AM0945_j-cross,2025-09-25 00:18:00+00:00,True
8411.T,refine,j-cross,AM15,3,1.5,2.0,1.2,999.0,25.238711912037083,2025-09-25 00:25:00+00:00,2025-09-25,SELL,13.577242880075731,6,-1.9956096587507484,<80bp,0.0,neutral,0.2159119610319321,3,1.4661351126797328,1.4661351126797328,84,NIGHTLY_20251106,weekly,WEEKLY_\NIGHTLY_20251106\RUN_refine_AM0945_j-cross,2025-09-25 00:31:00+00:00,True
8411.T,refine,j-cross,AM15,3,1.5,2.0,1.2,999.0,25.238711912037083,2025-09-25 00:27:00+00:00,2025-09-25,SELL,9.597233658060862,4,-1.9956096587507484,<80bp,0.0,neutral,0.2137079608343976,4,1.2340013014323246,1.4661351126797328,84,NIGHTLY_20251106,weekly,WEEKLY_\NIGHTLY_20251106\RUN_refine_AM0945_j-cross,2025-09-25 00:31:00+00:00,True
8411.T,refine,j-cross,AM15,3,1.5,2.0,1.2,999.0,25.238711912037083,2025-09-25 00:37:00+00:00,2025-09-25,SELL,10.68113412907827,8,-1.9956096587507484,<80bp,0.0,neutral,1.2360227077240666,5,1.6227946294750792,1.6227946294750792,84,NIGHTLY_20251106,weekly,WEEKLY_\NIGHTLY_20251106\RUN_refine_AM0945_j-cross,2025-09-25 00:45:00+00:00,True
6526.T,refine,j-cross,AM15,3,1.8,2.6,1.65,2.8180234823853407,31.78089998881377,2025-09-24 00:15:00+00:00,2025-09-24,BUY,80.7760312417374,6,23.704707077548257,<80bp,0.0,neutral,0.0,1,1.810702535299089,1.810702535299089,65,NIGHTLY_20251106,weekly,WEEKLY_\NIGHTLY_20251106\RUN_refine_AM0945_j-cross,2025-09-24 00:21:00+00:00,True
6526.T,refine,j-cross,AM15,3,1.8,2.6,1.65,2.8180234823853407,31.78089998881377,2025-09-24 00:19:00+00:00,2025-09-24,BUY,49.34822225119012,2,23.704707077548257,<80bp,0.0,neutral,0.7605518928838442,2,1.6957026999012337,1.9924538251337984,65,NIGHTLY_20251106,weekly,WEEKLY_\NIGHTLY_20251106\RUN_refine_AM0945_j-cross,2025-09-24 00:21:00+00:00,True
6526.T,refine,j-cross,AM15,3,1.8,2.6,1.65,2.8180234823853407,31.78089998881377,2025-09-24 00:26:00+00:00,2025-09-24,SELL,72.67471327462161,22,23.704707077548257,<80bp,0.0,neutral,1.3903454384410985,1,2.261831438665349,2.261831438665349,65,NIGHTLY_20251106,weekly,WEEKLY_\NIGHTLY_20251106\RUN_refine_AM0945_j-cross,2025-09-24 00:48:00+00:00,True
6526.T,refine,j-cross,AM15,3,1.8,2.6,1.65,2.8180234823853407,31.78089998881377,2025-09-24 00:35:00+00:00,2025-09-24,SELL,69.58739533875,10,23.704707077548257,<80bp,0.0,neutral,0.7747046560111188,2,1.677484631155577,3.1270385943407817,65,NIGHTLY_20251106,weekly,WEEKLY_\NIGHTLY_20251106\RUN_refine_AM0945_j-cross,2025-09-24 00:45:00+00:00,True
6526.T,refine,j-cross,AM15,3,1.8,2.6,1.65,2.8180234823853407,31.78089998881377,2025-10-03 00:14:00+00:00,2025-10-03,BUY,82.94039762001938,7,-13.086558235184146,<80bp,0.0,neutral,0.0,1,1.7339922105898342,1.7339922105898342,65,NIGHTLY_20251106,weekly,WEEKLY_\NIGHTLY_20251106\RUN_refine_AM0945_j-cross,2025-10-03 00:21:00+00:00,True
6526.T,refine,j-cross,AM15,3,1.8,2.6,1.65,2.8180234823853407,31.78089998881377,2025-10-03 00:28:00+00:00,2025-10-03,SELL,-97.40370191872164,5,-13.086558235184146,<80bp,0.0,neutral,0.3677770705141806,1,2.0934021484665988,2.0934021484665988,65,NIGHTLY_20251106,weekly,WEEKLY_\NIGHTLY_20251106\RUN_refine_AM0945_j-cross,2025-10-03 00:33:00+00:00,False
6526.T,refine,j-cross,AM15,3,1.8,2.6,1.65,2.8180234823853407,31.78089998881377,2025-10-10 00:35:00+00:00,2025-10-10,BUY,-59.92545398637167,7,-32.91183093712108,<80bp,5.679358754346886,neutral,0.5481431120931418,1,1.9151402685474928,8.396696199523099,65,NIGHTLY_20251106,weekly,WEEKLY_\NIGHTLY_20251106\RUN_refine_AM0945_j-cross,2025-10-10 00:42:00+00:00,False
6526.T,refine,j-cross,AM15,3,1.8,2.6,1.65,2.8180234823853407,31.78089998881377,2025-10-17 00:23:00+00:00,2025-10-17,BUY,50.01234893818948,7,-25.37641684994079,<80bp,2.2617874725749942,neutral,0.450277369880894,1,2.039563950809198,29.47048615724213,65,NIGHTLY_20251106,weekly,WEEKLY_\NIGHTLY_20251106\RUN_refine_AM0945_j-cross,2025-10-17 00:30:00+00:00,True
6526.T,refine,j-cross,AM15,3,1.8,2.6,1.65,2.8180234823853407,31.78089998881377,2025-10-17 00:44:00+00:00,2025-10-17,SELL,38.01814713990923,7,-25.37641684994079,<80bp,14.176790451883026,neutral,0.3842625264643613,1,1.6584739732056946,29.47048615724213,65,NIGHTLY_20251106,weekly,WEEKLY_\NIGHTLY_20251106\RUN_refine_AM0945_j-cross,2025-10-17 00:51:00+00:00,True
5801.T,refine,j-cross,AM15,3,1.5,2.0,1.2,0.4910152567173531,-22.95990916382402,2025-09-26 00:15:00+00:00,2025-09-26,BUY,-114.45538254252364,131,56.54632448890822,<80bp,0.0,neutral,0.0,1,1.4813158510632496,1.4813158510632496,58,NIGHTLY_20251106,weekly,WEEKLY_\NIGHTLY_20251106\RUN_refine_AM0945_j-cross,2025-09-26 02:26:00+00:00,False
5801.T,refine,j-cross,AM15,3,1.5,2.0,1.2,0.4910152567173531,-22.95990916382402,2025-09-26 00:23:00+00:00,2025-09-26,BUY,80.13773916463532,9,56.54632448890822,<80bp,0.0,neutral,0.0,2,1.374165472108655,1.4813158510632496,58,NIGHTLY_20251106,weekly,WEEKLY_\NIGHTLY_20251106\RUN_refine_AM0945_j-cross,2025-09-26 00:32:00+00:00,True
5801.T,refine,j-cross,AM15,3,1.5,2.0,1.2,0.4910152567173531,-22.95990916382402,2025-09-26 00:29:00+00:00,2025-09-26,BUY,34.11818312511158,1,56.54632448890822,<80bp,0.0,neutral,0.7059671028935046,3,1.6445473939275397,2.4007246892926184,58,NIGHTLY_20251106,weekly,WEEKLY_\NIGHTLY_20251106\RUN_refine_AM0945_j-cross,2025-09-26 00:30:00+00:00,True
5801.T,refine,j-cross,AM15,3,1.5,2.0,1.2,0.4910152567173531,-22.95990916382402,2025-09-26 00:44:00+00:00,2025-09-26,BUY,-48.530495803200765,7,56.54632448890822,<80bp,0.0,neutral,0.5701233439926907,4,1.2589753082515018,2.4007246892926184,58,NIGHTLY_20251106,weekly,WEEKLY_\NIGHTLY_20251106\RUN_refine_AM0945_j-cross,2025-09-26 00:51:00+00:00,False
5801.T,refine,j-cross,AM15,3,1.5,2.0,1.2,0.4910152567173531,-22.95990916382402,2025-10-10 00:12:00+00:00,2025-10-10,SELL,66.77662634312729,3,-29.52856124630893,<80bp,15.88602987947718,up,0.0,1,1.4518295017982303,13.170704476998155,58,NIGHTLY_20251106,weekly,WEEKLY_\NIGHTLY_20251106\RUN_refine_AM0945_j-cross,2025-10-10 00:15:00+00:00,True
5801.T,refine,j-cross,AM15,3,1.5,2.0,1.2,0.4910152567173531,-22.95990916382402,2025-10-10 00:21:00+00:00,2025-10-10,BUY,40.41413822183804,6,-29.52856124630893,<80bp,-4.770505889181154,neutral,0.5549510337323178,1,1.3769060216654012,13.170704476998155,58,NIGHTLY_20251106,weekly,WEEKLY_\NIGHTLY_20251106\RUN_refine_AM0945_j-cross,2025-10-10 00:27:00+00:00,True
5801.T,refine,j-cross,AM15,3,1.5,2.0,1.2,0.4910152567173531,-22.95990916382402,2025-10-10 00:38:00+00:00,2025-10-10,BUY,-57.02587032130454,6,-29.52856124630893,<80bp,-2.642867291310358,neutral,0.7667022762757827,2,1.879762906492345,13.170704476998155,58,NIGHTLY_20251106,weekly,WEEKLY_\NIGHTLY_20251106\RUN_refine_AM0945_j-cross,2025-10-10 00:44:00+00:00,False
5801.T,refine,j-cross,AM15,3,1.5,2.0,1.2,0.4910152567173531,-22.95990916382402,2025-10-15 00:08:00+00:00,2025-10-15,SELL,-93.37427687747696,18,32.71660649819495,<80bp,19.00055707613424,up,0.0,1,1.319537431527714,1.319537431527714,58,NIGHTLY_20251106,weekly,WEEKLY_\NIGHTLY_20251106\RUN_refine_AM0945_j-cross,2025-10-15 00:26:00+00:00,False
5801.T,refine,j-cross,AM15,3,1.5,2.0,1.2,0.4910152567173531,-22.95990916382402,2025-10-15 00:16:00+00:00,2025-10-15,SELL,-89.25449358952935,15,32.71660649819495,<80bp,4.669806459240977,neutral,0.0,2,1.3601885971576593,1.3601885971576593,58,NIGHTLY_20251106,weekly,WEEKLY_\NIGHTLY_20251106\RUN_refine_AM0945_j-cross,2025-10-15 00:31:00+00:00,False
5801.T,refine,j-cross,AM15,3,1.5,2.0,1.2,0.4910152567173531,-22.95990916382402,2025-10-15 00:24:00+00:00,2025-10-15,SELL,-78.83143838775872,7,32.71660649819495,<80bp,11.128107553035615,neutral,0.7450516618946844,3,1.3045445865498868,1.7183660807806465,58,NIGHTLY_20251106,weekly,WEEKLY_\NIGHTLY_20251106\RUN_refine_AM0945_j-cross,2025-10-15 00:31:00+00:00,False
5801.T,refine,j-cross,AM15,3,1.5,2.0,1.2,0.4910152567173531,-22.95990916382402,2025-10-15 00:34:00+00:00,2025-10-15,SELL,44.34514697292891,6,32.71660649819495,<80bp,-12.390788808002153,neutral,0.6189442031406616,4,1.7352814841726814,2.808790207369772,58,NIGHTLY_20251106,weekly,WEEKLY_\NIGHTLY_20251106\RUN_refine_AM0945_j-cross,2025-10-15 00:40:00+00:00,True
5801.T,refine,j-cross,AM15,3,1.5,2.0,1.2,0.4910152567173531,-22.95990916382402,2025-10-15 00:42:00+00:00,2025-10-15,SELL,-59.838786271735366,8,32.71660649819495,<80bp,-23.98953592987252,down,0.6427026470285303,5,1.5211682061746894,2.808790207369772,58,NIGHTLY_20251106,weekly,WEEKLY_\NIGHTLY_20251106\RUN_refine_AM0945_j-cross,2025-10-15 00:50:00+00:00,False
6857.T,refine,j-cross,AM15,5,1.7,2.2,1.6,4.965015914826477,32.65604424076012,2025-10-01 00:18:00+00:00,2025-10-01,BUY,40.22881963716053,17,-33.97893306150187,<80bp,0.0,neutral,0.0,1,1.8523965003677465,17.894166778094945,68,NIGHTLY_20251106,weekly,WEEKLY_\NIGHTLY_20251106\RUN_refine_AM0945_j-cross,2025-10-01 00:35:00+00:00,True
6857.T,refine,j-cross,AM15,5,1.7,2.2,1.6,4.965015914826477,32.65604424076012,2025-10-01 00:23:00+00:00,2025-10-01,BUY,43.24019528887448,7,-33.97893306150187,<80bp,0.0,neutral,1.2351945854483926,2,1.7698834542798725,17.894166778094945,68,NIGHTLY_20251106,weekly,WEEKLY_\NIGHTLY_20251106\RUN_refine_AM0945_j-cross,2025-10-01 00:30:00+00:00,True
6857.T,refine,j-cross,AM15,5,1.7,2.2,1.6,4.965015914826477,32.65604424076012,2025-10-01 00:35:00+00:00,2025-10-01,SELL,31.92382218811722,3,-33.97893306150187,<80bp,0.0,neutral,1.584368026549179,1,1.6132278637229656,17.894166778094945,68,NIGHTLY_20251106,weekly,WEEKLY_\NIGHTLY_20251106\RUN_refine_AM0945_j-cross,2025-10-01 00:38:00+00:00,True
6857.T,refine,j-cross,AM15,5,1.7,2.2,1.6,4.965015914826477,32.65604424076012,2025-10-01 00:42:00+00:00,2025-10-01,SELL,-52.927680938019215,3,-33.97893306150187,<80bp,0.0,neutral,0.2782281600622608,2,1.7760030599422805,17.894166778094945,68,NIGHTLY_20251106,weekly,WEEKLY_\NIGHTLY_20251106\RUN_refine_AM0945_j-cross,2025-10-01 00:45:00+00:00,False
6857.T,refine,j-cross,AM15,5,1.7,2.2,1.6,4.965015914826477,32.65604424076012,2025-10-03 00:17:00+00:00,2025-10-03,SELL,-70.61297416496012,3,0.0,<80bp,0.0,neutral,0.0,1,1.609276075387174,11.210689135807703,68,NIGHTLY_20251106,weekly,WEEKLY_\NIGHTLY_20251106\RUN_refine_AM0945_j-cross,2025-10-03 00:20:00+00:00,False
6857.T,refine,j-cross,AM15,5,1.7,2.2,1.6,4.965015914826477,32.65604424076012,2025-10-09 00:31:00+00:00,2025-10-09,SELL,53.31087872176217,10,-27.75464890369137,<80bp,-1.1245188636821446,neutral,0.4158277218481231,1,1.6864855283605105,10.657675124740187,68,NIGHTLY_20251106,weekly,WEEKLY_\NIGHTLY_20251106\RUN_refine_AM0945_j-cross,2025-10-09 00:41:00+00:00,True
6857.T,refine,j-cross,AM15,5,1.7,2.2,1.6,4.965015914826477,32.65604424076012,2025-10-10 00:25:00+00:00,2025-10-10,SELL,41.62286126521281,20,-19.46607341490545,<80bp,12.987214353157306,neutral,1.3219508573973722,1,1.6638163494665557,10.657675124740187,68,NIGHTLY_20251106,weekly,WEEKLY_\NIGHTLY_20251106\RUN_refine_AM0945_j-cross,2025-10-10 00:45:00+00:00,True
6857.T,refine,j-cross,AM15,5,1.7,2.2,1.6,4.965015914826477,32.65604424076012,2025-10-10 00:28:00+00:00,2025-10-10,SELL,41.40576020934321,17,-19.46607341490545,<80bp,3.407270318565025,neutral,1.3088865096359743,2,1.6160760369764973,10.657675124740187,68,NIGHTLY_20251106,weekly,WEEKLY_\NIGHTLY_20251106\RUN_refine_AM0945_j-cross,2025-10-10 00:45:00+00:00,True
6857.T,refine,j-cross,AM15,5,1.7,2.2,1.6,4.965015914826477,32.65604424076012,2025-10-10 00:31:00+00:00,2025-10-10,SELL,41.60696981069584,12,-19.46607341490545,<80bp,-14.50170243339155,neutral,0.8050118895189318,3,1.6681235057133632,10.657675124740187,68,NIGHTLY_20251106,weekly,WEEKLY_\NIGHTLY_20251106\RUN_refine_AM0945_j-cross,2025-10-10 00:43:00+00:00,True
6857.T,refine,j-cross,AM15,5,1.7,2.2,1.6,4.965015914826477,32.65604424076012,2025-10-10 00:34:00+00:00,2025-10-10,SELL,47.298868989069135,8,-19.46607341490545,<80bp,14.89564126010201,neutral,1.0835176991150444,4,2.015137541645439,10.657675124740187,68,NIGHTLY_20251106,weekly,WEEKLY_\NIGHTLY_20251106\RUN_refine_AM0945_j-cross,2025-10-10 00:42:00+00:00,True
6857.T,refine,j-cross,AM15,5,1.7,2.2,1.6,4.965015914826477,32.65604424076012,2025-10-10 00:40:00+00:00,2025-10-10,SELL,34.71714248569124,3,-19.46607341490545,<80bp,-13.64856149135618,neutral,1.0085448761928522,5,1.6547182162543763,10.657675124740187,68,NIGHTLY_20251106,weekly,WEEKLY_\NIGHTLY_20251106\RUN_refine_AM0945_j-cross,2025-10-10 00:43:00+00:00,True
6857.T,refine,j-cross,AM15,5,1.7,2.2,1.6,4.965015914826477,32.65604424076012,2025-10-15 00:17:00+00:00,2025-10-15,SELL,64.39201785629652,50,5.901445854234288,<80bp,13.249242858937029,neutral,0.0,1,1.606298926919472,1.606298926919472,68,NIGHTLY_20251106,weekly,WEEKLY_\NIGHTLY_20251106\RUN_refine_AM0945_j-cross,2025-10-15 01:07:00+00:00,True
6857.T,refine,j-cross,AM15,5,1.7,2.2,1.6,4.965015914826477,32.65604424076012,2025-10-15 00:19:00+00:00,2025-10-15,SELL,58.478605370715925,19,5.901445854234288,<80bp,-0.9163484095842112,neutral,0.7759237187127532,2,2.084486242381602,2.084486242381602,68,NIGHTLY_20251106,weekly,WEEKLY_\NIGHTLY_20251106\RUN_refine_AM0945_j-cross,2025-10-15 00:38:00+00:00,True
6857.T,refine,j-cross,AM15,5,1.7,2.2,1.6,4.965015914826477,32.65604424076012,2025-10-15 00:24:00+00:00,2025-10-15,SELL,66.38124432818164,9,5.901445854234288,<80bp,11.128107553035615,neutral,0.940504994106334,3,1.8217621077152253,2.09732364399012,68,NIGHTLY_20251106,weekly,WEEKLY_\NIGHTLY_20251106\RUN_refine_AM0945_j-cross,2025-10-15 00:33:00+00:00,True
6857.T,refine,j-cross,AM15,5,1.7,2.2,1.6,4.965015914826477,32.65604424076012,2025-10-15 00:28:00+00:00,2025-10-15,SELL,48.77413256326042,5,5.901445854234288,<80bp,12.741675673213493,neutral,0.6252972972972973,4,2.193591685171765,2.193591685171765,68,NIGHTLY_20251106,weekly,WEEKLY_\NIGHTLY_20251106\RUN_refine_AM0945_j-cross,2025-10-15 00:33:00+00:00,True
8035.T,refine,j-cross,AM15,5,1.5,3.0,1.8,2.9499227674319632,16.900274343411894,2025-09-24 00:25:00+00:00,2025-09-24,SELL,37.7051865558388,11,-24.376523532720796,<80bp,0.0,neutral,1.6288923191568638,1,2.550562045410261,2.550562045410261,80,NIGHTLY_20251106,weekly,WEEKLY_\NIGHTLY_20251106\RUN_refine_AM0945_j-cross,2025-09-24 00:36:00+00:00,True
8035.T,refine,j-cross,AM15,5,1.5,3.0,1.8,2.9499227674319632,16.900274343411894,2025-09-25 00:40:00+00:00,2025-09-25,SELL,-69.33720504497501,114,-64.14956011730206,<80bp,0.0,neutral,0.8921671935370565,1,2.039848394835758,18.051601962103323,80,NIGHTLY_20251106,weekly,WEEKLY_\NIGHTLY_20251106\RUN_refine_AM0945_j-cross,2025-09-25 02:34:00+00:00,False
8035.T,refine,j-cross,AM15,5,1.5,3.0,1.8,2.9499227674319632,16.900274343411894,2025-09-25 00:44:00+00:00,2025-09-25,SELL,24.63839884046901,6,-64.14956011730206,<80bp,0.0,neutral,1.0131203650884195,2,2.2885386623321997,18.051601962103323,80,NIGHTLY_20251106,weekly,WEEKLY_\NIGHTLY_20251106\RUN_refine_AM0945_j-cross,2025-09-25 00:50:00+00:00,True
8035.T,refine,j-cross,AM15,5,1.5,3.0,1.8,2.9499227674319632,16.900274343411894,2025-10-01 00:18:00+00:00,2025-10-01,BUY,31.60917849140155,15,-36.018957345971565,<80bp,0.0,neutral,0.0,1,1.99985428844564,9.910593095127304,80,NIGHTLY_20251106,weekly,WEEKLY_\NIGHTLY_20251106\RUN_refine_AM0945_j-cross,2025-10-01 00:33:00+00:00,True
8035.T,refine,j-cross,AM15,5,1.5,3.0,1.8,2.9499227674319632,16.900274343411894,2025-10-01 00:40:00+00:00,2025-10-01,SELL,27.04272469189973,32,-36.018957345971565,<80bp,0.0,neutral,0.8496978851963746,1,2.2764763737696647,9.910593095127304,80,NIGHTLY_20251106,weekly,WEEKLY_\NIGHTLY_20251106\RUN_refine_AM0945_j-cross,2025-10-01 01:12:00+00:00,True
8035.T,refine,j-cross,AM15,5,1.5,3.0,1.8,2.9499227674319632,16.900274343411894,2025-10-10 00:16:00+00:00,2025-10-10,SELL,45.49663546487199,7,-65.56825823806321,<80bp,-6.278688065627369,neutral,0.0,1,2.082278171821196,15.491387906719904,80,NIGHTLY_20251106,weekly,WEEKLY_\NIGHTLY_20251106\RUN_refine_AM0945_j-cross,2025-10-10 00:23:00+00:00,True
8035.T,refine,j-cross,AM15,5,1.5,3.0,1.8,2.9499227674319632,16.900274343411894,2025-10-15 00:33:00+00:00,2025-10-15,BUY,17.92127824975831,4,22.915564956812972,<80bp,-17.894223583501123,down,0.6746476481575819,1,1.991743864043762,1.991743864043762,80,NIGHTLY_20251106,weekly,WEEKLY_\NIGHTLY_20251106\RUN_refine_AM0945_j-cross,2025-10-15 00:37:00+00:00,True
8035.T,refine,j-cross,AM15,5,1.5,3.0,1.8,2.9499227674319632,16.900274343411894,2025-10-15 00:38:00+00:00,2025-10-15,BUY,20.125997498030788,10,22.915564956812972,<80bp,-0.7341547082728717,neutral,0.937009247949747,2,2.136136105702144,2.136136105702144,80,NIGHTLY_20251106,weekly,WEEKLY_\NIGHTLY_20251106\RUN_refine_AM0945_j-cross,2025-10-15 00:48:00+00:00,True
8035.T,refine,j-only,AM15,3,2.0,3.0,1.5,999.0,37.460304907329295,2025-10-01 00:18:00+00:00,2025-10-01,BUY,48.82849996689677,15,-36.018957345971565,<80bp,0.0,neutral,0.0,1,1.8730876239837688,11.917195465602155,80,NIGHTLY_20251106,weekly,WEEKLY_\NIGHTLY_20251106\RUN_refine_AM0945_j-only,2025-10-01 00:33:00+00:00,True
8035.T,refine,j-only,AM15,3,2.0,3.0,1.5,999.0,37.460304907329295,2025-10-01 00:19:00+00:00,2025-10-01,BUY,43.368972585360375,14,-36.018957345971565,<80bp,0.0,neutral,0.9806201550387597,2,1.947160058298019,11.917195465602155,80,NIGHTLY_20251106,weekly,WEEKLY_\NIGHTLY_20251106\RUN_refine_AM0945_j-only,2025-10-01 00:33:00+00:00,True
8035.T,refine,j-only,AM15,3,2.0,3.0,1.5,999.0,37.460304907329295,2025-10-01 00:20:00+00:00,2025-10-01,BUY,39.824746190497024,13,-36.018957345971565,<80bp,0.0,neutral,1.1475173902614535,3,2.031535533712219,11.917195465602155,80,NIGHTLY_20251106,weekly,WEEKLY_\NIGHTLY_20251106\RUN_refine_AM0945_j-only,2025-10-01 00:33:00+00:00,True
8035.T,refine,j-only,AM15,3,2.0,3.0,1.5,999.0,37.460304907329295,2025-10-01 00:21:00+00:00,2025-10-01,BUY,53.842805940034594,11,-36.018957345971565,<80bp,0.0,neutral,1.6694786934890762,4,2.426540331087139,11.917195465602155,80,NIGHTLY_20251106,weekly,WEEKLY_\NIGHTLY_20251106\RUN_refine_AM0945_j-only,2025-10-01 00:32:00+00:00,True
8035.T,refine,j-only,AM15,3,2.0,3.0,1.5,999.0,37.460304907329295,2025-10-01 00:22:00+00:00,2025-10-01,BUY,45.05695546958874,10,-36.018957345971565,<80bp,0.0,neutral,0.9339622641509432,5,2.647615964139495,11.917195465602155,80,NIGHTLY_20251106,weekly,WEEKLY_\NIGHTLY_20251106\RUN_refine_AM0945_j-only,2025-10-01 00:32:00+00:00,True
8035.T,refine,j-only,AM15,3,2.0,3.0,1.5,999.0,37.460304907329295,2025-10-01 00:23:00+00:00,2025-10-01,BUY,37.834639884899765,7,-36.018957345971565,<80bp,0.0,neutral,0.9512955386713424,6,3.3221327038272097,11.917195465602155,80,NIGHTLY_20251106,weekly,WEEKLY_\NIGHTLY_20251106\RUN_refine_AM0945_j-only,2025-10-01 00:30:00+00:00,True
8035.T,refine,j-only,AM15,3,2.0,3.0,1.5,999.0,37.460304907329295,2025-10-01 00:24:00+00:00,2025-10-01,BUY,48.35907395601671,5,-36.018957345971565,<80bp,0.0,neutral,1.3243587411315263,7,3.525346044661217,11.917195465602155,80,NIGHTLY_20251106,weekly,WEEKLY_\NIGHTLY_20251106\RUN_refine_AM0945_j-only,2025-10-01 00:29:00+00:00,True
8035.T,refine,j-only,AM15,3,2.0,3.0,1.5,999.0,37.460304907329295,2025-10-01 00:25:00+00:00,2025-10-01,BUY,49.02516948690471,7,-36.018957345971565,<80bp,0.0,neutral,1.7251627984638505,8,1.8136649298151637,11.917195465602155,80,NIGHTLY_20251106,weekly,WEEKLY_\NIGHTLY_20251106\RUN_refine_AM0945_j-only,2025-10-01 00:32:00+00:00,True
8035.T,refine,j-only,AM15,3,2.0,3.0,1.5,999.0,37.460304907329295,2025-10-01 00:26:00+00:00,2025-10-01,BUY,49.27366179386723,4,-36.018957345971565,<80bp,0.0,neutral,0.5619915392124959,9,2.31625549256375,11.917195465602155,80,NIGHTLY_20251106,weekly,WEEKLY_\NIGHTLY_20251106\RUN_refine_AM0945_j-only,2025-10-01 00:30:00+00:00,True
8035.T,refine,j-only,AM15,3,2.0,3.0,1.5,999.0,37.460304907329295,2025-10-01 00:40:00+00:00,2025-10-01,SELL,41.07927959503226,39,-36.018957345971565,<80bp,0.0,neutral,0.8496978851963746,1,2.1730730135666136,11.917195465602155,80,NIGHTLY_20251106,weekly,WEEKLY_\NIGHTLY_20251106\RUN_refine_AM0945_j-only,2025-10-01 01:19:00+00:00,True
8035.T,refine,j-only,AM15,3,2.0,3.0,1.5,999.0,37.460304907329295,2025-10-01 00:41:00+00:00,2025-10-01,SELL,39.83714242517232,38,-36.018957345971565,<80bp,0.0,neutral,0.6794888017208656,2,2.2869922681972623,11.917195465602155,80,NIGHTLY_20251106,weekly,WEEKLY_\NIGHTLY_20251106\RUN_refine_AM0945_j-only,2025-10-01 01:19:00+00:00,True
8035.T,refine,j-only,AM15,3,2.0,3.0,1.5,999.0,37.460304907329295,2025-10-01 00:42:00+00:00,2025-10-01,SELL,34.07912224832362,37,-36.018957345971565,<80bp,0.0,neutral,0.3283660820255835,3,2.069306196470787,11.917195465602155,80,NIGHTLY_20251106,weekly,WEEKLY_\NIGHTLY_20251106\RUN_refine_AM0945_j-only,2025-10-01 01:19:00+00:00,True
8035.T,refine,j-only,AM15,3,2.0,3.0,1.5,999.0,37.460304907329295,2025-10-01 00:43:00+00:00,2025-10-01,SELL,35.31080963249841,36,-36.018957345971565,<80bp,0.0,neutral,0.7000134102185865,4,2.2777630099972748,11.917195465602155,80,NIGHTLY_20251106,weekly,WEEKLY_\NIGHTLY_20251106\RUN_refine_AM0945_j-only,2025-10-01 01:19:00+00:00,True
8035.T,refine,j-only,AM15,3,2.0,3.0,1.5,999.0,37.460304907329295,2025-10-01 00:44:00+00:00,2025-10-01,SELL,30.490401207077497,29,-36.018957345971565,<80bp,0.0,neutral,0.350067842605156,5,2.8613489558336536,11.917195465602155,80,NIGHTLY_20251106,weekly,WEEKLY_\NIGHTLY_20251106\RUN_refine_AM0945_j-only,2025-10-01 01:13:00+00:00,True
8035.T,refine,j-only,AM15,3,2.0,3.0,1.5,999.0,37.460304907329295,2025-10-01 00:45:00+00:00,2025-10-01,SELL,26.02434236667144,25,-36.018957345971565,<80bp,0.0,neutral,0.3878771027387738,6,3.4647733669339047,11.917195465602155,80,NIGHTLY_20251106,weekly,WEEKLY_\NIGHTLY_20251106\RUN_refine_AM0945_j-only,2025-10-01 01:10:00+00:00,True
8035.T,refine,j-only,AM15,3,2.0,3.0,1.5,999.0,37.460304907329295,2025-10-10 00:16:00+00:00,2025-10-10,SELL,68.80376468782174,8,-65.56825823806321,<80bp,-6.278688065627369,neutral,0.0,1,1.9432823264991403,16.77997009521673,80,NIGHTLY_20251106,weekly,WEEKLY_\NIGHTLY_20251106\RUN_refine_AM0945_j-only,2025-10-10 00:24:00+00:00,True
8035.T,refine,j-only,AM15,3,2.0,3.0,1.5,999.0,37.460304907329295,2025-10-10 00:17:00+00:00,2025-10-10,SELL,64.10209371041257,6,-65.56825823806321,<80bp,-0.5761706937146283,neutral,0.0,2,2.4366242610577875,16.77997009521673,80,NIGHTLY_20251106,weekly,WEEKLY_\NIGHTLY_20251106\RUN_refine_AM0945_j-only,2025-10-10 00:23:00+00:00,True
8035.T,refine,j-only,AM15,3,2.0,3.0,1.5,999.0,37.460304907329295,2025-10-10 00:18:00+00:00,2025-10-10,SELL,53.131868283191686,4,-65.56825823806321,<80bp,-7.777253144224394,neutral,0.0,3,2.694794474435634,16.77997009521673,80,NIGHTLY_20251106,weekly,WEEKLY_\NIGHTLY_20251106\RUN_refine_AM0945_j-only,2025-10-10 00:22:00+00:00,True
8035.T,refine,j-only,AM15,3,2.0,3.0,1.5,999.0,37.460304907329295,2025-10-15 00:33:00+00:00,2025-10-15,BUY,25.280803714378635,17,22.915564956812972,<80bp,-17.894223583501123,down,0.6746476481575819,1,2.124551172265986,2.124551172265986,80,NIGHTLY_20251106,weekly,WEEKLY_\NIGHTLY_20251106\RUN_refine_AM0945_j-only,2025-10-15 00:50:00+00:00,True
8035.T,refine,j-only,AM15,3,2.0,3.0,1.5,999.0,37.460304907329295,2025-10-15 00:38:00+00:00,2025-10-15,BUY,33.0588188449008,20,22.915564956812972,<80bp,-0.7341547082728717,neutral,0.937009247949747,2,1.9515269439719083,2.124551172265986,80,NIGHTLY_20251106,weekly,WEEKLY_\NIGHTLY_20251106\RUN_refine_AM0945_j-only,2025-10-15 00:58:00+00:00,True
8035.T,refine,j-only,AM15,3,2.0,3.0,1.5,999.0,37.460304907329295,2025-10-15 00:39:00+00:00,2025-10-15,BUY,25.667440294678507,11,22.915564956812972,<80bp,-8.603338171382369,neutral,0.3633405639913232,3,2.046926043987644,2.124551172265986,80,NIGHTLY_20251106,weekly,WEEKLY_\NIGHTLY_20251106\RUN_refine_AM0945_j-only,2025-10-15 00:50:00+00:00,True
8035.T,refine,j-only,AM15,3,2.0,3.0,1.5,999.0,37.460304907329295,2025-10-15 00:40:00+00:00,2025-10-15,BUY,35.28406053775153,5,22.915564956812972,<80bp,-19.570004906789286,down,1.2146422628951747,4,2.853817730922552,2.853817730922552,80,NIGHTLY_20251106,weekly,WEEKLY_\NIGHTLY_20251106\RUN_refine_AM0945_j-only,2025-10-15 00:45:00+00:00,True
8035.T,refine,j-only,AM15,3,2.0,3.0,1.5,999.0,37.460304907329295,2025-10-15 00:42:00+00:00,2025-10-15,BUY,27.616397115916143,16,22.915564956812972,<80bp,-23.98953592987252,down,0.4665002879631407,5,1.7124941011513777,2.853817730922552,80,NIGHTLY_20251106,weekly,WEEKLY_\NIGHTLY_20251106\RUN_refine_AM0945_j-only,2025-10-15 00:58:00+00:00,True
8035.T,refine,j-only,AM15,3,2.0,3.0,1.5,999.0,37.460304907329295,2025-10-21 00:18:00+00:00,2025-10-21,SELL,41.02797689615283,14,9.572431397574984,<80bp,14.296021963480232,neutral,0.0,1,1.71898170696981,1.71898170696981,80,NIGHTLY_20251106,weekly,WEEKLY_\NIGHTLY_20251106\RUN_refine_AM0945_j-only,2025-10-21 00:32:00+00:00,True
8035.T,refine,j-only,AM15,3,2.0,3.0,1.5,999.0,37.460304907329295,2025-10-21 00:33:00+00:00,2025-10-21,BUY,20.82989877389293,24,9.572431397574984,<80bp,-10.660979971750528,neutral,0.6455252325049551,1,1.603949296402002,1.71898170696981,80,NIGHTLY_20251106,weekly,WEEKLY_\NIGHTLY_20251106\RUN_refine_AM0945_j-only,2025-10-21 00:57:00+00:00,True
8035.T,refine,j-only,AM15,3,2.0,3.0,1.5,999.0,37.460304907329295,2025-10-21 00:34:00+00:00,2025-10-21,BUY,19.877961365960864,23,9.572431397574984,<80bp,-14.432025474608867,neutral,0.9478812933707368,2,1.606630235979696,1.71898170696981,80,NIGHTLY_20251106,weekly,WEEKLY_\NIGHTLY_20251106\RUN_refine_AM0945_j-only,2025-10-21 00:57:00+00:00,True
8035.T,refine,j-only,AM15,3,2.0,3.0,1.5,999.0,37.460304907329295,2025-10-21 00:42:00+00:00,2025-10-21,BUY,33.05202137958887,15,9.572431397574984,<80bp,9.148272107124544,neutral,0.9044117647058824,3,1.6996102170911582,1.71898170696981,80,NIGHTLY_20251106,weekly,WEEKLY_\NIGHTLY_20251106\RUN_refine_AM0945_j-only,2025-10-21 00:57:00+00:00,True
8035.T,refine,j-only,AM15,3,2.0,3.0,1.5,999.0,37.460304907329295,2025-10-21 00:43:00+00:00,2025-10-21,BUY,28.16848127079237,14,9.572431397574984,<80bp,15.636364380411385,up,0.5378151260504201,4,1.731108504250472,1.731108504250472,80,NIGHTLY_20251106,weekly,WEEKLY_\NIGHTLY_20251106\RUN_refine_AM0945_j-only,2025-10-21 00:57:00+00:00,True
8035.T,refine,j-only,AM15,3,2.0,3.0,1.5,999.0,37.460304907329295,2025-10-21 00:44:00+00:00,2025-10-21,BUY,20.45547629923419,10,9.572431397574984,<80bp,15.610368967278188,up,0.3252032520325203,5,1.725725967465065,1.731108504250472,80,NIGHTLY_20251106,weekly,WEEKLY_\NIGHTLY_20251106\RUN_refine_AM0945_j-only,2025-10-21 00:54:00+00:00,True
8035.T,refine,j-only,AM15,3,2.0,3.0,1.5,999.0,37.460304907329295,2025-10-21 00:45:00+00:00,2025-10-21,BUY,20.235657633942694,9,9.572431397574984,<80bp,11.607220589333611,neutral,0.7266855066612838,6,1.9800725082610395,1.9800725082610395,80,NIGHTLY_20251106,weekly,WEEKLY_\NIGHTLY_20251106\RUN_refine_AM0945_j-only,2025-10-21 00:54:00+00:00,True
8035.T,refine,j-only,AM15,3,2.0,3.0,1.5,999.0,37.460304907329295,2025-10-22 00:29:00+00:00,2025-10-22,SELL,22.441108569750188,2,-42.13938411669368,<80bp,4.058895734511125,neutral,0.4395170142700329,1,2.0915854444949957,11.529749683339691,80,NIGHTLY_20251106,weekly,WEEKLY_\NIGHTLY_20251106\RUN_refine_AM0945_j-only,2025-10-22 00:31:00+00:00,True
6526.T,refine,j-cross,AM15,5,2.0,2.8,1.6,4.168783410184095,48.958231150960174,2025-09-24 00:15:00+00:00,2025-09-24,BUY,93.6152028580202,7,23.704707077548257,<80bp,0.0,neutral,0.0,1,1.7545664104874792,1.7545664104874792,65,NIGHTLY_20251106,weekly,WEEKLY_\NIGHTLY_20251106\RUN_refine_AM1000_j-cross,2025-09-24 00:22:00+00:00,True
6526.T,refine,j-cross,AM15,5,2.0,2.8,1.6,4.168783410184095,48.958231150960174,2025-09-24 00:25:00+00:00,2025-09-24,SELL,73.39406495285314,75,23.704707077548257,<80bp,0.0,neutral,1.6668557651396965,1,1.633015562424406,1.7911151807136685,65,NIGHTLY_20251106,weekly,WEEKLY_\NIGHTLY_20251106\RUN_refine_AM1000_j-cross,2025-09-24 01:40:00+00:00,True
6526.T,refine,j-cross,AM15,5,2.0,2.8,1.6,4.168783410184095,48.958231150960174,2025-09-24 00:30:00+00:00,2025-09-24,SELL,102.52110837050064,18,23.704707077548257,<80bp,0.0,neutral,1.5318565882621604,2,1.777063634666139,3.2686162808900368,65,NIGHTLY_20251106,weekly,WEEKLY_\NIGHTLY_20251106\RUN_refine_AM1000_j-cross,2025-09-24 00:48:00+00:00,True
6526.T,refine,j-cross,AM15,5,2.0,2.8,1.6,4.168783410184095,48.958231150960174,2025-09-24 00:35:00+00:00,2025-09-24,SELL,81.44695172771424,12,23.704707077548257,<80bp,0.0,neutral,0.7747046560111188,3,1.6148472172234916,3.2686162808900368,65,NIGHTLY_20251106,weekly,WEEKLY_\NIGHTLY_20251106\RUN_refine_AM1000_j-cross,2025-09-24 00:47:00+00:00,True
6526.T,refine,j-cross,AM15,5,2.0,2.8,1.6,4.168783410184095,48.958231150960174,2025-09-24 00:56:00+00:00,2025-09-24,BUY,36.55924563649983,11,23.704707077548257,<80bp,0.0,neutral,0.9524777429976828,2,2.001277316766418,3.2686162808900368,65,NIGHTLY_20251106,weekly,WEEKLY_\NIGHTLY_20251106\RUN_refine_AM1000_j-cross,2025-09-24 01:07:00+00:00,True
6526.T,refine,j-cross,AM15,5,2.0,2.8,1.6,4.168783410184095,48.958231150960174,2025-09-24 00:58:00+00:00,2025-09-24,BUY,32.942705274344355,10,23.704707077548257,<80bp,0.0,neutral,0.4692041522491349,3,1.7795163058875465,3.2686162808900368,65,NIGHTLY_20251106,weekly,WEEKLY_\NIGHTLY_20251106\RUN_refine_AM1000_j-cross,2025-09-24 01:08:00+00:00,True
6526.T,refine,j-cross,AM15,5,2.0,2.8,1.6,4.168783410184095,48.958231150960174,2025-10-03 00:14:00+00:00,2025-10-03,BUY,94.78790203727536,7,-13.086558235184146,<80bp,0.0,neutral,0.0,1,1.7062261158826904,1.7062261158826904,65,NIGHTLY_20251106,weekly,WEEKLY_\NIGHTLY_20251106\RUN_refine_AM1000_j-cross,2025-10-03 00:21:00+00:00,True
6526.T,refine,j-cross,AM15,5,2.0,2.8,1.6,4.168783410184095,48.958231150960174,2025-10-03 00:27:00+00:00,2025-10-03,SELL,-123.60133164952634,8,-13.086558235184146,<80bp,0.0,neutral,0.5926351302849759,1,1.7020468744719996,1.7062261158826904,65,NIGHTLY_20251106,weekly,WEEKLY_\NIGHTLY_20251106\RUN_refine_AM1000_j-cross,2025-10-03 00:35:00+00:00,False
6857.T,refine,j-cross,AM15,3,1.6,2.7,1.2,2.4447484929275363,21.45453627445348,2025-10-01 00:18:00+00:00,2025-10-01,BUY,41.497761610924485,17,-33.97893306150187,<80bp,0.0,neutral,0.0,1,1.7469350332793967,20.28983152789963,68,NIGHTLY_20251106,weekly,WEEKLY_\NIGHTLY_20251106\RUN_refine_AM1000_j-cross,2025-10-01 00:35:00+00:00,True
6857.T,refine,j-cross,AM15,3,1.6,2.7,1.2,2.4447484929275363,21.45453627445348,2025-10-01 00:21:00+00:00,2025-10-01,BUY,46.247305121713424,14,-33.97893306150187,<80bp,0.0,neutral,0.8464519976147883,2,1.2143044749136285,20.28983152789963,68,NIGHTLY_20251106,weekly,WEEKLY_\NIGHTLY_20251106\RUN_refine_AM1000_j-cross,2025-10-01 00:35:00+00:00,True
6857.T,refine,j-cross,AM15,3,1.6,2.7,1.2,2.4447484929275363,21.45453627445348,2025-10-01 00:35:00+00:00,2025-10-01,SELL,31.18127713014647,3,-33.97893306150187,<80bp,0.0,neutral,1.584368026549179,1,1.6038030184797056,20.28983152789963,68,NIGHTLY_20251106,weekly,WEEKLY_\NIGHTLY_20251106\RUN_refine_AM1000_j-cross,2025-10-01 00:38:00+00:00,True
6857.T,refine,j-cross,AM15,3,1.6,2.7,1.2,2.4447484929275363,21.45453627445348,2025-10-01 00:41:00+00:00,2025-10-01,SELL,-67.65094692365024,5,-33.97893306150187,<80bp,0.0,neutral,0.6211612739821439,2,1.6689121620276164,20.28983152789963,68,NIGHTLY_20251106,weekly,WEEKLY_\NIGHTLY_20251106\RUN_refine_AM1000_j-cross,2025-10-01 00:46:00+00:00,False
6857.T,refine,j-cross,AM15,3,1.6,2.7,1.2,2.4447484929275363,21.45453627445348,2025-10-03 00:09:00+00:00,2025-10-03,BUY,53.52142905795922,1,0.0,<80bp,0.0,neutral,0.0,1,1.2045705584684263,12.052703570485486,68,NIGHTLY_20251106,weekly,WEEKLY_\NIGHTLY_20251106\RUN_refine_AM1000_j-cross,2025-10-03 00:10:00+00:00,True
6857.T,refine,j-cross,AM15,3,1.6,2.7,1.2,2.4447484929275363,21.45453627445348,2025-10-03 00:16:00+00:00,2025-10-03,SELL,-88.97947700780882,4,0.0,<80bp,0.0,neutral,0.0,1,1.2992575073551094,12.052703570485486,68,NIGHTLY_20251106,weekly,WEEKLY_\NIGHTLY_20251106\RUN_refine_AM1000_j-cross,2025-10-03 00:20:00+00:00,False
6857.T,refine,j-cross,AM15,3,1.6,2.7,1.2,2.4447484929275363,21.45453627445348,2025-10-09 00:17:00+00:00,2025-10-09,SELL,-100.97500601170012,5,-27.75464890369137,<80bp,27.05821139680653,up,0.0,1,1.7730949357417536,11.751396091527342,68,NIGHTLY_20251106,weekly,WEEKLY_\NIGHTLY_20251106\RUN_refine_AM1000_j-cross,2025-10-09 00:22:00+00:00,False
6857.T,refine,j-cross,AM15,3,1.6,2.7,1.2,2.4447484929275363,21.45453627445348,2025-10-09 00:28:00+00:00,2025-10-09,SELL,63.98245646478124,14,-27.75464890369137,<80bp,-0.0097040530677716,neutral,0.6647588765235825,2,1.3684004581119904,11.751396091527342,68,NIGHTLY_20251106,weekly,WEEKLY_\NIGHTLY_20251106\RUN_refine_AM1000_j-cross,2025-10-09 00:42:00+00:00,True
6857.T,refine,j-cross,AM15,3,1.6,2.7,1.2,2.4447484929275363,21.45453627445348,2025-10-09 00:30:00+00:00,2025-10-09,SELL,50.99009538569169,12,-27.75464890369137,<80bp,-3.7148541988485375,neutral,0.5889084507042254,3,1.5658812782007894,11.751396091527342,68,NIGHTLY_20251106,weekly,WEEKLY_\NIGHTLY_20251106\RUN_refine_AM1000_j-cross,2025-10-09 00:42:00+00:00,True
6857.T,refine,j-cross,AM15,3,1.6,2.7,1.2,2.4447484929275363,21.45453627445348,2025-10-09 01:00:00+00:00,2025-10-09,BUY,-83.94490683035697,16,-27.75464890369137,<80bp,-4.672947750017364,neutral,1.85588035350102,1,1.7164429390960034,11.751396091527342,68,NIGHTLY_20251106,weekly,WEEKLY_\NIGHTLY_20251106\RUN_refine_AM1000_j-cross,2025-10-09 01:16:00+00:00,False
6857.T,refine,j-cross,AM15,3,1.6,2.7,1.2,2.4447484929275363,21.45453627445348,2025-10-10 00:25:00+00:00,2025-10-10,SELL,42.534554260398615,21,-19.46607341490545,<80bp,12.987214353157306,neutral,1.3219508573973722,1,1.5841524299081835,11.751396091527342,68,NIGHTLY_20251106,weekly,WEEKLY_\NIGHTLY_20251106\RUN_refine_AM1000_j-cross,2025-10-10 00:46:00+00:00,True
6857.T,refine,j-cross,AM15,3,1.6,2.7,1.2,2.4447484929275363,21.45453627445348,2025-10-10 00:28:00+00:00,2025-10-10,SELL,41.81881435507882,17,-19.46607341490545,<80bp,3.407270318565025,neutral,1.3088865096359743,2,1.5566251071350563,11.751396091527342,68,NIGHTLY_20251106,weekly,WEEKLY_\NIGHTLY_20251106\RUN_refine_AM1000_j-cross,2025-10-10 00:45:00+00:00,True
6857.T,refine,j-cross,AM15,3,1.6,2.7,1.2,2.4447484929275363,21.45453627445348,2025-10-10 00:30:00+00:00,2025-10-10,SELL,48.46667686916552,16,-19.46607341490545,<80bp,-16.833574884487223,down,0.9983660130718954,3,1.3536801352444077,11.751396091527342,68,NIGHTLY_20251106,weekly,WEEKLY_\NIGHTLY_20251106\RUN_refine_AM1000_j-cross,2025-10-10 00:46:00+00:00,True
6857.T,refine,j-cross,AM15,3,1.6,2.7,1.2,2.4447484929275363,21.45453627445348,2025-10-10 00:37:00+00:00,2025-10-10,SELL,46.45023454075108,6,-19.46607341490545,<80bp,7.863732768105258,neutral,0.9596541786743517,4,1.3696943301493365,11.751396091527342,68,NIGHTLY_20251106,weekly,WEEKLY_\NIGHTLY_20251106\RUN_refine_AM1000_j-cross,2025-10-10 00:43:00+00:00,True
6857.T,refine,j-cross,AM15,3,1.6,2.7,1.2,2.4447484929275363,21.45453627445348,2025-10-10 00:39:00+00:00,2025-10-10,SELL,27.129158028196,4,-19.46607341490545,<80bp,-25.866091040220866,down,0.3062918998708407,5,1.4633616224485189,11.751396091527342,68,NIGHTLY_20251106,weekly,WEEKLY_\NIGHTLY_20251106\RUN_refine_AM1000_j-cross,2025-10-10 00:43:00+00:00,True
6857.T,refine,j-cross,AM15,3,1.6,2.7,1.2,2.4447484929275363,21.45453627445348,2025-10-10 00:46:00+00:00,2025-10-10,BUY,25.59476225953877,7,-19.46607341490545,<80bp,-12.489097605503652,neutral,1.2581267414445954,1,1.65400669790055,11.751396091527342,68,NIGHTLY_20251106,weekly,WEEKLY_\NIGHTLY_20251106\RUN_refine_AM1000_j-cross,2025-10-10 00:53:00+00:00,True
6857.T,refine,j-cross,AM15,3,1.6,2.7,1.2,2.4447484929275363,21.45453627445348,2025-10-10 00:55:00+00:00,2025-10-10,SELL,33.627839585446374,12,-19.46607341490545,<80bp,17.10805530314552,up,1.2823806465424965,6,1.4598047616095438,11.751396091527342,68,NIGHTLY_20251106,weekly,WEEKLY_\NIGHTLY_20251106\RUN_refine_AM1000_j-cross,2025-10-10 01:07:00+00:00,True
6857.T,refine,j-cross,AM15,3,1.6,2.7,1.2,2.4447484929275363,21.45453627445348,2025-10-15 00:14:00+00:00,2025-10-15,SELL,55.17022887182791,56,5.901445854234288,<80bp,2.476245077653872,neutral,0.0,1,1.3449734543355043,1.3449734543355043,68,NIGHTLY_20251106,weekly,WEEKLY_\NIGHTLY_20251106\RUN_refine_AM1000_j-cross,2025-10-15 01:10:00+00:00,True
6857.T,refine,j-cross,AM15,3,1.6,2.7,1.2,2.4447484929275363,21.45453627445348,2025-10-15 00:23:00+00:00,2025-10-15,SELL,60.98883626046542,17,5.901445854234288,<80bp,5.199583204724689,neutral,0.5937113469175185,2,1.5520507562133488,2.2580690836167787,68,NIGHTLY_20251106,weekly,WEEKLY_\NIGHTLY_20251106\RUN_refine_AM1000_j-cross,2025-10-15 00:40:00+00:00,True
6857.T,refine,j-cross,AM15,3,1.6,2.7,1.2,2.4447484929275363,21.45453627445348,2025-10-15 00:37:00+00:00,2025-10-15,SELL,32.55750725508437,1,5.901445854234288,<80bp,10.099029446504204,neutral,0.5321626948575524,3,1.277205098074103,2.480987161693288,68,NIGHTLY_20251106,weekly,WEEKLY_\NIGHTLY_20251106\RUN_refine_AM1000_j-cross,2025-10-15 00:38:00+00:00,True
6857.T,refine,j-cross,AM15,3,1.6,2.7,1.2,2.4447484929275363,21.45453627445348,2025-10-15 00:47:00+00:00,2025-10-15,SELL,37.1803664012596,8,5.901445854234288,<80bp,23.030606975154026,up,0.9113615241635687,4,1.6312204482121426,2.480987161693288,68,NIGHTLY_20251106,weekly,WEEKLY_\NIGHTLY_20251106\RUN_refine_AM1000_j-cross,2025-10-15 00:55:00+00:00,True
6857.T,refine,j-cross,AM15,3,1.6,2.7,1.2,2.4447484929275363,21.45453627445348,2025-10-16 00:15:00+00:00,2025-10-16,SELL,47.24984758388626,16,-63.2183908045977,<80bp,8.243803028282759,neutral,0.0,1,1.3524538837869513,8.720675159345566,68,NIGHTLY_20251106,weekly,WEEKLY_\NIGHTLY_20251106\RUN_refine_AM1000_j-cross,2025-10-16 00:31:00+00:00,True
6857.T,refine,j-cross,AM15,3,1.6,2.7,1.2,2.4447484929275363,21.45453627445348,2025-10-16 00:17:00+00:00,2025-10-16,SELL,48.815520043630855,7,-63.2183908045977,<80bp,12.355894338391682,neutral,0.0,2,1.2908718478717844,8.720675159345566,68,NIGHTLY_20251106,weekly,WEEKLY_\NIGHTLY_20251106\RUN_refine_AM1000_j-cross,2025-10-16 00:24:00+00:00,True
8411.T,refine,j-cross,AM15,3,1.5,3.0,1.2,999.0,23.64315570223185,2025-09-25 00:09:00+00:00,2025-09-25,SELL,56.698076476743765,10,-1.9956096587507484,<80bp,0.0,neutral,0.0,1,1.2594014339220678,1.2594014339220678,84,NIGHTLY_20251106,weekly,WEEKLY_\NIGHTLY_20251106\RUN_refine_AM1000_j-cross,2025-09-25 00:19:00+00:00,True
8411.T,refine,j-cross,AM15,3,1.5,3.0,1.2,999.0,23.64315570223185,2025-09-25 00:12:00+00:00,2025-09-25,SELL,35.63987241622678,6,-1.9956096587507484,<80bp,0.0,neutral,0.0,2,1.335299007768134,1.335299007768134,84,NIGHTLY_20251106,weekly,WEEKLY_\NIGHTLY_20251106\RUN_refine_AM1000_j-cross,2025-09-25 00:18:00+00:00,True
8411.T,refine,j-cross,AM15,3,1.5,3.0,1.2,999.0,23.64315570223185,2025-09-25 00:25:00+00:00,2025-09-25,SELL,13.577242880075731,6,-1.9956096587507484,<80bp,0.0,neutral,0.2159119610319321,3,1.4661351126797328,1.4661351126797328,84,NIGHTLY_20251106,weekly,WEEKLY_\NIGHTLY_20251106\RUN_refine_AM1000_j-cross,2025-09-25 00:31:00+00:00,True
8411.T,refine,j-cross,AM15,3,1.5,3.0,1.2,999.0,23.64315570223185,2025-09-25 00:27:00+00:00,2025-09-25,SELL,9.597233658060862,4,-1.9956096587507484,<80bp,0.0,neutral,0.2137079608343976,4,1.2340013014323246,1.4661351126797328,84,NIGHTLY_20251106,weekly,WEEKLY_\NIGHTLY_20251106\RUN_refine_AM1000_j-cross,2025-09-25 00:31:00+00:00,True
8411.T,refine,j-cross,AM15,3,1.5,3.0,1.2,999.0,23.64315570223185,2025-09-25 00:37:00+00:00,2025-09-25,SELL,10.68113412907827,8,-1.9956096587507484,<80bp,0.0,neutral,1.2360227077240666,5,1.6227946294750792,1.6227946294750792,84,NIGHTLY_20251106,weekly,WEEKLY_\NIGHTLY_20251106\RUN_refine_AM1000_j-cross,2025-09-25 00:45:00+00:00,True
8411.T,refine,j-cross,AM15,3,1.5,3.0,1.2,999.0,23.64315570223185,2025-09-25 00:47:00+00:00,2025-09-25,BUY,15.665374653205731,42,-1.9956096587507484,<80bp,0.0,neutral,1.318003913894325,1,1.6050618464653867,3.84633925095176,84,NIGHTLY_20251106,weekly,WEEKLY_\NIGHTLY_20251106\RUN_refine_AM1000_j-cross,2025-09-25 01:29:00+00:00,True
285A.T,refine,j-cross,AM15,5,1.5,3.0,1.8,999.0,70.11010351735865,2025-09-29 00:11:00+00:00,2025-09-29,SELL,147.0316458250609,21,,<80bp,0.0,neutral,0.0,1,1.851940582641492,1.851940582641492,28,NIGHTLY_20251106,weekly,WEEKLY_\NIGHTLY_20251106\RUN_refine_AM1000_j-cross,2025-09-29 00:32:00+00:00,True
285A.T,refine,j-cross,AM15,5,1.5,3.0,1.8,999.0,70.11010351735865,2025-09-29 00:54:00+00:00,2025-09-29,BUY,40.677461394837785,8,,<80bp,0.0,neutral,0.4256974547071246,1,1.8243452097156505,1.851940582641492,28,NIGHTLY_20251106,weekly,WEEKLY_\NIGHTLY_20251106\RUN_refine_AM1000_j-cross,2025-09-29 01:02:00+00:00,True
285A.T,refine,j-cross,AM15,5,1.5,3.0,1.8,999.0,70.11010351735865,2025-09-29 00:59:00+00:00,2025-09-29,BUY,42.0278498726158,1,,<80bp,0.0,neutral,0.815049823495241,2,2.561112727645646,2.561112727645646,28,NIGHTLY_20251106,weekly,WEEKLY_\NIGHTLY_20251106\RUN_refine_AM1000_j-cross,2025-09-29 01:00:00+00:00,True
285A.T,refine,j-cross,AM15,5,1.5,3.0,1.8,999.0,70.11010351735865,2025-10-08 00:17:00+00:00,2025-10-08,SELL,122.3094458300124,163,-68.02721088435374,<80bp,4.387684411579773,neutral,0.0,1,2.08701892666636,2.08701892666636,28,NIGHTLY_20251106,weekly,WEEKLY_\NIGHTLY_20251106\RUN_refine_AM1000_j-cross,2025-10-08 03:00:00+00:00,True
285A.T,refine,j-cross,AM15,5,1.5,3.0,1.8,999.0,70.11010351735865,2025-10-08 00:19:00+00:00,2025-10-08,SELL,115.22425950837632,161,-68.02721088435374,<80bp,1.1482333353662888,neutral,0.5491478296689151,2,2.0057045203380865,2.08701892666636,28,NIGHTLY_20251106,weekly,WEEKLY_\NIGHTLY_20251106\RUN_refine_AM1000_j-cross,2025-10-08 03:00:00+00:00,True
285A.T,refine,j-cross,AM15,5,1.5,3.0,1.8,999.0,70.11010351735865,2025-10-08 00:33:00+00:00,2025-10-08,SELL,87.23678727096465,128,-68.02721088435374,<80bp,10.54883142046048,neutral,0.8663961868013392,3,2.6137356595718373,3.647134131920661,28,NIGHTLY_20251106,weekly,WEEKLY_\NIGHTLY_20251106\RUN_refine_AM1000_j-cross,2025-10-08 02:41:00+00:00,True
285A.T,refine,j-cross,AM15,5,1.5,3.0,1.8,999.0,70.11010351735865,2025-10-08 00:36:00+00:00,2025-10-08,SELL,84.94762388108808,125,-68.02721088435374,<80bp,10.822337297671236,neutral,0.2649744537449723,4,2.148025642111837,3.647134131920661,28,NIGHTLY_20251106,weekly,WEEKLY_\NIGHTLY_20251106\RUN_refine_AM1000_j-cross,2025-10-08 02:41:00+00:00,True
285A.T,refine,j-cross,AM15,5,1.5,3.0,1.8,999.0,70.11010351735865,2025-10-08 00:46:00+00:00,2025-10-08,SELL,74.4140291393981,115,-68.02721088435374,<80bp,8.27208718744199,neutral,0.2092671198313989,5,2.131517430996577,3.647134131920661,28,NIGHTLY_20251106,weekly,WEEKLY_\NIGHTLY_20251106\RUN_refine_AM1000_j-cross,2025-10-08 02:41:00+00:00,True
285A.T,refine,j-cross,AM15,5,1.5,3.0,1.8,999.0,70.11010351735865,2025-10-08 00:49:00+00:00,2025-10-08,SELL,74.0070885835517,110,-68.02721088435374,<80bp,3.628101275809925,neutral,2.2867383512544803,6,2.362750046635751,3.647134131920661,28,NIGHTLY_20251106,weekly,WEEKLY_\NIGHTLY_20251106\RUN_refine_AM1000_j-cross,2025-10-08 02:39:00+00:00,True
285A.T,refine,j-cross,AM15,5,1.5,3.0,1.8,999.0,70.11010351735865,2025-10-08 00:58:00+00:00,2025-10-08,SELL,64.65850912332313,101,-68.02721088435374,<80bp,-12.72528680392293,neutral,0.3983562820080346,7,1.8524783117178123,3.647134131920661,28,NIGHTLY_20251106,weekly,WEEKLY_\NIGHTLY_20251106\RUN_refine_AM1000_j-cross,2025-10-08 02:39:00+00:00,True
285A.T,refine,j-cross,AM15,5,1.5,3.0,1.8,999.0,70.11010351735865,2025-10-08 01:00:00+00:00,2025-10-08,SELL,57.66669886734505,99,-68.02721088435374,<80bp,-15.932442485691034,down,0.2975644886735629,8,2.070912611337196,3.647134131920661,28,NIGHTLY_20251106,weekly,WEEKLY_\NIGHTLY_20251106\RUN_refine_AM1000_j-cross,2025-10-08 02:39:00+00:00,True
285A.T,refine,j-cross,AM15,5,1.5,3.0,1.8,999.0,70.11010351735865,2025-10-10 00:26:00+00:00,2025-10-10,SELL,65.80464303275205,2,-16.10305958132045,<80bp,12.251407805328183,neutral,2.090909090909091,1,2.235073429083019,17.087654308986732,28,NIGHTLY_20251106,weekly,WEEKLY_\NIGHTLY_20251106\RUN_refine_AM1000_j-cross,2025-10-10 00:28:00+00:00,True
285A.T,refine,j-cross,AM15,5,1.5,3.0,1.8,999.0,70.11010351735865,2025-10-10 00:39:00+00:00,2025-10-10,BUY,50.99660189709118,14,-16.10305958132045,<80bp,-25.866091040220866,down,0.1691616766467066,1,1.9147781720021737,17.087654308986732,28,NIGHTLY_20251106,weekly,WEEKLY_\NIGHTLY_20251106\RUN_refine_AM1000_j-cross,2025-10-10 00:53:00+00:00,True
285A.T,refine,j-cross,AM15,5,1.5,3.0,1.8,999.0,70.11010351735865,2025-10-10 00:49:00+00:00,2025-10-10,BUY,31.70391357103881,4,-16.10305958132045,<80bp,-11.921262078083972,neutral,0.3974038410384636,2,1.865637092012541,17.087654308986732,28,NIGHTLY_20251106,weekly,WEEKLY_\NIGHTLY_20251106\RUN_refine_AM1000_j-cross,2025-10-10 00:53:00+00:00,True
285A.T,refine,j-cross,AM15,5,1.5,3.0,1.8,999.0,70.11010351735865,2025-10-15 00:39:00+00:00,2025-10-15,BUY,48.06538674224317,8,-33.16749585406302,<80bp,-8.603338171382369,neutral,0.3333930811973472,1,1.8166888442692417,1.8166888442692417,28,NIGHTLY_20251106,weekly,WEEKLY_\NIGHTLY_20251106\RUN_refine_AM1000_j-cross,2025-10-15 00:47:00+00:00,True
285A.T,refine,j-cross,AM15,5,1.5,3.0,1.8,999.0,70.11010351735865,2025-10-15 00:46:00+00:00,2025-10-15,BUY,39.09884884173691,1,-33.16749585406302,<80bp,21.977143472242663,up,0.5580069241735116,2,1.9128667183530503,2.4598775559205905,28,NIGHTLY_20251106,weekly,WEEKLY_\NIGHTLY_20251106\RUN_refine_AM1000_j-cross,2025-10-15 00:47:00+00:00,True
285A.T,refine,j-cross,AM15,5,1.5,3.0,1.8,999.0,70.11010351735865,2025-10-15 00:55:00+00:00,2025-10-15,BUY,46.00096641366103,26,-33.16749585406302,<80bp,-7.212140005792289,neutral,0.5053176200057488,3,2.0558305944847617,2.4598775559205905,28,NIGHTLY_20251106,weekly,WEEKLY_\NIGHTLY_20251106\RUN_refine_AM1000_j-cross,2025-10-15 01:21:00+00:00,True
5801.T,refine,j-cross,AM15,3,1.5,2.0,1.2,0.4431972081706131,-25.68636617884933,2025-09-26 00:15:00+00:00,2025-09-26,BUY,-114.45538254252364,131,56.54632448890822,<80bp,0.0,neutral,0.0,1,1.4813158510632496,1.4813158510632496,58,NIGHTLY_20251106,weekly,WEEKLY_\NIGHTLY_20251106\RUN_refine_AM1000_j-cross,2025-09-26 02:26:00+00:00,False
5801.T,refine,j-cross,AM15,3,1.5,2.0,1.2,0.4431972081706131,-25.68636617884933,2025-09-26 00:23:00+00:00,2025-09-26,BUY,80.13773916463532,9,56.54632448890822,<80bp,0.0,neutral,0.0,2,1.374165472108655,1.4813158510632496,58,NIGHTLY_20251106,weekly,WEEKLY_\NIGHTLY_20251106\RUN_refine_AM1000_j-cross,2025-09-26 00:32:00+00:00,True
5801.T,refine,j-cross,AM15,3,1.5,2.0,1.2,0.4431972081706131,-25.68636617884933,2025-09-26 00:29:00+00:00,2025-09-26,BUY,34.11818312511158,1,56.54632448890822,<80bp,0.0,neutral,0.7059671028935046,3,1.6445473939275397,2.4007246892926184,58,NIGHTLY_20251106,weekly,WEEKLY_\NIGHTLY_20251106\RUN_refine_AM1000_j-cross,2025-09-26 00:30:00+00:00,True
5801.T,refine,j-cross,AM15,3,1.5,2.0,1.2,0.4431972081706131,-25.68636617884933,2025-09-26 00:44:00+00:00,2025-09-26,BUY,-48.530495803200765,7,56.54632448890822,<80bp,0.0,neutral,0.5701233439926907,4,1.2589753082515018,2.4007246892926184,58,NIGHTLY_20251106,weekly,WEEKLY_\NIGHTLY_20251106\RUN_refine_AM1000_j-cross,2025-09-26 00:51:00+00:00,False
5801.T,refine,j-cross,AM15,3,1.5,2.0,1.2,0.4431972081706131,-25.68636617884933,2025-10-10 00:12:00+00:00,2025-10-10,SELL,66.77662634312729,3,-29.52856124630893,<80bp,15.88602987947718,up,0.0,1,1.4518295017982303,13.170704476998155,58,NIGHTLY_20251106,weekly,WEEKLY_\NIGHTLY_20251106\RUN_refine_AM1000_j-cross,2025-10-10 00:15:00+00:00,True
5801.T,refine,j-cross,AM15,3,1.5,2.0,1.2,0.4431972081706131,-25.68636617884933,2025-10-10 00:21:00+00:00,2025-10-10,BUY,40.41413822183804,6,-29.52856124630893,<80bp,-4.770505889181154,neutral,0.5549510337323178,1,1.3769060216654012,13.170704476998155,58,NIGHTLY_20251106,weekly,WEEKLY_\NIGHTLY_20251106\RUN_refine_AM1000_j-cross,2025-10-10 00:27:00+00:00,True
5801.T,refine,j-cross,AM15,3,1.5,2.0,1.2,0.4431972081706131,-25.68636617884933,2025-10-10 00:38:00+00:00,2025-10-10,BUY,-57.02587032130454,6,-29.52856124630893,<80bp,-2.642867291310358,neutral,0.7667022762757827,2,1.879762906492345,13.170704476998155,58,NIGHTLY_20251106,weekly,WEEKLY_\NIGHTLY_20251106\RUN_refine_AM1000_j-cross,2025-10-10 00:44:00+00:00,False
5801.T,refine,j-cross,AM15,3,1.5,2.0,1.2,0.4431972081706131,-25.68636617884933,2025-10-15 00:08:00+00:00,2025-10-15,SELL,-93.37427687747696,18,32.71660649819495,<80bp,19.00055707613424,up,0.0,1,1.319537431527714,1.319537431527714,58,NIGHTLY_20251106,weekly,WEEKLY_\NIGHTLY_20251106\RUN_refine_AM1000_j-cross,2025-10-15 00:26:00+00:00,False
5801.T,refine,j-cross,AM15,3,1.5,2.0,1.2,0.4431972081706131,-25.68636617884933,2025-10-15 00:16:00+00:00,2025-10-15,SELL,-89.25449358952935,15,32.71660649819495,<80bp,4.669806459240977,neutral,0.0,2,1.3601885971576593,1.3601885971576593,58,NIGHTLY_20251106,weekly,WEEKLY_\NIGHTLY_20251106\RUN_refine_AM1000_j-cross,2025-10-15 00:31:00+00:00,False
5801.T,refine,j-cross,AM15,3,1.5,2.0,1.2,0.4431972081706131,-25.68636617884933,2025-10-15 00:24:00+00:00,2025-10-15,SELL,-78.83143838775872,7,32.71660649819495,<80bp,11.128107553035615,neutral,0.7450516618946844,3,1.3045445865498868,1.7183660807806465,58,NIGHTLY_20251106,weekly,WEEKLY_\NIGHTLY_20251106\RUN_refine_AM1000_j-cross,2025-10-15 00:31:00+00:00,False
5801.T,refine,j-cross,AM15,3,1.5,2.0,1.2,0.4431972081706131,-25.68636617884933,2025-10-15 00:34:00+00:00,2025-10-15,SELL,44.34514697292891,6,32.71660649819495,<80bp,-12.390788808002153,neutral,0.6189442031406616,4,1.7352814841726814,2.808790207369772,58,NIGHTLY_20251106,weekly,WEEKLY_\NIGHTLY_20251106\RUN_refine_AM1000_j-cross,2025-10-15 00:40:00+00:00,True
5801.T,refine,j-cross,AM15,3,1.5,2.0,1.2,0.4431972081706131,-25.68636617884933,2025-10-15 00:42:00+00:00,2025-10-15,SELL,-59.838786271735366,8,32.71660649819495,<80bp,-23.98953592987252,down,0.6427026470285303,5,1.5211682061746894,2.808790207369772,58,NIGHTLY_20251106,weekly,WEEKLY_\NIGHTLY_20251106\RUN_refine_AM1000_j-cross,2025-10-15 00:50:00+00:00,False
5801.T,refine,j-cross,AM15,3,1.5,2.0,1.2,0.4431972081706131,-25.68636617884933,2025-10-15 00:55:00+00:00,2025-10-15,SELL,-58.40385035915304,24,32.71660649819495,<80bp,-7.212140005792289,neutral,0.8354430379746836,6,1.9010335544702848,3.913400059965692,58,NIGHTLY_20251106,weekly,WEEKLY_\NIGHTLY_20251106\RUN_refine_AM1000_j-cross,2025-10-15 01:19:00+00:00,False
8035.T,refine,j-cross,AM15,5,1.9,2.9,1.7,1.664199726233622,10.854190353384675,2025-09-24 00:25:00+00:00,2025-09-24,SELL,49.46745680772885,12,-24.376523532720796,<80bp,0.0,neutral,1.6288923191568638,1,2.550562045410261,2.550562045410261,80,NIGHTLY_20251106,weekly,WEEKLY_\NIGHTLY_20251106\RUN_refine_AM1000_j-cross,2025-09-24 00:37:00+00:00,True
8035.T,refine,j-cross,AM15,5,1.9,2.9,1.7,1.664199726233622,10.854190353384675,2025-09-24 00:35:00+00:00,2025-09-24,SELL,37.50798407853395,2,-24.376523532720796,<80bp,0.0,neutral,0.8128667680938926,2,1.7829537460409983,4.019537508306096,80,NIGHTLY_20251106,weekly,WEEKLY_\NIGHTLY_20251106\RUN_refine_AM1000_j-cross,2025-09-24 00:37:00+00:00,True
8035.T,refine,j-cross,AM15,5,1.9,2.9,1.7,1.664199726233622,10.854190353384675,2025-09-24 01:00:00+00:00,2025-09-24,BUY,21.026620194187625,5,-24.376523532720796,<80bp,0.0,neutral,1.7303267372296365,1,2.038058455879553,4.019537508306096,80,NIGHTLY_20251106,weekly,WEEKLY_\NIGHTLY_20251106\RUN_refine_AM1000_j-cross,2025-09-24 01:05:00+00:00,True
8035.T,refine,j-cross,AM15,5,1.9,2.9,1.7,1.664199726233622,10.854190353384675,2025-09-25 00:40:00+00:00,2025-09-25,SELL,-67.51168383799958,114,-64.14956011730206,<80bp,0.0,neutral,0.8921671935370565,1,2.039848394835758,18.051601962103323,80,NIGHTLY_20251106,weekly,WEEKLY_\NIGHTLY_20251106\RUN_refine_AM1000_j-cross,2025-09-25 02:34:00+00:00,False
8035.T,refine,j-cross,AM15,5,1.9,2.9,1.7,1.664199726233622,10.854190353384675,2025-09-25 00:51:00+00:00,2025-09-25,SELL,-58.68733828737051,55,-64.14956011730206,<80bp,0.0,neutral,1.0906958561376074,2,1.8219445055588848,18.051601962103323,80,NIGHTLY_20251106,weekly,WEEKLY_\NIGHTLY_20251106\RUN_refine_AM1000_j-cross,2025-09-25 01:46:00+00:00,False
8035.T,refine,j-cross,AM15,5,1.9,2.9,1.7,1.664199726233622,10.854190353384675,2025-09-25 00:54:00+00:00,2025-09-25,SELL,-53.56030202291444,52,-64.14956011730206,<80bp,0.0,neutral,0.4127682993946064,3,2.1359728781906275,18.051601962103323,80,NIGHTLY_20251106,weekly,WEEKLY_\NIGHTLY_20251106\RUN_refine_AM1000_j-cross,2025-09-25 01:46:00+00:00,False
8035.T,refine,j-cross,AM15,5,1.9,2.9,1.7,1.664199726233622,10.854190353384675,2025-10-01 00:18:00+00:00,2025-10-01,BUY,42.35299803305406,15,-36.018957345971565,<80bp,0.0,neutral,0.0,1,1.99985428844564,9.910593095127304,80,NIGHTLY_20251106,weekly,WEEKLY_\NIGHTLY_20251106\RUN_refine_AM1000_j-cross,2025-10-01 00:33:00+00:00,True
8035.T,refine,j-cross,AM15,5,1.9,2.9,1.7,1.664199726233622,10.854190353384675,2025-10-01 00:40:00+00:00,2025-10-01,SELL,36.29693716327985,39,-36.018957345971565,<80bp,0.0,neutral,0.8496978851963746,1,2.2764763737696647,9.910593095127304,80,NIGHTLY_20251106,weekly,WEEKLY_\NIGHTLY_20251106\RUN_refine_AM1000_j-cross,2025-10-01 01:19:00+00:00,True
8035.T,refine,j-cross,AM15,5,1.9,2.9,1.7,1.664199726233622,10.854190353384675,2025-10-10 00:16:00+00:00,2025-10-10,SELL,59.89104841949201,8,-65.56825823806321,<80bp,-6.278688065627369,neutral,0.0,1,2.082278171821196,15.491387906719904,80,NIGHTLY_20251106,weekly,WEEKLY_\NIGHTLY_20251106\RUN_refine_AM1000_j-cross,2025-10-10 00:24:00+00:00,True
8035.T,refine,j-cross,AM15,5,1.9,2.9,1.7,1.664199726233622,10.854190353384675,2025-10-15 00:33:00+00:00,2025-10-15,BUY,24.957908825219384,17,22.915564956812972,<80bp,-17.894223583501123,down,0.6746476481575819,1,1.991743864043762,1.991743864043762,80,NIGHTLY_20251106,weekly,WEEKLY_\NIGHTLY_20251106\RUN_refine_AM1000_j-cross,2025-10-15 00:50:00+00:00,True
8035.T,refine,j-cross,AM15,5,1.9,2.9,1.7,1.664199726233622,10.854190353384675,2025-10-15 00:38:00+00:00,2025-10-15,BUY,27.654464514020265,12,22.915564956812972,<80bp,-0.7341547082728717,neutral,0.937009247949747,2,2.136136105702144,2.136136105702144,80,NIGHTLY_20251106,weekly,WEEKLY_\NIGHTLY_20251106\RUN_refine_AM1000_j-cross,2025-10-15 00:50:00+00:00,True
5016.T,refine,j-cross,AM15,5,1.5,3.0,1.8,2.985598205578739,31.31052303680649,2025-09-26 00:16:00+00:00,2025-09-26,SELL,69.6463849212468,1,-40.73872895165671,<80bp,0.0,neutral,0.0,1,2.106396470753725,20.721694896818786,50,NIGHTLY_20251106,weekly,WEEKLY_\NIGHTLY_20251106\RUN_refine_AM1015_j-cross,2025-09-26 00:17:00+00:00,True
5016.T,refine,j-cross,AM15,5,1.5,3.0,1.8,2.985598205578739,31.31052303680649,2025-09-26 01:09:00+00:00,2025-09-26,SELL,-88.94524326835632,9,-40.73872895165671,<80bp,0.0,neutral,0.5121123820293133,2,1.8281854216410145,20.721694896818786,50,NIGHTLY_20251106,weekly,WEEKLY_\NIGHTLY_20251106\RUN_refine_AM1015_j-cross,2025-09-26 01:18:00+00:00,False
5016.T,refine,j-cross,AM15,5,1.5,3.0,1.8,2.985598205578739,31.31052303680649,2025-09-26 01:12:00+00:00,2025-09-26,SELL,42.58394768453278,79,-40.73872895165671,<80bp,0.0,neutral,1.5863160457755052,3,1.9660576208569107,20.721694896818786,50,NIGHTLY_20251106,weekly,WEEKLY_\NIGHTLY_20251106\RUN_refine_AM1015_j-cross,2025-09-26 02:31:00+00:00,True
5016.T,refine,j-cross,AM15,5,1.5,3.0,1.8,2.985598205578739,31.31052303680649,2025-09-29 00:40:00+00:00,2025-09-29,BUY,42.67830443500189,4,72.7069351230425,<80bp,0.0,neutral,0.8588644403141675,1,2.121634488831542,2.121634488831542,50,NIGHTLY_20251106,weekly,WEEKLY_\NIGHTLY_20251106\RUN_refine_AM1015_j-cross,2025-09-29 00:44:00+00:00,True
5016.T,refine,j-cross,AM15,5,1.5,3.0,1.8,2.985598205578739,31.31052303680649,2025-10-01 00:13:00+00:00,2025-10-01,BUY,58.30444023752989,20,-28.140189306728065,<80bp,0.0,neutral,0.0,1,2.006317057751021,22.12309484860876,50,NIGHTLY_20251106,weekly,WEEKLY_\NIGHTLY_20251106\RUN_refine_AM1015_j-cross,2025-10-01 00:33:00+00:00,True
5016.T,refine,j-cross,AM15,5,1.5,3.0,1.8,2.985598205578739,31.31052303680649,2025-10-01 00:18:00+00:00,2025-10-01,BUY,66.20688757147718,12,-28.140189306728065,<80bp,0.0,neutral,0.0,2,1.982902859856706,22.12309484860876,50,NIGHTLY_20251106,weekly,WEEKLY_\NIGHTLY_20251106\RUN_refine_AM1015_j-cross,2025-10-01 00:30:00+00:00,True
5016.T,refine,j-cross,AM15,5,1.5,3.0,1.8,2.985598205578739,31.31052303680649,2025-10-01 00:23:00+00:00,2025-10-01,BUY,64.59785816500492,6,-28.140189306728065,<80bp,0.0,neutral,0.84408839143684,3,2.4427178712857365,22.12309484860876,50,NIGHTLY_20251106,weekly,WEEKLY_\NIGHTLY_20251106\RUN_refine_AM1015_j-cross,2025-10-01 00:29:00+00:00,True
5016.T,refine,j-cross,AM15,5,1.5,3.0,1.8,2.985598205578739,31.31052303680649,2025-10-01 00:33:00+00:00,2025-10-01,SELL,56.20450115663817,52,-28.140189306728065,<80bp,0.0,neutral,1.4335244770096631,1,2.303208793195663,22.12309484860876,50,NIGHTLY_20251106,weekly,WEEKLY_\NIGHTLY_20251106\RUN_refine_AM1015_j-cross,2025-10-01 01:25:00+00:00,True
5016.T,refine,j-cross,AM15,5,1.5,3.0,1.8,2.985598205578739,31.31052303680649,2025-10-01 00:35:00+00:00,2025-10-01,SELL,64.85656204353776,3,-28.140189306728065,<80bp,0.0,neutral,1.5282131661442004,2,2.623726538127233,22.12309484860876,50,NIGHTLY_20251106,weekly,WEEKLY_\NIGHTLY_20251106\RUN_refine_AM1015_j-cross,2025-10-01 00:38:00+00:00,True
5016.T,refine,j-cross,AM15,5,1.5,3.0,1.8,2.985598205578739,31.31052303680649,2025-10-01 00:41:00+00:00,2025-10-01,SELL,53.36638452059066,35,-28.140189306728065,<80bp,0.0,neutral,0.919020760544234,3,2.566296728907401,22.12309484860876,50,NIGHTLY_20251106,weekly,WEEKLY_\NIGHTLY_20251106\RUN_refine_AM1015_j-cross,2025-10-01 01:16:00+00:00,True
5016.T,refine,j-cross,AM15,5,1.5,3.0,1.8,2.985598205578739,31.31052303680649,2025-10-01 01:01:00+00:00,2025-10-01,SELL,34.63401157587168,21,-28.140189306728065,<80bp,0.0,neutral,0.6230676899574438,4,1.9476990754832144,22.12309484860876,50,NIGHTLY_20251106,weekly,WEEKLY_\NIGHTLY_20251106\RUN_refine_AM1015_j-cross,2025-10-01 01:22:00+00:00,True
5016.T,refine,j-cross,AM15,5,1.5,3.0,1.8,2.985598205578739,31.31052303680649,2025-10-14 00:15:00+00:00,2025-10-14,SELL,95.57506801011829,15,-66.2251655629139,<80bp,33.20901565934342,up,2.055789225747838,1,2.0793154317112488,17.77763021961401,50,NIGHTLY_20251106,weekly,WEEKLY_\NIGHTLY_20251106\RUN_refine_AM1015_j-cross,2025-10-14 00:30:00+00:00,True
5016.T,refine,j-cross,AM15,5,1.5,3.0,1.8,2.985598205578739,31.31052303680649,2025-10-14 00:19:00+00:00,2025-10-14,SELL,86.884872693373,11,-66.2251655629139,<80bp,61.26054453340801,up,0.8846368244338143,2,2.015516743860354,17.77763021961401,50,NIGHTLY_20251106,weekly,WEEKLY_\NIGHTLY_20251106\RUN_refine_AM1015_j-cross,2025-10-14 00:30:00+00:00,True
5016.T,refine,j-cross,AM15,5,1.5,3.0,1.8,2.985598205578739,31.31052303680649,2025-10-17 00:42:00+00:00,2025-10-17,SELL,17.73012327499929,7,21.903139449987837,<80bp,6.118935427859018,neutral,0.5269334585142589,1,1.9597773672876584,9.105334744970344,50,NIGHTLY_20251106,weekly,WEEKLY_\NIGHTLY_20251106\RUN_refine_AM1015_j-cross,2025-10-17 00:49:00+00:00,True
5016.T,refine,j-cross,AM15,5,1.5,3.0,1.8,2.985598205578739,31.31052303680649,2025-10-17 01:07:00+00:00,2025-10-17,SELL,-68.62045319310337,14,21.903139449987837,<80bp,12.088966581560443,neutral,0.9831622176591376,2,2.3921306756942635,9.105334744970344,50,NIGHTLY_20251106,weekly,WEEKLY_\NIGHTLY_20251106\RUN_refine_AM1015_j-cross,2025-10-17 01:21:00+00:00,False
5016.T,refine,j-cross,AM15,5,1.5,3.0,1.8,2.985598205578739,31.31052303680649,2025-10-17 01:13:00+00:00,2025-10-17,SELL,-94.7352812395588,9,21.903139449987837,<80bp,2.62138092719022,neutral,0.678635953026197,3,2.014587557491465,9.105334744970344,50,NIGHTLY_20251106,weekly,WEEKLY_\NIGHTLY_20251106\RUN_refine_AM1015_j-cross,2025-10-17 01:22:00+00:00,False
5801.T,refine,j-cross,AM15,3,1.7,2.7,1.7,0.0548447050113961,-69.40368391382702,2025-10-10 00:38:00+00:00,2025-10-10,BUY,-72.43553234351472,8,-29.52856124630893,<80bp,-2.642867291310358,neutral,0.7667022762757827,1,1.879762906492345,13.170704476998155,58,NIGHTLY_20251106,weekly,WEEKLY_\NIGHTLY_20251106\RUN_refine_AM1015_j-cross,2025-10-10 00:46:00+00:00,False
5801.T,refine,j-cross,AM15,3,1.7,2.7,1.7,0.0548447050113961,-69.40368391382702,2025-10-15 00:17:00+00:00,2025-10-15,SELL,-101.62886837377184,62,32.71660649819495,<80bp,13.249242858937029,neutral,0.0,1,1.7183660807806465,1.7183660807806465,58,NIGHTLY_20251106,weekly,WEEKLY_\NIGHTLY_20251106\RUN_refine_AM1015_j-cross,2025-10-15 01:19:00+00:00,False
5801.T,refine,j-cross,AM15,3,1.7,2.7,1.7,0.0548447050113961,-69.40368391382702,2025-10-15 00:25:00+00:00,2025-10-15,SELL,-111.68196267275388,104,32.71660649819495,<80bp,12.816856100690275,neutral,1.595196859485048,2,2.10255573359321,2.10255573359321,58,NIGHTLY_20251106,weekly,WEEKLY_\NIGHTLY_20251106\RUN_refine_AM1015_j-cross,2025-10-15 02:09:00+00:00,False
5801.T,refine,j-cross,AM15,3,1.7,2.7,1.7,0.0548447050113961,-69.40368391382702,2025-10-15 00:34:00+00:00,2025-10-15,SELL,-97.55089207437828,67,32.71660649819495,<80bp,-12.390788808002153,neutral,0.6189442031406616,3,1.7352814841726814,2.808790207369772,58,NIGHTLY_20251106,weekly,WEEKLY_\NIGHTLY_20251106\RUN_refine_AM1015_j-cross,2025-10-15 01:41:00+00:00,False
5801.T,refine,j-cross,AM15,3,1.7,2.7,1.7,0.0548447050113961,-69.40368391382702,2025-10-15 00:37:00+00:00,2025-10-15,SELL,40.27300689252255,3,32.71660649819495,<80bp,10.099029446504204,neutral,0.4252646689395298,4,2.086801773190321,2.808790207369772,58,NIGHTLY_20251106,weekly,WEEKLY_\NIGHTLY_20251106\RUN_refine_AM1015_j-cross,2025-10-15 00:40:00+00:00,True
5801.T,refine,j-cross,AM15,3,1.7,2.7,1.7,0.0548447050113961,-69.40368391382702,2025-10-15 00:43:00+00:00,2025-10-15,SELL,-81.44787529613527,53,32.71660649819495,<80bp,6.319497589168943,neutral,0.815737975074673,5,2.3297952120819043,2.808790207369772,58,NIGHTLY_20251106,weekly,WEEKLY_\NIGHTLY_20251106\RUN_refine_AM1015_j-cross,2025-10-15 01:36:00+00:00,False
5801.T,refine,j-cross,AM15,3,1.7,2.7,1.7,0.0548447050113961,-69.40368391382702,2025-10-15 00:45:00+00:00,2025-10-15,SELL,-77.61425529856987,51,32.71660649819495,<80bp,28.172261269214797,up,0.7540949830019573,6,2.1123896801289237,2.808790207369772,58,NIGHTLY_20251106,weekly,WEEKLY_\NIGHTLY_20251106\RUN_refine_AM1015_j-cross,2025-10-15 01:36:00+00:00,False
5801.T,refine,j-cross,AM15,3,1.7,2.7,1.7,0.0548447050113961,-69.40368391382702,2025-10-15 00:55:00+00:00,2025-10-15,SELL,-74.23035614556176,41,32.71660649819495,<80bp,-7.212140005792289,neutral,0.8354430379746836,7,1.9010335544702848,3.913400059965692,58,NIGHTLY_20251106,weekly,WEEKLY_\NIGHTLY_20251106\RUN_refine_AM1015_j-cross,2025-10-15 01:36:00+00:00,False
5801.T,refine,j-cross,AM15,3,1.7,2.7,1.7,0.0548447050113961,-69.40368391382702,2025-10-15 01:11:00+00:00,2025-10-15,SELL,-57.42648024321952,21,32.71660649819495,<80bp,-6.1960267978156125,neutral,0.624899855792341,8,2.428465279614909,3.913400059965692,58,NIGHTLY_20251106,weekly,WEEKLY_\NIGHTLY_20251106\RUN_refine_AM1015_j-cross,2025-10-15 01:32:00+00:00,False
5801.T,refine,j-cross,AM15,3,1.7,2.7,1.7,0.0548447050113961,-69.40368391382702,2025-10-15 01:13:00+00:00,2025-10-15,SELL,-60.29362358288767,6,32.71660649819495,<80bp,0.6143033497818529,neutral,0.7680872150644202,9,1.8194500763760408,3.913400059965692,58,NIGHTLY_20251106,weekly,WEEKLY_\NIGHTLY_20251106\RUN_refine_AM1015_j-cross,2025-10-15 01:19:00+00:00,False
6857.T,refine,j-cross,AM15,5,1.7,2.1,1.6,2.24501440816887,18.08311647881845,2025-10-01 00:18:00+00:00,2025-10-01,BUY,40.22881963716053,17,-33.97893306150187,<80bp,0.0,neutral,0.0,1,1.8523965003677465,17.894166778094945,68,NIGHTLY_20251106,weekly,WEEKLY_\NIGHTLY_20251106\RUN_refine_AM1015_j-cross,2025-10-01 00:35:00+00:00,True
6857.T,refine,j-cross,AM15,5,1.7,2.1,1.6,2.24501440816887,18.08311647881845,2025-10-01 00:23:00+00:00,2025-10-01,BUY,43.24019528887448,7,-33.97893306150187,<80bp,0.0,neutral,1.2351945854483926,2,1.7698834542798725,17.894166778094945,68,NIGHTLY_20251106,weekly,WEEKLY_\NIGHTLY_20251106\RUN_refine_AM1015_j-cross,2025-10-01 00:30:00+00:00,True
6857.T,refine,j-cross,AM15,5,1.7,2.1,1.6,2.24501440816887,18.08311647881845,2025-10-01 00:35:00+00:00,2025-10-01,SELL,31.92382218811722,3,-33.97893306150187,<80bp,0.0,neutral,1.584368026549179,1,1.6132278637229656,17.894166778094945,68,NIGHTLY_20251106,weekly,WEEKLY_\NIGHTLY_20251106\RUN_refine_AM1015_j-cross,2025-10-01 00:38:00+00:00,True
6857.T,refine,j-cross,AM15,5,1.7,2.1,1.6,2.24501440816887,18.08311647881845,2025-10-01 00:42:00+00:00,2025-10-01,SELL,-50.90172157931127,3,-33.97893306150187,<80bp,0.0,neutral,0.2782281600622608,2,1.7760030599422805,17.894166778094945,68,NIGHTLY_20251106,weekly,WEEKLY_\NIGHTLY_20251106\RUN_refine_AM1015_j-cross,2025-10-01 00:45:00+00:00,False
6857.T,refine,j-cross,AM15,5,1.7,2.1,1.6,2.24501440816887,18.08311647881845,2025-10-01 00:50:00+00:00,2025-10-01,SELL,-59.19606981234668,6,-33.97893306150187,<80bp,0.0,neutral,1.0974616533188544,3,1.8131875236377444,17.894166778094945,68,NIGHTLY_20251106,weekly,WEEKLY_\NIGHTLY_20251106\RUN_refine_AM1015_j-cross,2025-10-01 00:56:00+00:00,False
6857.T,refine,j-cross,AM15,5,1.7,2.1,1.6,2.24501440816887,18.08311647881845,2025-10-01 01:13:00+00:00,2025-10-01,SELL,36.642109980034434,43,-33.97893306150187,<80bp,0.0,neutral,1.3622471256003494,4,1.9914624188098529,17.894166778094945,68,NIGHTLY_20251106,weekly,WEEKLY_\NIGHTLY_20251106\RUN_refine_AM1015_j-cross,2025-10-01 01:56:00+00:00,True
6857.T,refine,j-cross,AM15,5,1.7,2.1,1.6,2.24501440816887,18.08311647881845,2025-10-03 00:17:00+00:00,2025-10-03,SELL,-67.76812938449174,3,0.0,<80bp,0.0,neutral,0.0,1,1.609276075387174,11.210689135807703,68,NIGHTLY_20251106,weekly,WEEKLY_\NIGHTLY_20251106\RUN_refine_AM1015_j-cross,2025-10-03 00:20:00+00:00,False
6857.T,refine,j-cross,AM15,5,1.7,2.1,1.6,2.24501440816887,18.08311647881845,2025-10-09 00:31:00+00:00,2025-10-09,SELL,53.31087872176217,10,-27.75464890369137,<80bp,-1.1245188636821446,neutral,0.4158277218481231,1,1.6864855283605105,10.657675124740187,68,NIGHTLY_20251106,weekly,WEEKLY_\NIGHTLY_20251106\RUN_refine_AM1015_j-cross,2025-10-09 00:41:00+00:00,True
6857.T,refine,j-cross,AM15,5,1.7,2.1,1.6,2.24501440816887,18.08311647881845,2025-10-09 01:00:00+00:00,2025-10-09,BUY,-60.4599075381572,7,-27.75464890369137,<80bp,-4.672947750017364,neutral,1.85588035350102,1,1.9258115091637984,10.657675124740187,68,NIGHTLY_20251106,weekly,WEEKLY_\NIGHTLY_20251106\RUN_refine_AM1015_j-cross,2025-10-09 01:07:00+00:00,False
6857.T,refine,j-cross,AM15,5,1.7,2.1,1.6,2.24501440816887,18.08311647881845,2025-10-09 01:04:00+00:00,2025-10-09,BUY,-64.26302840272601,9,-27.75464890369137,<80bp,-7.38805745564064,neutral,0.704225352112676,2,1.611061752713871,10.657675124740187,68,NIGHTLY_20251106,weekly,WEEKLY_\NIGHTLY_20251106\RUN_refine_AM1015_j-cross,2025-10-09 01:13:00+00:00,False
6857.T,refine,j-cross,AM15,5,1.7,2.1,1.6,2.24501440816887,18.08311647881845,2025-10-10 00:25:00+00:00,2025-10-10,SELL,41.62286126521281,20,-19.46607341490545,<80bp,12.987214353157306,neutral,1.3219508573973722,1,1.6638163494665557,10.657675124740187,68,NIGHTLY_20251106,weekly,WEEKLY_\NIGHTLY_20251106\RUN_refine_AM1015_j-cross,2025-10-10 00:45:00+00:00,True
6857.T,refine,j-cross,AM15,5,1.7,2.1,1.6,2.24501440816887,18.08311647881845,2025-10-10 00:28:00+00:00,2025-10-10,SELL,41.40576020934321,17,-19.46607341490545,<80bp,3.407270318565025,neutral,1.3088865096359743,2,1.6160760369764973,10.657675124740187,68,NIGHTLY_20251106,weekly,WEEKLY_\NIGHTLY_20251106\RUN_refine_AM1015_j-cross,2025-10-10 00:45:00+00:00,True
6857.T,refine,j-cross,AM15,5,1.7,2.1,1.6,2.24501440816887,18.08311647881845,2025-10-10 00:31:00+00:00,2025-10-10,SELL,41.60696981069584,12,-19.46607341490545,<80bp,-14.50170243339155,neutral,0.8050118895189318,3,1.6681235057133632,10.657675124740187,68,NIGHTLY_20251106,weekly,WEEKLY_\NIGHTLY_20251106\RUN_refine_AM1015_j-cross,2025-10-10 00:43:00+00:00,True
6857.T,refine,j-cross,AM15,5,1.7,2.1,1.6,2.24501440816887,18.08311647881845,2025-10-10 00:34:00+00:00,2025-10-10,SELL,47.298868989069135,8,-19.46607341490545,<80bp,14.89564126010201,neutral,1.0835176991150444,4,2.015137541645439,10.657675124740187,68,NIGHTLY_20251106,weekly,WEEKLY_\NIGHTLY_20251106\RUN_refine_AM1015_j-cross,2025-10-10 00:42:00+00:00,True
6857.T,refine,j-cross,AM15,5,1.7,2.1,1.6,2.24501440816887,18.08311647881845,2025-10-10 00:40:00+00:00,2025-10-10,SELL,34.71714248569124,3,-19.46607341490545,<80bp,-13.64856149135618,neutral,1.0085448761928522,5,1.6547182162543763,10.657675124740187,68,NIGHTLY_20251106,weekly,WEEKLY_\NIGHTLY_20251106\RUN_refine_AM1015_j-cross,2025-10-10 00:43:00+00:00,True
6857.T,refine,j-cross,AM15,5,1.7,2.1,1.6,2.24501440816887,18.08311647881845,2025-10-10 00:48:00+00:00,2025-10-10,BUY,30.97079900611343,4,-19.46607341490545,<80bp,-11.52653594792441,neutral,1.264209687929911,1,2.409120777199835,10.657675124740187,68,NIGHTLY_20251106,weekly,WEEKLY_\NIGHTLY_20251106\RUN_refine_AM1015_j-cross,2025-10-10 00:52:00+00:00,True
6857.T,refine,j-cross,AM15,5,1.7,2.1,1.6,2.24501440816887,18.08311647881845,2025-10-10 00:58:00+00:00,2025-10-10,SELL,28.94264203633665,8,-19.46607341490545,<80bp,12.082928527330504,neutral,1.1004075583549462,6,1.8148608483766,10.657675124740187,68,NIGHTLY_20251106,weekly,WEEKLY_\NIGHTLY_20251106\RUN_refine_AM1015_j-cross,2025-10-10 01:06:00+00:00,True
6857.T,refine,j-cross,AM15,5,1.7,2.1,1.6,2.24501440816887,18.08311647881845,2025-10-15 00:17:00+00:00,2025-10-15,SELL,64.39201785629652,50,5.901445854234288,<80bp,13.249242858937029,neutral,0.0,1,1.606298926919472,1.606298926919472,68,NIGHTLY_20251106,weekly,WEEKLY_\NIGHTLY_20251106\RUN_refine_AM1015_j-cross,2025-10-15 01:07:00+00:00,True
6857.T,refine,j-cross,AM15,5,1.7,2.1,1.6,2.24501440816887,18.08311647881845,2025-10-15 00:19:00+00:00,2025-10-15,SELL,58.478605370715925,19,5.901445854234288,<80bp,-0.9163484095842112,neutral,0.7759237187127532,2,2.084486242381602,2.084486242381602,68,NIGHTLY_20251106,weekly,WEEKLY_\NIGHTLY_20251106\RUN_refine_AM1015_j-cross,2025-10-15 00:38:00+00:00,True
6857.T,refine,j-cross,AM15,5,1.7,2.1,1.6,2.24501440816887,18.08311647881845,2025-10-15 00:24:00+00:00,2025-10-15,SELL,66.38124432818164,9,5.901445854234288,<80bp,11.128107553035615,neutral,0.940504994106334,3,1.8217621077152253,2.09732364399012,68,NIGHTLY_20251106,weekly,WEEKLY_\NIGHTLY_20251106\RUN_refine_AM1015_j-cross,2025-10-15 00:33:00+00:00,True
6857.T,refine,j-cross,AM15,5,1.7,2.1,1.6,2.24501440816887,18.08311647881845,2025-10-15 00:28:00+00:00,2025-10-15,SELL,48.77413256326042,5,5.901445854234288,<80bp,12.741675673213493,neutral,0.6252972972972973,4,2.193591685171765,2.193591685171765,68,NIGHTLY_20251106,weekly,WEEKLY_\NIGHTLY_20251106\RUN_refine_AM1015_j-cross,2025-10-15 00:33:00+00:00,True
6857.T,refine,j-cross,AM15,5,1.7,2.1,1.6,2.24501440816887,18.08311647881845,2025-10-15 00:48:00+00:00,2025-10-15,SELL,40.97982694300392,6,5.901445854234288,<80bp,19.56846357705988,up,0.8938176104429807,5,1.9645940038084195,2.193591685171765,68,NIGHTLY_20251106,weekly,WEEKLY_\NIGHTLY_20251106\RUN_refine_AM1015_j-cross,2025-10-15 00:54:00+00:00,True
6857.T,refine,j-cross,AM15,5,1.7,2.1,1.6,2.24501440816887,18.08311647881845,2025-10-15 01:07:00+00:00,2025-10-15,BUY,31.66426186666457,35,5.901445854234288,<80bp,-16.12903759247275,down,1.6469428007889546,1,2.293416451800552,2.6530058000995624,68,NIGHTLY_20251106,weekly,WEEKLY_\NIGHTLY_20251106\RUN_refine_AM1015_j-cross,2025-10-15 01:42:00+00:00,True
6857.T,refine,j-cross,AM15,5,1.7,2.1,1.6,2.24501440816887,18.08311647881845,2025-10-16 01:03:00+00:00,2025-10-16,SELL,-45.99730633785845,9,-63.2183908045977,<80bp,15.33429303833156,up,1.5215018554900677,1,1.7259880186671448,7.742911780198053,68,NIGHTLY_20251106,weekly,WEEKLY_\NIGHTLY_20251106\RUN_refine_AM1015_j-cross,2025-10-16 01:12:00+00:00,False
8035.T,refine,j-cross,AM15,5,2.0,3.0,1.5,1.3824598780383983,7.00788582871992,2025-09-24 00:15:00+00:00,2025-09-24,BUY,56.35689841661693,5,-24.376523532720796,<80bp,0.0,neutral,0.0,1,1.5566430513363558,1.5566430513363558,80,NIGHTLY_20251106,weekly,WEEKLY_\NIGHTLY_20251106\RUN_refine_AM1015_j-cross,2025-09-24 00:20:00+00:00,True
8035.T,refine,j-cross,AM15,5,2.0,3.0,1.5,1.3824598780383983,7.00788582871992,2025-09-24 00:22:00+00:00,2025-09-24,SELL,45.3518755153561,38,-24.376523532720796,<80bp,0.0,neutral,0.4254235280180073,1,1.672746518992536,1.672746518992536,80,NIGHTLY_20251106,weekly,WEEKLY_\NIGHTLY_20251106\RUN_refine_AM1015_j-cross,2025-09-24 01:00:00+00:00,True
8035.T,refine,j-cross,AM15,5,2.0,3.0,1.5,1.3824598780383983,7.00788582871992,2025-09-24 00:25:00+00:00,2025-09-24,SELL,53.15202339265733,13,-24.376523532720796,<80bp,0.0,neutral,1.6288923191568638,2,2.550562045410261,2.550562045410261,80,NIGHTLY_20251106,weekly,WEEKLY_\NIGHTLY_20251106\RUN_refine_AM1015_j-cross,2025-09-24 00:38:00+00:00,True
8035.T,refine,j-cross,AM15,5,2.0,3.0,1.5,1.3824598780383983,7.00788582871992,2025-09-24 00:35:00+00:00,2025-09-24,SELL,40.60142934132401,3,-24.376523532720796,<80bp,0.0,neutral,0.8128667680938926,3,1.7829537460409983,4.019537508306096,80,NIGHTLY_20251106,weekly,WEEKLY_\NIGHTLY_20251106\RUN_refine_AM1015_j-cross,2025-09-24 00:38:00+00:00,True
8035.T,refine,j-cross,AM15,5,2.0,3.0,1.5,1.3824598780383983,7.00788582871992,2025-09-24 01:00:00+00:00,2025-09-24,BUY,22.961025107113183,5,-24.376523532720796,<80bp,0.0,neutral,1.7303267372296365,2,2.038058455879553,4.019537508306096,80,NIGHTLY_20251106,weekly,WEEKLY_\NIGHTLY_20251106\RUN_refine_AM1015_j-cross,2025-09-24 01:05:00+00:00,True
8035.T,refine,j-cross,AM15,5,2.0,3.0,1.5,1.3824598780383983,7.00788582871992,2025-09-24 01:07:00+00:00,2025-09-24,SELL,19.923822292502745,2,-24.376523532720796,<80bp,0.0,neutral,0.7431307243963363,4,1.583932494503112,4.019537508306096,80,NIGHTLY_20251106,weekly,WEEKLY_\NIGHTLY_20251106\RUN_refine_AM1015_j-cross,2025-09-24 01:09:00+00:00,True
8035.T,refine,j-cross,AM15,5,2.0,3.0,1.5,1.3824598780383983,7.00788582871992,2025-09-25 00:40:00+00:00,2025-09-25,SELL,-69.9457121139655,114,-64.14956011730206,<80bp,0.0,neutral,0.8921671935370565,1,2.039848394835758,18.051601962103323,80,NIGHTLY_20251106,weekly,WEEKLY_\NIGHTLY_20251106\RUN_refine_AM1015_j-cross,2025-09-25 02:34:00+00:00,False
8035.T,refine,j-cross,AM15,5,2.0,3.0,1.5,1.3824598780383983,7.00788582871992,2025-09-25 00:51:00+00:00,2025-09-25,SELL,-60.77596275862508,55,-64.14956011730206,<80bp,0.0,neutral,1.0906958561376074,2,1.8219445055588848,18.051601962103323,80,NIGHTLY_20251106,weekly,WEEKLY_\NIGHTLY_20251106\RUN_refine_AM1015_j-cross,2025-09-25 01:46:00+00:00,False
8035.T,refine,j-cross,AM15,5,2.0,3.0,1.5,1.3824598780383983,7.00788582871992,2025-09-25 00:54:00+00:00,2025-09-25,SELL,-55.41763361693877,52,-64.14956011730206,<80bp,0.0,neutral,0.4127682993946064,3,2.1359728781906275,18.051601962103323,80,NIGHTLY_20251106,weekly,WEEKLY_\NIGHTLY_20251106\RUN_refine_AM1015_j-cross,2025-09-25 01:46:00+00:00,False
8035.T,refine,j-cross,AM15,5,2.0,3.0,1.5,1.3824598780383983,7.00788582871992,2025-09-25 01:08:00+00:00,2025-09-25,SELL,-58.26853749556541,38,-64.14956011730206,<80bp,0.0,neutral,1.1571565189671662,4,1.735644025205608,18.051601962103323,80,NIGHTLY_20251106,weekly,WEEKLY_\NIGHTLY_20251106\RUN_refine_AM1015_j-cross,2025-09-25 01:46:00+00:00,False
8035.T,refine,j-cross,AM15,5,2.0,3.0,1.5,1.3824598780383983,7.00788582871992,2025-09-25 01:13:00+00:00,2025-09-25,SELL,-60.70995010075282,81,-64.14956011730206,<80bp,0.0,neutral,0.5518763796909493,5,1.7519400793772708,18.051601962103323,80,NIGHTLY_20251106,weekly,WEEKLY_\NIGHTLY_20251106\RUN_refine_AM1015_j-cross,2025-09-25 02:34:00+00:00,False
8035.T,refine,j-cross,AM15,5,2.0,3.0,1.5,1.3824598780383983,7.00788582871992,2025-10-01 00:10:00+00:00,2025-10-01,BUY,-79.66923872135162,11,-36.018957345971565,<80bp,0.0,neutral,0.0,1,1.631242889324264,9.910593095127304,80,NIGHTLY_20251106,weekly,WEEKLY_\NIGHTLY_20251106\RUN_refine_AM1015_j-cross,2025-10-01 00:21:00+00:00,False
8035.T,refine,j-cross,AM15,5,2.0,3.0,1.5,1.3824598780383983,7.00788582871992,2025-10-01 00:18:00+00:00,2025-10-01,BUY,45.71853186537769,15,-36.018957345971565,<80bp,0.0,neutral,0.0,2,1.99985428844564,9.910593095127304,80,NIGHTLY_20251106,weekly,WEEKLY_\NIGHTLY_20251106\RUN_refine_AM1015_j-cross,2025-10-01 00:33:00+00:00,True
8035.T,refine,j-cross,AM15,5,2.0,3.0,1.5,1.3824598780383983,7.00788582871992,2025-10-01 00:40:00+00:00,2025-10-01,SELL,39.19584709407287,39,-36.018957345971565,<80bp,0.0,neutral,0.8496978851963746,1,2.2764763737696647,9.910593095127304,80,NIGHTLY_20251106,weekly,WEEKLY_\NIGHTLY_20251106\RUN_refine_AM1015_j-cross,2025-10-01 01:19:00+00:00,True
8035.T,refine,j-cross,AM15,5,2.0,3.0,1.5,1.3824598780383983,7.00788582871992,2025-10-01 01:01:00+00:00,2025-10-01,SELL,27.51071672614132,12,-36.018957345971565,<80bp,0.0,neutral,0.7530480516375806,2,2.1255191484772995,9.910593095127304,80,NIGHTLY_20251106,weekly,WEEKLY_\NIGHTLY_20251106\RUN_refine_AM1015_j-cross,2025-10-01 01:13:00+00:00,True
8035.T,refine,j-cross,AM15,5,2.0,3.0,1.5,1.3824598780383983,7.00788582871992,2025-10-01 01:11:00+00:00,2025-10-01,SELL,23.56286178775314,8,-36.018957345971565,<80bp,0.0,neutral,1.2383612662942272,3,1.5129388619316424,9.910593095127304,80,NIGHTLY_20251106,weekly,WEEKLY_\NIGHTLY_20251106\RUN_refine_AM1015_j-cross,2025-10-01 01:19:00+00:00,True
8035.T,refine,j-cross,AM15,5,2.0,3.0,1.5,1.3824598780383983,7.00788582871992,2025-10-10 00:16:00+00:00,2025-10-10,SELL,64.40014163419269,8,-65.56825823806321,<80bp,-6.278688065627369,neutral,0.0,1,2.082278171821196,15.491387906719904,80,NIGHTLY_20251106,weekly,WEEKLY_\NIGHTLY_20251106\RUN_refine_AM1015_j-cross,2025-10-10 00:24:00+00:00,True
8035.T,refine,j-cross,AM15,5,2.0,3.0,1.5,1.3824598780383983,7.00788582871992,2025-10-15 00:33:00+00:00,2025-10-15,BUY,27.16215454765271,25,22.915564956812972,<80bp,-17.894223583501123,down,0.6746476481575819,1,1.991743864043762,1.991743864043762,80,NIGHTLY_20251106,weekly,WEEKLY_\NIGHTLY_20251106\RUN_refine_AM1015_j-cross,2025-10-15 00:58:00+00:00,True
8035.T,refine,j-cross,AM15,5,2.0,3.0,1.5,1.3824598780383983,7.00788582871992,2025-10-15 00:38:00+00:00,2025-10-15,BUY,30.012779482884845,12,22.915564956812972,<80bp,-0.7341547082728717,neutral,0.937009247949747,2,2.136136105702144,2.136136105702144,80,NIGHTLY_20251106,weekly,WEEKLY_\NIGHTLY_20251106\RUN_refine_AM1015_j-cross,2025-10-15 00:50:00+00:00,True
8035.T,refine,j-cross,AM15,5,2.0,3.0,1.5,1.3824598780383983,7.00788582871992,2025-10-15 01:07:00+00:00,2025-10-15,BUY,18.74056055317234,7,22.915564956812972,<80bp,-16.12903759247275,down,1.7253299811439349,3,1.8968511067383969,3.055337330356507,80,NIGHTLY_20251106,weekly,WEEKLY_\NIGHTLY_20251106\RUN_refine_AM1015_j-cross,2025-10-15 01:14:00+00:00,True
8035.T,refine,j-cross,AM15,5,2.0,3.0,1.5,1.3824598780383983,7.00788582871992,2025-10-15 01:09:00+00:00,2025-10-15,BUY,17.301969453499616,5,22.915564956812972,<80bp,-17.583100105291738,down,0.4772953264832615,4,2.0060896974354847,3.055337330356507,80,NIGHTLY_20251106,weekly,WEEKLY_\NIGHTLY_20251106\RUN_refine_AM1015_j-cross,2025-10-15 01:14:00+00:00,True
8411.T,refine,j-cross,AM15,3,1.5,3.0,1.2,999.0,21.352033409643077,2025-09-25 00:09:00+00:00,2025-09-25,SELL,57.589993762792034,10,-1.9956096587507484,<80bp,0.0,neutral,0.0,1,1.239862706394186,9.979942715703304,84,NIGHTLY_20251106,weekly,WEEKLY_\NIGHTLY_20251106\RUN_refine_AM1030_j-cross,2025-09-25 00:19:00+00:00,True
8411.T,refine,j-cross,AM15,3,1.5,3.0,1.2,999.0,21.352033409643077,2025-09-25 00:12:00+00:00,2025-09-25,SELL,35.90450707297104,6,-1.9956096587507484,<80bp,0.0,neutral,0.0,2,1.3260376852807312,9.979942715703304,84,NIGHTLY_20251106,weekly,WEEKLY_\NIGHTLY_20251106\RUN_refine_AM1030_j-cross,2025-09-25 00:18:00+00:00,True
8411.T,refine,j-cross,AM15,3,1.5,3.0,1.2,999.0,21.352033409643077,2025-09-25 00:25:00+00:00,2025-09-25,SELL,13.578604771232897,6,-1.9956096587507484,<80bp,0.0,neutral,0.2159119610319321,3,1.4660271651343586,9.979942715703304,84,NIGHTLY_20251106,weekly,WEEKLY_\NIGHTLY_20251106\RUN_refine_AM1030_j-cross,2025-09-25 00:31:00+00:00,True
8411.T,refine,j-cross,AM15,3,1.5,3.0,1.2,999.0,21.352033409643077,2025-09-25 00:27:00+00:00,2025-09-25,SELL,9.597839299978084,4,-1.9956096587507484,<80bp,0.0,neutral,0.2137079608343976,4,1.233952877329627,9.979942715703304,84,NIGHTLY_20251106,weekly,WEEKLY_\NIGHTLY_20251106\RUN_refine_AM1030_j-cross,2025-09-25 00:31:00+00:00,True
8411.T,refine,j-cross,AM15,3,1.5,3.0,1.2,999.0,21.352033409643077,2025-09-25 00:37:00+00:00,2025-09-25,SELL,10.681144625644176,8,-1.9956096587507484,<80bp,0.0,neutral,1.2360227077240666,5,1.6227935495121852,9.979942715703304,84,NIGHTLY_20251106,weekly,WEEKLY_\NIGHTLY_20251106\RUN_refine_AM1030_j-cross,2025-09-25 00:45:00+00:00,True
8411.T,refine,j-cross,AM15,3,1.5,3.0,1.2,999.0,21.352033409643077,2025-09-25 00:47:00+00:00,2025-09-25,BUY,15.665374835985638,42,-1.9956096587507484,<80bp,0.0,neutral,1.318003913894325,1,1.605061831807527,9.979942715703304,84,NIGHTLY_20251106,weekly,WEEKLY_\NIGHTLY_20251106\RUN_refine_AM1030_j-cross,2025-09-25 01:29:00+00:00,True
8411.T,refine,j-cross,AM15,3,1.5,3.0,1.2,999.0,21.352033409643077,2025-09-25 01:30:00+00:00,2025-09-25,SELL,6.446769498897652,7,-1.9956096587507484,<80bp,0.0,neutral,1.1014312383322962,6,1.87084569386575,9.979942715703304,84,NIGHTLY_20251106,weekly,WEEKLY_\NIGHTLY_20251106\RUN_refine_AM1030_j-cross,2025-09-25 01:37:00+00:00,True
5016.T,refine,j-cross,AM15,5,1.5,3.0,1.8,3.2611372140804047,31.693729434924617,2025-09-26 00:16:00+00:00,2025-09-26,SELL,69.6463849212468,1,-40.73872895165671,<80bp,0.0,neutral,0.0,1,2.106396470753725,20.721694896818786,50,NIGHTLY_20251106,weekly,WEEKLY_\NIGHTLY_20251106\RUN_refine_AM1030_j-cross,2025-09-26 00:17:00+00:00,True
5016.T,refine,j-cross,AM15,5,1.5,3.0,1.8,3.2611372140804047,31.693729434924617,2025-09-26 01:09:00+00:00,2025-09-26,SELL,-88.94524326835632,9,-40.73872895165671,<80bp,0.0,neutral,0.5121123820293133,2,1.8281854216410145,20.721694896818786,50,NIGHTLY_20251106,weekly,WEEKLY_\NIGHTLY_20251106\RUN_refine_AM1030_j-cross,2025-09-26 01:18:00+00:00,False
5016.T,refine,j-cross,AM15,5,1.5,3.0,1.8,3.2611372140804047,31.693729434924617,2025-09-26 01:12:00+00:00,2025-09-26,SELL,42.58394768453278,79,-40.73872895165671,<80bp,0.0,neutral,1.5863160457755052,3,1.9660576208569107,20.721694896818786,50,NIGHTLY_20251106,weekly,WEEKLY_\NIGHTLY_20251106\RUN_refine_AM1030_j-cross,2025-09-26 02:31:00+00:00,True
5016.T,refine,j-cross,AM15,5,1.5,3.0,1.8,3.2611372140804047,31.693729434924617,2025-09-26 01:16:00+00:00,2025-09-26,SELL,43.95465530291905,75,-40.73872895165671,<80bp,0.0,neutral,0.4292011445363854,4,2.017270838960382,20.721694896818786,50,NIGHTLY_20251106,weekly,WEEKLY_\NIGHTLY_20251106\RUN_refine_AM1030_j-cross,2025-09-26 02:31:00+00:00,True
5016.T,refine,j-cross,AM15,5,1.5,3.0,1.8,3.2611372140804047,31.693729434924617,2025-09-29 00:40:00+00:00,2025-09-29,BUY,42.67830443500189,4,72.7069351230425,<80bp,0.0,neutral,0.8588644403141675,1,2.121634488831542,2.121634488831542,50,NIGHTLY_20251106,weekly,WEEKLY_\NIGHTLY_20251106\RUN_refine_AM1030_j-cross,2025-09-29 00:44:00+00:00,True
5016.T,refine,j-cross,AM15,5,1.5,3.0,1.8,3.2611372140804047,31.693729434924617,2025-10-01 00:13:00+00:00,2025-10-01,BUY,58.30444023752989,20,-28.140189306728065,<80bp,0.0,neutral,0.0,1,2.006317057751021,22.12309484860876,50,NIGHTLY_20251106,weekly,WEEKLY_\NIGHTLY_20251106\RUN_refine_AM1030_j-cross,2025-10-01 00:33:00+00:00,True
5016.T,refine,j-cross,AM15,5,1.5,3.0,1.8,3.2611372140804047,31.693729434924617,2025-10-01 00:18:00+00:00,2025-10-01,BUY,66.20688757147718,12,-28.140189306728065,<80bp,0.0,neutral,0.0,2,1.982902859856706,22.12309484860876,50,NIGHTLY_20251106,weekly,WEEKLY_\NIGHTLY_20251106\RUN_refine_AM1030_j-cross,2025-10-01 00:30:00+00:00,True
5016.T,refine,j-cross,AM15,5,1.5,3.0,1.8,3.2611372140804047,31.693729434924617,2025-10-01 00:23:00+00:00,2025-10-01,BUY,64.59785816500492,6,-28.140189306728065,<80bp,0.0,neutral,0.84408839143684,3,2.4427178712857365,22.12309484860876,50,NIGHTLY_20251106,weekly,WEEKLY_\NIGHTLY_20251106\RUN_refine_AM1030_j-cross,2025-10-01 00:29:00+00:00,True
5016.T,refine,j-cross,AM15,5,1.5,3.0,1.8,3.2611372140804047,31.693729434924617,2025-10-01 00:33:00+00:00,2025-10-01,SELL,56.20450115663817,52,-28.140189306728065,<80bp,0.0,neutral,1.4335244770096631,1,2.303208793195663,22.12309484860876,50,NIGHTLY_20251106,weekly,WEEKLY_\NIGHTLY_20251106\RUN_refine_AM1030_j-cross,2025-10-01 01:25:00+00:00,True
5016.T,refine,j-cross,AM15,5,1.5,3.0,1.8,3.2611372140804047,31.693729434924617,2025-10-01 00:35:00+00:00,2025-10-01,SELL,64.85656204353776,3,-28.140189306728065,<80bp,0.0,neutral,1.5282131661442004,2,2.623726538127233,22.12309484860876,50,NIGHTLY_20251106,weekly,WEEKLY_\NIGHTLY_20251106\RUN_refine_AM1030_j-cross,2025-10-01 00:38:00+00:00,True
5016.T,refine,j-cross,AM15,5,1.5,3.0,1.8,3.2611372140804047,31.693729434924617,2025-10-01 00:41:00+00:00,2025-10-01,SELL,53.36638452059066,35,-28.140189306728065,<80bp,0.0,neutral,0.919020760544234,3,2.566296728907401,22.12309484860876,50,NIGHTLY_20251106,weekly,WEEKLY_\NIGHTLY_20251106\RUN_refine_AM1030_j-cross,2025-10-01 01:16:00+00:00,True
5016.T,refine,j-cross,AM15,5,1.5,3.0,1.8,3.2611372140804047,31.693729434924617,2025-10-01 01:01:00+00:00,2025-10-01,SELL,34.63401157587168,21,-28.140189306728065,<80bp,0.0,neutral,0.6230676899574438,4,1.9476990754832144,22.12309484860876,50,NIGHTLY_20251106,weekly,WEEKLY_\NIGHTLY_20251106\RUN_refine_AM1030_j-cross,2025-10-01 01:22:00+00:00,True
5016.T,refine,j-cross,AM15,5,1.5,3.0,1.8,3.2611372140804047,31.693729434924617,2025-10-01 01:30:00+00:00,2025-10-01,SELL,25.56410593682027,3,-28.140189306728065,<80bp,0.0,neutral,1.2025077940319984,5,2.4266905869544697,22.12309484860876,50,NIGHTLY_20251106,weekly,WEEKLY_\NIGHTLY_20251106\RUN_refine_AM1030_j-cross,2025-10-01 01:33:00+00:00,True
5016.T,refine,j-cross,AM15,5,1.5,3.0,1.8,3.2611372140804047,31.693729434924617,2025-10-14 00:15:00+00:00,2025-10-14,SELL,95.57506801011829,15,-66.2251655629139,<80bp,33.20901565934342,up,2.055789225747838,1,2.0793154317112488,17.77763021961401,50,NIGHTLY_20251106,weekly,WEEKLY_\NIGHTLY_20251106\RUN_refine_AM1030_j-cross,2025-10-14 00:30:00+00:00,True
5016.T,refine,j-cross,AM15,5,1.5,3.0,1.8,3.2611372140804047,31.693729434924617,2025-10-14 00:19:00+00:00,2025-10-14,SELL,86.884872693373,11,-66.2251655629139,<80bp,61.26054453340801,up,0.8846368244338143,2,2.015516743860354,17.77763021961401,50,NIGHTLY_20251106,weekly,WEEKLY_\NIGHTLY_20251106\RUN_refine_AM1030_j-cross,2025-10-14 00:30:00+00:00,True
5016.T,refine,j-cross,AM15,5,1.5,3.0,1.8,3.2611372140804047,31.693729434924617,2025-10-17 00:42:00+00:00,2025-10-17,SELL,17.73012327499929,7,21.903139449987837,<80bp,6.118935427859018,neutral,0.5269334585142589,1,1.9597773672876584,9.105334744970344,50,NIGHTLY_20251106,weekly,WEEKLY_\NIGHTLY_20251106\RUN_refine_AM1030_j-cross,2025-10-17 00:49:00+00:00,True
5016.T,refine,j-cross,AM15,5,1.5,3.0,1.8,3.2611372140804047,31.693729434924617,2025-10-17 01:07:00+00:00,2025-10-17,SELL,-68.62045319310337,14,21.903139449987837,<80bp,12.088966581560443,neutral,0.9831622176591376,2,2.3921306756942635,9.105334744970344,50,NIGHTLY_20251106,weekly,WEEKLY_\NIGHTLY_20251106\RUN_refine_AM1030_j-cross,2025-10-17 01:21:00+00:00,False
5016.T,refine,j-cross,AM15,5,1.5,3.0,1.8,3.2611372140804047,31.693729434924617,2025-10-17 01:13:00+00:00,2025-10-17,SELL,-94.7352812395588,9,21.903139449987837,<80bp,2.62138092719022,neutral,0.678635953026197,3,2.014587557491465,9.105334744970344,50,NIGHTLY_20251106,weekly,WEEKLY_\NIGHTLY_20251106\RUN_refine_AM1030_j-cross,2025-10-17 01:22:00+00:00,False
5801.T,refine,j-cross,AM15,5,1.6,2.6,1.75,0.3913686770664003,-23.03721415432466,2025-09-26 00:14:00+00:00,2025-09-26,BUY,-82.62288610303055,3,56.54632448890822,<80bp,0.0,neutral,0.0,1,1.7508889969280217,26.61102150435626,58,NIGHTLY_20251106,weekly,WEEKLY_\NIGHTLY_20251106\RUN_refine_AM1030_j-cross,2025-09-26 00:17:00+00:00,False
5801.T,refine,j-cross,AM15,5,1.6,2.6,1.75,0.3913686770664003,-23.03721415432466,2025-09-26 00:24:00+00:00,2025-09-26,BUY,63.08074546498476,6,56.54632448890822,<80bp,0.0,neutral,1.0124826629681,2,2.1065629553739758,26.61102150435626,58,NIGHTLY_20251106,weekly,WEEKLY_\NIGHTLY_20251106\RUN_refine_AM1030_j-cross,2025-09-26 00:30:00+00:00,True
5801.T,refine,j-cross,AM15,5,1.6,2.6,1.75,0.3913686770664003,-23.03721415432466,2025-09-26 00:47:00+00:00,2025-09-26,BUY,22.206815355516664,46,56.54632448890822,<80bp,0.0,neutral,0.2598380719261909,3,1.9418552592671023,26.61102150435626,58,NIGHTLY_20251106,weekly,WEEKLY_\NIGHTLY_20251106\RUN_refine_AM1030_j-cross,2025-09-26 01:33:00+00:00,True
5801.T,refine,j-cross,AM15,5,1.6,2.6,1.75,0.3913686770664003,-23.03721415432466,2025-09-26 00:57:00+00:00,2025-09-26,BUY,16.84457151377511,35,56.54632448890822,<80bp,0.0,neutral,0.3036605657237937,4,1.7662363703407096,26.61102150435626,58,NIGHTLY_20251106,weekly,WEEKLY_\NIGHTLY_20251106\RUN_refine_AM1030_j-cross,2025-09-26 01:32:00+00:00,True
5801.T,refine,j-cross,AM15,5,1.6,2.6,1.75,0.3913686770664003,-23.03721415432466,2025-09-26 01:07:00+00:00,2025-09-26,BUY,24.951821509498743,3,56.54632448890822,<80bp,0.0,neutral,1.005016123253314,5,2.4918724964091634,26.61102150435626,58,NIGHTLY_20251106,weekly,WEEKLY_\NIGHTLY_20251106\RUN_refine_AM1030_j-cross,2025-09-26 01:10:00+00:00,True
5801.T,refine,j-cross,AM15,5,1.6,2.6,1.75,0.3913686770664003,-23.03721415432466,2025-09-26 01:16:00+00:00,2025-09-26,BUY,18.46706814533719,12,56.54632448890822,<80bp,0.0,neutral,1.0248262164846078,6,1.9855163346058813,26.61102150435626,58,NIGHTLY_20251106,weekly,WEEKLY_\NIGHTLY_20251106\RUN_refine_AM1030_j-cross,2025-09-26 01:28:00+00:00,True
5801.T,refine,j-cross,AM15,5,1.6,2.6,1.75,0.3913686770664003,-23.03721415432466,2025-09-26 01:25:00+00:00,2025-09-26,BUY,8.900730747718086,3,56.54632448890822,<80bp,0.0,neutral,0.7144706186901373,7,2.315105441240242,26.61102150435626,58,NIGHTLY_20251106,weekly,WEEKLY_\NIGHTLY_20251106\RUN_refine_AM1030_j-cross,2025-09-26 01:28:00+00:00,True
5801.T,refine,j-cross,AM15,5,1.6,2.6,1.75,0.3913686770664003,-23.03721415432466,2025-10-10 00:39:00+00:00,2025-10-10,BUY,-77.81435845266527,7,-29.52856124630893,<80bp,-25.866091040220866,down,0.6167989970748015,1,1.947846686353205,12.319336254670674,58,NIGHTLY_20251106,weekly,WEEKLY_\NIGHTLY_20251106\RUN_refine_AM1030_j-cross,2025-10-10 00:46:00+00:00,False
5801.T,refine,j-cross,AM15,5,1.6,2.6,1.75,0.3913686770664003,-23.03721415432466,2025-10-15 00:25:00+00:00,2025-10-15,SELL,-105.3405856791064,104,32.71660649819495,<80bp,12.816856100690275,neutral,1.595196859485048,1,2.158269346327037,2.158269346327037,58,NIGHTLY_20251106,weekly,WEEKLY_\NIGHTLY_20251106\RUN_refine_AM1030_j-cross,2025-10-15 02:09:00+00:00,False
5801.T,refine,j-cross,AM15,5,1.6,2.6,1.75,0.3913686770664003,-23.03721415432466,2025-10-15 00:34:00+00:00,2025-10-15,SELL,43.65222671493442,6,32.71660649819495,<80bp,-12.390788808002153,neutral,0.6189442031406616,2,1.7866008898528334,2.675306329408437,58,NIGHTLY_20251106,weekly,WEEKLY_\NIGHTLY_20251106\RUN_refine_AM1030_j-cross,2025-10-15 00:40:00+00:00,True
5801.T,refine,j-cross,AM15,5,1.6,2.6,1.75,0.3913686770664003,-23.03721415432466,2025-10-15 00:37:00+00:00,2025-10-15,SELL,38.914226799365366,3,32.71660649819495,<80bp,10.099029446504204,neutral,0.4252646689395298,3,2.000047481427904,2.675306329408437,58,NIGHTLY_20251106,weekly,WEEKLY_\NIGHTLY_20251106\RUN_refine_AM1030_j-cross,2025-10-15 00:40:00+00:00,True
5801.T,refine,j-cross,AM15,5,1.6,2.6,1.75,0.3913686770664003,-23.03721415432466,2025-10-15 00:43:00+00:00,2025-10-15,SELL,-80.68167498716332,53,32.71660649819495,<80bp,6.319497589168943,neutral,0.815737975074673,4,2.2588379889413868,2.675306329408437,58,NIGHTLY_20251106,weekly,WEEKLY_\NIGHTLY_20251106\RUN_refine_AM1030_j-cross,2025-10-15 01:36:00+00:00,False
5801.T,refine,j-cross,AM15,5,1.6,2.6,1.75,0.3913686770664003,-23.03721415432466,2025-10-15 00:45:00+00:00,2025-10-15,SELL,-77.48897654750895,51,32.71660649819495,<80bp,28.172261269214797,up,0.7540949830019573,5,2.0286769896832504,2.675306329408437,58,NIGHTLY_20251106,weekly,WEEKLY_\NIGHTLY_20251106\RUN_refine_AM1030_j-cross,2025-10-15 01:36:00+00:00,False
5801.T,refine,j-cross,AM15,5,1.6,2.6,1.75,0.3913686770664003,-23.03721415432466,2025-10-15 00:55:00+00:00,2025-10-15,SELL,-68.15253027249365,40,32.71660649819495,<80bp,-7.212140005792289,neutral,0.8354430379746836,6,2.021594254065473,3.518860068153914,58,NIGHTLY_20251106,weekly,WEEKLY_\NIGHTLY_20251106\RUN_refine_AM1030_j-cross,2025-10-15 01:35:00+00:00,False
5801.T,refine,j-cross,AM15,5,1.6,2.6,1.75,0.3913686770664003,-23.03721415432466,2025-10-15 01:11:00+00:00,2025-10-15,SELL,-56.22142872465346,21,32.71660649819495,<80bp,-6.1960267978156125,neutral,0.624899855792341,7,2.391584484517417,3.518860068153914,58,NIGHTLY_20251106,weekly,WEEKLY_\NIGHTLY_20251106\RUN_refine_AM1030_j-cross,2025-10-15 01:32:00+00:00,False
5801.T,refine,j-cross,AM15,5,1.6,2.6,1.75,0.3913686770664003,-23.03721415432466,2025-10-15 01:13:00+00:00,2025-10-15,SELL,-57.29119195370326,6,32.71660649819495,<80bp,0.6143033497818529,neutral,0.7680872150644202,8,1.8583066723848989,3.518860068153914,58,NIGHTLY_20251106,weekly,WEEKLY_\NIGHTLY_20251106\RUN_refine_AM1030_j-cross,2025-10-15 01:19:00+00:00,False
8035.T,refine,j-cross,AM15,5,2.0,3.0,1.5,1.4090057731632333,6.781993832947567,2025-09-24 00:15:00+00:00,2025-09-24,BUY,56.35689841661693,5,-24.376523532720796,<80bp,0.0,neutral,0.0,1,1.5566430513363558,1.5566430513363558,80,NIGHTLY_20251106,weekly,WEEKLY_\NIGHTLY_20251106\RUN_refine_AM1030_j-cross,2025-09-24 00:20:00+00:00,True
8035.T,refine,j-cross,AM15,5,2.0,3.0,1.5,1.4090057731632333,6.781993832947567,2025-09-24 00:22:00+00:00,2025-09-24,SELL,45.3518755153561,38,-24.376523532720796,<80bp,0.0,neutral,0.4254235280180073,1,1.672746518992536,1.672746518992536,80,NIGHTLY_20251106,weekly,WEEKLY_\NIGHTLY_20251106\RUN_refine_AM1030_j-cross,2025-09-24 01:00:00+00:00,True
8035.T,refine,j-cross,AM15,5,2.0,3.0,1.5,1.4090057731632333,6.781993832947567,2025-09-24 00:25:00+00:00,2025-09-24,SELL,53.15202339265733,13,-24.376523532720796,<80bp,0.0,neutral,1.6288923191568638,2,2.550562045410261,2.550562045410261,80,NIGHTLY_20251106,weekly,WEEKLY_\NIGHTLY_20251106\RUN_refine_AM1030_j-cross,2025-09-24 00:38:00+00:00,True
8035.T,refine,j-cross,AM15,5,2.0,3.0,1.5,1.4090057731632333,6.781993832947567,2025-09-24 00:35:00+00:00,2025-09-24,SELL,40.60142934132401,3,-24.376523532720796,<80bp,0.0,neutral,0.8128667680938926,3,1.7829537460409983,4.019537508306096,80,NIGHTLY_20251106,weekly,WEEKLY_\NIGHTLY_20251106\RUN_refine_AM1030_j-cross,2025-09-24 00:38:00+00:00,True
8035.T,refine,j-cross,AM15,5,2.0,3.0,1.5,1.4090057731632333,6.781993832947567,2025-09-24 01:00:00+00:00,2025-09-24,BUY,22.961025107113183,5,-24.376523532720796,<80bp,0.0,neutral,1.7303267372296365,2,2.038058455879553,4.019537508306096,80,NIGHTLY_20251106,weekly,WEEKLY_\NIGHTLY_20251106\RUN_refine_AM1030_j-cross,2025-09-24 01:05:00+00:00,True
8035.T,refine,j-cross,AM15,5,2.0,3.0,1.5,1.4090057731632333,6.781993832947567,2025-09-24 01:07:00+00:00,2025-09-24,SELL,19.923822292502745,2,-24.376523532720796,<80bp,0.0,neutral,0.7431307243963363,4,1.583932494503112,4.019537508306096,80,NIGHTLY_20251106,weekly,WEEKLY_\NIGHTLY_20251106\RUN_refine_AM1030_j-cross,2025-09-24 01:09:00+00:00,True
8035.T,refine,j-cross,AM15,5,2.0,3.0,1.5,1.4090057731632333,6.781993832947567,2025-09-24 01:17:00+00:00,2025-09-24,BUY,-62.91773002628865,23,-24.376523532720796,<80bp,0.0,neutral,1.7891642167156656,3,2.292585640589988,4.019537508306096,80,NIGHTLY_20251106,weekly,WEEKLY_\NIGHTLY_20251106\RUN_refine_AM1030_j-cross,2025-09-24 01:40:00+00:00,False
8035.T,refine,j-cross,AM15,5,2.0,3.0,1.5,1.4090057731632333,6.781993832947567,2025-09-25 00:40:00+00:00,2025-09-25,SELL,-69.9457121139655,114,-64.14956011730206,<80bp,0.0,neutral,0.8921671935370565,1,2.039848394835758,18.051601962103323,80,NIGHTLY_20251106,weekly,WEEKLY_\NIGHTLY_20251106\RUN_refine_AM1030_j-cross,2025-09-25 02:34:00+00:00,False
8035.T,refine,j-cross,AM15,5,2.0,3.0,1.5,1.4090057731632333,6.781993832947567,2025-09-25 00:51:00+00:00,2025-09-25,SELL,-60.77596275862508,55,-64.14956011730206,<80bp,0.0,neutral,1.0906958561376074,2,1.8219445055588848,18.051601962103323,80,NIGHTLY_20251106,weekly,WEEKLY_\NIGHTLY_20251106\RUN_refine_AM1030_j-cross,2025-09-25 01:46:00+00:00,False
8035.T,refine,j-cross,AM15,5,2.0,3.0,1.5,1.4090057731632333,6.781993832947567,2025-09-25 00:54:00+00:00,2025-09-25,SELL,-55.41763361693877,52,-64.14956011730206,<80bp,0.0,neutral,0.4127682993946064,3,2.1359728781906275,18.051601962103323,80,NIGHTLY_20251106,weekly,WEEKLY_\NIGHTLY_20251106\RUN_refine_AM1030_j-cross,2025-09-25 01:46:00+00:00,False
8035.T,refine,j-cross,AM15,5,2.0,3.0,1.5,1.4090057731632333,6.781993832947567,2025-09-25 01:08:00+00:00,2025-09-25,SELL,-58.26853749556541,38,-64.14956011730206,<80bp,0.0,neutral,1.1571565189671662,4,1.735644025205608,18.051601962103323,80,NIGHTLY_20251106,weekly,WEEKLY_\NIGHTLY_20251106\RUN_refine_AM1030_j-cross,2025-09-25 01:46:00+00:00,False
8035.T,refine,j-cross,AM15,5,2.0,3.0,1.5,1.4090057731632333,6.781993832947567,2025-09-25 01:13:00+00:00,2025-09-25,SELL,-60.70995010075282,81,-64.14956011730206,<80bp,0.0,neutral,0.5518763796909493,5,1.7519400793772708,18.051601962103323,80,NIGHTLY_20251106,weekly,WEEKLY_\NIGHTLY_20251106\RUN_refine_AM1030_j-cross,2025-09-25 02:34:00+00:00,False
8035.T,refine,j-cross,AM15,5,2.0,3.0,1.5,1.4090057731632333,6.781993832947567,2025-10-01 00:10:00+00:00,2025-10-01,BUY,-79.66923872135162,11,-36.018957345971565,<80bp,0.0,neutral,0.0,1,1.631242889324264,9.910593095127304,80,NIGHTLY_20251106,weekly,WEEKLY_\NIGHTLY_20251106\RUN_refine_AM1030_j-cross,2025-10-01 00:21:00+00:00,False
8035.T,refine,j-cross,AM15,5,2.0,3.0,1.5,1.4090057731632333,6.781993832947567,2025-10-01 00:18:00+00:00,2025-10-01,BUY,45.71853186537769,15,-36.018957345971565,<80bp,0.0,neutral,0.0,2,1.99985428844564,9.910593095127304,80,NIGHTLY_20251106,weekly,WEEKLY_\NIGHTLY_20251106\RUN_refine_AM1030_j-cross,2025-10-01 00:33:00+00:00,True
8035.T,refine,j-cross,AM15,5,2.0,3.0,1.5,1.4090057731632333,6.781993832947567,2025-10-01 00:40:00+00:00,2025-10-01,SELL,39.19584709407287,39,-36.018957345971565,<80bp,0.0,neutral,0.8496978851963746,1,2.2764763737696647,9.910593095127304,80,NIGHTLY_20251106,weekly,WEEKLY_\NIGHTLY_20251106\RUN_refine_AM1030_j-cross,2025-10-01 01:19:00+00:00,True
8035.T,refine,j-cross,AM15,5,2.0,3.0,1.5,1.4090057731632333,6.781993832947567,2025-10-01 01:01:00+00:00,2025-10-01,SELL,27.51071672614132,12,-36.018957345971565,<80bp,0.0,neutral,0.7530480516375806,2,2.1255191484772995,9.910593095127304,80,NIGHTLY_20251106,weekly,WEEKLY_\NIGHTLY_20251106\RUN_refine_AM1030_j-cross,2025-10-01 01:13:00+00:00,True
8035.T,refine,j-cross,AM15,5,2.0,3.0,1.5,1.4090057731632333,6.781993832947567,2025-10-01 01:11:00+00:00,2025-10-01,SELL,23.56286178775314,8,-36.018957345971565,<80bp,0.0,neutral,1.2383612662942272,3,1.5129388619316424,9.910593095127304,80,NIGHTLY_20251106,weekly,WEEKLY_\NIGHTLY_20251106\RUN_refine_AM1030_j-cross,2025-10-01 01:19:00+00:00,True
8035.T,refine,j-cross,AM15,5,2.0,3.0,1.5,1.4090057731632333,6.781993832947567,2025-10-01 01:21:00+00:00,2025-10-01,BUY,23.23188821970584,9,-36.018957345971565,<80bp,0.0,neutral,1.24828060522696,3,2.413154564923884,9.910593095127304,80,NIGHTLY_20251106,weekly,WEEKLY_\NIGHTLY_20251106\RUN_refine_AM1030_j-cross,2025-10-01 01:30:00+00:00,True
8035.T,refine,j-cross,AM15,5,2.0,3.0,1.5,1.4090057731632333,6.781993832947567,2025-10-01 01:24:00+00:00,2025-10-01,BUY,25.430987270553143,6,-36.018957345971565,<80bp,0.0,neutral,1.1304062909567496,4,2.3163163724117317,9.910593095127304,80,NIGHTLY_20251106,weekly,WEEKLY_\NIGHTLY_20251106\RUN_refine_AM1030_j-cross,2025-10-01 01:30:00+00:00,True
8035.T,refine,j-cross,AM15,5,2.0,3.0,1.5,1.4090057731632333,6.781993832947567,2025-10-01 01:27:00+00:00,2025-10-01,BUY,21.81349616366025,3,-36.018957345971565,<80bp,0.0,neutral,0.6884913938575768,5,2.1081822032230564,9.910593095127304,80,NIGHTLY_20251106,weekly,WEEKLY_\NIGHTLY_20251106\RUN_refine_AM1030_j-cross,2025-10-01 01:30:00+00:00,True
8035.T,refine,j-cross,AM15,5,2.0,3.0,1.5,1.4090057731632333,6.781993832947567,2025-10-10 00:16:00+00:00,2025-10-10,SELL,64.40014163419269,8,-65.56825823806321,<80bp,-6.278688065627369,neutral,0.0,1,2.082278171821196,15.491387906719904,80,NIGHTLY_20251106,weekly,WEEKLY_\NIGHTLY_20251106\RUN_refine_AM1030_j-cross,2025-10-10 00:24:00+00:00,True
8035.T,refine,j-cross,AM15,5,2.0,3.0,1.5,1.4090057731632333,6.781993832947567,2025-10-15 00:33:00+00:00,2025-10-15,BUY,27.16215454765271,25,22.915564956812972,<80bp,-17.894223583501123,down,0.6746476481575819,1,1.991743864043762,1.991743864043762,80,NIGHTLY_20251106,weekly,WEEKLY_\NIGHTLY_20251106\RUN_refine_AM1030_j-cross,2025-10-15 00:58:00+00:00,True
8035.T,refine,j-cross,AM15,5,2.0,3.0,1.5,1.4090057731632333,6.781993832947567,2025-10-15 00:38:00+00:00,2025-10-15,BUY,30.012779482884845,12,22.915564956812972,<80bp,-0.7341547082728717,neutral,0.937009247949747,2,2.136136105702144,2.136136105702144,80,NIGHTLY_20251106,weekly,WEEKLY_\NIGHTLY_20251106\RUN_refine_AM1030_j-cross,2025-10-15 00:50:00+00:00,True
8035.T,refine,j-cross,AM15,5,2.0,3.0,1.5,1.4090057731632333,6.781993832947567,2025-10-15 01:07:00+00:00,2025-10-15,BUY,18.74056055317234,7,22.915564956812972,<80bp,-16.12903759247275,down,1.7253299811439349,3,1.8968511067383969,3.055337330356507,80,NIGHTLY_20251106,weekly,WEEKLY_\NIGHTLY_20251106\RUN_refine_AM1030_j-cross,2025-10-15 01:14:00+00:00,True
8035.T,refine,j-cross,AM15,5,2.0,3.0,1.5,1.4090057731632333,6.781993832947567,2025-10-15 01:09:00+00:00,2025-10-15,BUY,17.301969453499616,5,22.915564956812972,<80bp,-17.583100105291738,down,0.4772953264832615,4,2.0060896974354847,3.055337330356507,80,NIGHTLY_20251106,weekly,WEEKLY_\NIGHTLY_20251106\RUN_refine_AM1030_j-cross,2025-10-15 01:14:00+00:00,True
8035.T,refine,j-cross,AM15,5,2.0,3.0,1.5,1.4090057731632333,6.781993832947567,2025-10-15 01:21:00+00:00,2025-10-15,SELL,17.930239154749444,20,22.915564956812972,<80bp,15.7917521239459,up,1.0833035395066142,1,1.6431367356476658,3.055337330356507,80,NIGHTLY_20251106,weekly,WEEKLY_\NIGHTLY_20251106\RUN_refine_AM1030_j-cross,2025-10-15 01:41:00+00:00,True
8035.T,refine,j-cross,AM15,5,2.0,3.0,1.5,1.4090057731632333,6.781993832947567,2025-10-15 01:26:00+00:00,2025-10-15,SELL,10.459350304085923,7,22.915564956812972,<80bp,2.1383826044063525,neutral,0.71849234393404,2,2.1396710302342594,3.055337330356507,80,NIGHTLY_20251106,weekly,WEEKLY_\NIGHTLY_20251106\RUN_refine_AM1030_j-cross,2025-10-15 01:33:00+00:00,True
