{"learning_rate": 0.04010823466752974, "num_leaves": 64, "min_data_in_leaf": 194, "feature_fraction": 0.6471311328727358, "bagging_fraction": 0.9659070572142014, "bagging_freq": 6, "lambda_l2": 0.9792750866839632, "num_boost_round": 532}